X,CH1,CH2,Start,Increment,
Sequence,Volt,Volt,-6.000000e-03,1.000000e-05
0,1.60e+00,7.80e+00,
1,8.00e-01,7.60e+00,
2,1.60e+00,7.80e+00,
3,8.00e-01,7.40e+00,
4,1.20e+00,7.80e+00,
5,8.00e-01,7.40e+00,
6,1.20e+00,7.80e+00,
7,8.00e-01,7.40e+00,
8,1.20e+00,7.80e+00,
9,4.00e-01,7.40e+00,
10,8.00e-01,7.80e+00,
11,4.00e-01,7.40e+00,
12,4.00e-01,7.80e+00,
13,8.00e-01,7.40e+00,
14,8.00e-01,7.80e+00,
15,0.00e+00,7.40e+00,
16,8.00e-01,7.80e+00,
17,0.00e+00,7.40e+00,
18,4.00e-01,7.40e+00,
19,0.00e+00,7.80e+00,
20,4.00e-01,7.80e+00,
21,0.00e+00,7.40e+00,
22,4.00e-01,7.40e+00,
23,-4.00e-01,7.80e+00,
24,4.00e-01,7.80e+00,
25,-4.00e-01,7.40e+00,
26,0.00e+00,7.80e+00,
27,-4.00e-01,7.60e+00,
28,0.00e+00,7.80e+00,
29,-4.00e-01,7.40e+00,
30,0.00e+00,7.80e+00,
31,-8.00e-01,7.40e+00,
32,-8.00e-01,7.80e+00,
33,-4.00e-01,7.40e+00,
34,-4.00e-01,7.80e+00,
35,-8.00e-01,7.40e+00,
36,-4.00e-01,7.80e+00,
37,-1.20e+00,7.60e+00,
38,-1.20e+00,7.80e+00,
39,-4.00e-01,7.40e+00,
40,-1.20e+00,7.80e+00,
41,-8.00e-01,7.40e+00,
42,-8.00e-01,7.80e+00,
43,-1.20e+00,7.40e+00,
44,-8.00e-01,7.80e+00,
45,-1.60e+00,7.40e+00,
46,-1.60e+00,7.80e+00,
47,-8.00e-01,7.60e+00,
48,-1.60e+00,7.80e+00,
49,-1.20e+00,7.40e+00,
50,-1.20e+00,7.80e+00,
51,-2.00e+00,7.40e+00,
52,-2.00e+00,7.80e+00,
53,-1.20e+00,7.40e+00,
54,-2.00e+00,7.80e+00,
55,-1.20e+00,7.40e+00,
56,-1.60e+00,7.80e+00,
57,-2.00e+00,7.40e+00,
58,-1.60e+00,7.80e+00,
59,-2.40e+00,7.60e+00,
60,-1.60e+00,7.80e+00,
61,-2.40e+00,7.40e+00,
62,-2.40e+00,7.80e+00,
63,-2.00e+00,7.40e+00,
64,-2.00e+00,7.80e+00,
65,-2.40e+00,7.60e+00,
66,-2.00e+00,7.60e+00,
67,-2.80e+00,7.80e+00,
68,-2.80e+00,7.80e+00,
69,-2.00e+00,7.60e+00,
70,-2.80e+00,7.80e+00,
71,-2.40e+00,7.60e+00,
72,-2.80e+00,7.80e+00,
73,-2.40e+00,7.60e+00,
74,-2.40e+00,7.80e+00,
75,-3.20e+00,7.60e+00,
76,-3.20e+00,7.80e+00,
77,-2.40e+00,7.60e+00,
78,-3.20e+00,7.80e+00,
79,-2.80e+00,7.60e+00,
80,-2.80e+00,7.80e+00,
81,-3.60e+00,7.60e+00,
82,-3.60e+00,7.80e+00,
83,-2.80e+00,7.60e+00,
84,-3.60e+00,7.80e+00,
85,-2.80e+00,7.60e+00,
86,-3.60e+00,7.80e+00,
87,-3.20e+00,7.60e+00,
88,-3.20e+00,7.80e+00,
89,-4.00e+00,7.60e+00,
90,-3.20e+00,7.80e+00,
91,-4.40e+00,7.40e+00,
92,-4.00e+00,7.80e+00,
93,-4.40e+00,7.60e+00,
94,-4.00e+00,7.80e+00,
95,-4.40e+00,7.80e+00,
96,-4.00e+00,7.80e+00,
97,-4.80e+00,7.80e+00,
98,-4.00e+00,7.80e+00,
99,-4.80e+00,7.60e+00,
100,-4.40e+00,7.80e+00,
101,-4.80e+00,7.60e+00,
102,-4.40e+00,7.80e+00,
103,-5.20e+00,7.60e+00,
104,-5.20e+00,7.80e+00,
105,-4.40e+00,7.60e+00,
106,-4.40e+00,7.80e+00,
107,-5.20e+00,7.60e+00,
108,-4.80e+00,7.80e+00,
109,-5.60e+00,-6.80e+00,
110,-5.20e+00,-6.40e+00,
111,-4.40e+00,-6.80e+00,
112,-5.20e+00,-6.40e+00,
113,-4.40e+00,-6.80e+00,
114,-4.40e+00,-6.40e+00,
115,-4.80e+00,-6.80e+00,
116,-4.80e+00,-6.40e+00,
117,-4.00e+00,-6.80e+00,
118,-4.00e+00,-6.80e+00,
119,-4.80e+00,-6.40e+00,
120,-4.00e+00,-6.40e+00,
121,-4.80e+00,-6.80e+00,
122,-4.00e+00,-6.40e+00,
123,-4.40e+00,-6.80e+00,
124,-4.40e+00,-6.40e+00,
125,-3.20e+00,-6.80e+00,
126,-3.20e+00,-6.40e+00,
127,-4.40e+00,-6.80e+00,
128,-3.60e+00,-6.40e+00,
129,-3.20e+00,-6.80e+00,
130,-3.60e+00,-6.40e+00,
131,-2.80e+00,-6.80e+00,
132,-3.60e+00,-6.40e+00,
133,-2.80e+00,-6.80e+00,
134,-3.20e+00,-6.40e+00,
135,-2.80e+00,-6.80e+00,
136,-3.20e+00,-6.40e+00,
137,-2.80e+00,-6.80e+00,
138,-3.20e+00,-6.40e+00,
139,-2.40e+00,-6.80e+00,
140,-3.20e+00,-6.40e+00,
141,-2.40e+00,-6.80e+00,
142,-2.80e+00,-6.80e+00,
143,-2.40e+00,-6.40e+00,
144,-2.80e+00,-6.40e+00,
145,-2.00e+00,-6.80e+00,
146,-2.80e+00,-6.40e+00,
147,-2.00e+00,-6.80e+00,
148,-2.40e+00,-6.40e+00,
149,-2.00e+00,-6.80e+00,
150,-2.00e+00,-6.80e+00,
151,-2.40e+00,-6.40e+00,
152,-1.60e+00,-6.80e+00,
153,-2.40e+00,-6.40e+00,
154,-2.40e+00,-6.40e+00,
155,-1.60e+00,-6.80e+00,
156,-1.60e+00,-6.80e+00,
157,-2.00e+00,-6.40e+00,
158,-2.00e+00,-6.80e+00,
159,-1.20e+00,-6.40e+00,
160,-2.00e+00,-6.40e+00,
161,-1.20e+00,-6.80e+00,
162,-1.60e+00,-6.40e+00,
163,-1.20e+00,-6.80e+00,
164,-1.20e+00,-6.40e+00,
165,-1.60e+00,-6.80e+00,
166,-1.60e+00,-6.80e+00,
167,-8.00e-01,-6.40e+00,
168,-1.60e+00,-6.80e+00,
169,-8.00e-01,-6.40e+00,
170,-8.00e-01,-6.40e+00,
171,-1.20e+00,-6.80e+00,
172,-1.20e+00,-6.80e+00,
173,-8.00e-01,-6.40e+00,
174,-1.20e+00,-6.40e+00,
175,-4.00e-01,-6.80e+00,
176,-8.00e-01,-6.80e+00,
177,-4.00e-01,-6.40e+00,
178,-8.00e-01,-6.80e+00,
179,-4.00e-01,-6.40e+00,
180,-8.00e-01,-6.80e+00,
181,0.00e+00,-6.40e+00,
182,-8.00e-01,-6.40e+00,
183,0.00e+00,-6.80e+00,
184,-4.00e-01,-6.80e+00,
185,0.00e+00,-6.40e+00,
186,-4.00e-01,-6.40e+00,
187,0.00e+00,-6.80e+00,
188,-4.00e-01,-6.80e+00,
189,4.00e-01,-6.40e+00,
190,-4.00e-01,-6.40e+00,
191,4.00e-01,-6.80e+00,
192,4.00e-01,-6.40e+00,
193,0.00e+00,-6.80e+00,
194,0.00e+00,-6.40e+00,
195,8.00e-01,-6.80e+00,
196,8.00e-01,-6.40e+00,
197,0.00e+00,-6.80e+00,
198,8.00e-01,-6.80e+00,
199,4.00e-01,-6.40e+00,
200,8.00e-01,-6.80e+00,
201,4.00e-01,-6.40e+00,
202,4.00e-01,-6.40e+00,
203,1.20e+00,-6.80e+00,
204,1.20e+00,-6.40e+00,
205,4.00e-01,-6.80e+00,
206,8.00e-01,-6.40e+00,
207,1.20e+00,-6.80e+00,
208,1.20e+00,-6.40e+00,
209,8.00e-01,-6.80e+00,
210,8.00e-01,-6.80e+00,
211,1.60e+00,-6.40e+00,
212,1.60e+00,-6.80e+00,
213,1.20e+00,-6.40e+00,
214,1.60e+00,-6.40e+00,
215,1.20e+00,-6.80e+00,
216,1.20e+00,-6.40e+00,
217,2.00e+00,-6.80e+00,
218,2.00e+00,-6.40e+00,
219,1.20e+00,-6.80e+00,
220,2.00e+00,-6.40e+00,
221,2.40e+00,-6.80e+00,
222,2.00e+00,-6.40e+00,
223,2.40e+00,-6.80e+00,
224,2.00e+00,-6.40e+00,
225,2.80e+00,-6.80e+00,
226,2.00e+00,-6.40e+00,
227,2.80e+00,-6.80e+00,
228,2.40e+00,-6.40e+00,
229,2.80e+00,-6.80e+00,
230,2.40e+00,-6.40e+00,
231,2.80e+00,-6.80e+00,
232,2.40e+00,-6.40e+00,
233,3.20e+00,-6.80e+00,
234,2.40e+00,-6.40e+00,
235,3.20e+00,-6.80e+00,
236,2.80e+00,-6.40e+00,
237,3.20e+00,-6.80e+00,
238,2.80e+00,-6.40e+00,
239,3.20e+00,-6.80e+00,
240,2.80e+00,-6.40e+00,
241,3.60e+00,-6.80e+00,
242,3.20e+00,-6.40e+00,
243,3.60e+00,-6.60e+00,
244,3.20e+00,-6.40e+00,
245,3.60e+00,-6.80e+00,
246,3.20e+00,-6.40e+00,
247,3.60e+00,-6.80e+00,
248,3.20e+00,-6.40e+00,
249,4.00e+00,-6.80e+00,
250,3.60e+00,-6.40e+00,
251,4.00e+00,-6.80e+00,
252,4.00e+00,-6.40e+00,
253,3.60e+00,-6.80e+00,
254,3.60e+00,-6.40e+00,
255,4.40e+00,-6.80e+00,
256,3.60e+00,-6.40e+00,
257,4.40e+00,-6.80e+00,
258,4.40e+00,-6.40e+00,
259,4.00e+00,-6.80e+00,
260,4.40e+00,-6.80e+00,
261,4.00e+00,-6.40e+00,
262,4.00e+00,-6.80e+00,
263,4.80e+00,-6.40e+00,
264,4.80e+00,-6.40e+00,
265,4.40e+00,-6.80e+00,
266,4.80e+00,-6.80e+00,
267,4.40e+00,-6.40e+00,
268,4.80e+00,-6.40e+00,
269,4.40e+00,-6.80e+00,
270,4.40e+00,-6.80e+00,
271,5.20e+00,-6.40e+00,
272,5.20e+00,-6.60e+00,
273,4.40e+00,7.80e+00,
274,5.20e+00,7.80e+00,
275,4.40e+00,7.40e+00,
276,4.40e+00,7.80e+00,
277,4.80e+00,7.40e+00,
278,4.80e+00,7.80e+00,
279,4.00e+00,7.40e+00,
280,4.00e+00,7.80e+00,
281,4.80e+00,7.40e+00,
282,4.00e+00,7.80e+00,
283,4.40e+00,7.40e+00,
284,4.00e+00,7.80e+00,
285,4.40e+00,7.40e+00,
286,4.40e+00,7.80e+00,
287,3.60e+00,7.40e+00,
288,4.00e+00,7.80e+00,
289,3.60e+00,7.60e+00,
290,4.00e+00,7.80e+00,
291,3.60e+00,7.40e+00,
292,4.00e+00,7.80e+00,
293,3.20e+00,7.40e+00,
294,4.00e+00,7.80e+00,
295,3.20e+00,7.40e+00,
296,3.20e+00,7.80e+00,
297,3.60e+00,7.40e+00,
298,3.60e+00,7.80e+00,
299,3.20e+00,7.40e+00,
300,3.60e+00,7.80e+00,
301,2.80e+00,7.60e+00,
302,2.80e+00,7.80e+00,
303,3.20e+00,7.40e+00,
304,2.80e+00,7.80e+00,
305,3.20e+00,7.40e+00,
306,3.20e+00,7.80e+00,
307,2.40e+00,7.60e+00,
308,2.40e+00,7.80e+00,
309,3.20e+00,7.40e+00,
310,2.40e+00,7.80e+00,
311,2.80e+00,7.40e+00,
312,2.40e+00,7.80e+00,
313,2.80e+00,7.40e+00,
314,2.80e+00,7.80e+00,
315,2.00e+00,7.40e+00,
316,2.00e+00,7.80e+00,
317,2.40e+00,7.40e+00,
318,2.00e+00,7.60e+00,
319,2.00e+00,7.80e+00,
320,2.40e+00,7.80e+00,
321,1.60e+00,7.40e+00,
322,2.40e+00,7.80e+00,
323,1.20e+00,7.40e+00,
324,1.60e+00,7.80e+00,
325,1.20e+00,7.40e+00,
326,1.20e+00,7.80e+00,
327,1.60e+00,7.40e+00,
328,1.60e+00,7.80e+00,
329,8.00e-01,7.40e+00,
330,1.60e+00,7.80e+00,
331,8.00e-01,7.40e+00,
332,1.20e+00,7.80e+00,
333,8.00e-01,7.40e+00,
334,1.20e+00,7.80e+00,
335,8.00e-01,7.40e+00,
336,1.20e+00,7.80e+00,
337,4.00e-01,7.40e+00,
338,8.00e-01,7.40e+00,
339,4.00e-01,7.80e+00,
340,8.00e-01,7.80e+00,
341,4.00e-01,7.60e+00,
342,8.00e-01,7.80e+00,
343,0.00e+00,7.60e+00,
344,8.00e-01,7.80e+00,
345,0.00e+00,7.40e+00,
346,4.00e-01,7.80e+00,
347,0.00e+00,7.60e+00,
348,4.00e-01,7.60e+00,
349,0.00e+00,7.80e+00,
350,4.00e-01,7.80e+00,
351,-4.00e-01,7.40e+00,
352,0.00e+00,7.80e+00,
353,-4.00e-01,7.40e+00,
354,0.00e+00,7.80e+00,
355,-4.00e-01,7.40e+00,
356,0.00e+00,7.80e+00,
357,-8.00e-01,7.40e+00,
358,-8.00e-01,7.80e+00,
359,0.00e+00,7.40e+00,
360,-8.00e-01,7.60e+00,
361,-4.00e-01,7.80e+00,
362,-4.00e-01,7.80e+00,
363,-8.00e-01,7.40e+00,
364,-4.00e-01,7.80e+00,
365,-1.20e+00,7.40e+00,
366,-4.00e-01,7.80e+00,
367,-1.20e+00,7.40e+00,
368,-1.20e+00,7.80e+00,
369,-8.00e-01,7.60e+00,
370,-8.00e-01,7.80e+00,
371,-1.20e+00,7.60e+00,
372,-8.00e-01,7.80e+00,
373,-1.60e+00,7.40e+00,
374,-8.00e-01,7.80e+00,
375,-1.60e+00,7.60e+00,
376,-1.60e+00,7.80e+00,
377,-1.20e+00,7.60e+00,
378,-1.20e+00,7.80e+00,
379,-2.00e+00,7.40e+00,
380,-2.00e+00,7.80e+00,
381,-1.20e+00,7.40e+00,
382,-1.60e+00,7.80e+00,
383,-2.00e+00,7.40e+00,
384,-2.00e+00,7.80e+00,
385,-1.60e+00,7.60e+00,
386,-1.60e+00,7.80e+00,
387,-2.40e+00,7.40e+00,
388,-1.60e+00,7.80e+00,
389,-2.40e+00,7.40e+00,
390,-2.00e+00,7.80e+00,
391,-2.40e+00,7.60e+00,
392,-2.40e+00,7.60e+00,
393,-2.00e+00,7.80e+00,
394,-2.00e+00,7.80e+00,
395,-2.80e+00,7.60e+00,
396,-2.80e+00,7.80e+00,
397,-2.00e+00,7.60e+00,
398,-2.80e+00,7.80e+00,
399,-2.40e+00,7.60e+00,
400,-2.40e+00,7.80e+00,
401,-3.20e+00,7.40e+00,
402,-3.20e+00,7.60e+00,
403,-2.40e+00,7.80e+00,
404,-3.20e+00,7.80e+00,
405,-2.40e+00,7.60e+00,
406,-3.20e+00,7.80e+00,
407,-2.80e+00,7.60e+00,
408,-2.80e+00,7.80e+00,
409,-3.60e+00,7.40e+00,
410,-3.60e+00,7.80e+00,
411,-2.80e+00,7.40e+00,
412,-3.60e+00,7.80e+00,
413,-3.20e+00,7.60e+00,
414,-3.60e+00,7.80e+00,
415,-3.20e+00,7.60e+00,
416,-3.20e+00,7.80e+00,
417,-4.40e+00,7.60e+00,
418,-3.20e+00,7.60e+00,
419,-4.40e+00,7.80e+00,
420,-4.40e+00,7.80e+00,
421,-4.00e+00,7.60e+00,
422,-4.00e+00,7.80e+00,
423,-4.40e+00,7.80e+00,
424,-4.80e+00,7.80e+00,
425,-4.00e+00,7.60e+00,
426,-4.00e+00,7.80e+00,
427,-4.80e+00,7.60e+00,
428,-4.40e+00,7.80e+00,
429,-4.80e+00,7.60e+00,
430,-4.40e+00,7.80e+00,
431,-5.20e+00,7.80e+00,
432,-5.20e+00,7.80e+00,
433,-4.40e+00,7.80e+00,
434,-4.40e+00,7.80e+00,
435,-5.20e+00,7.80e+00,
436,-4.80e+00,7.80e+00,
437,-5.20e+00,-6.80e+00,
438,-5.20e+00,-6.40e+00,
439,-4.40e+00,-6.80e+00,
440,-4.40e+00,-6.40e+00,
441,-5.20e+00,-6.80e+00,
442,-4.80e+00,-6.40e+00,
443,-4.40e+00,-6.80e+00,
444,-4.00e+00,-6.40e+00,
445,-4.80e+00,-6.80e+00,
446,-4.00e+00,-6.40e+00,
447,-4.80e+00,-6.80e+00,
448,-4.00e+00,-6.40e+00,
449,-4.40e+00,-6.80e+00,
450,-4.40e+00,-6.80e+00,
451,-3.60e+00,-6.40e+00,
452,-4.00e+00,-6.40e+00,
453,-3.20e+00,-6.80e+00,
454,-4.00e+00,-6.40e+00,
455,-3.20e+00,-6.80e+00,
456,-3.60e+00,-6.40e+00,
457,-3.20e+00,-6.80e+00,
458,-3.60e+00,-6.40e+00,
459,-2.80e+00,-6.80e+00,
460,-3.60e+00,-6.40e+00,
461,-2.80e+00,-6.80e+00,
462,-3.20e+00,-6.40e+00,
463,-2.80e+00,-6.80e+00,
464,-3.20e+00,-6.40e+00,
465,-2.40e+00,-6.80e+00,
466,-2.40e+00,-6.40e+00,
467,-3.20e+00,-6.80e+00,
468,-3.20e+00,-6.40e+00,
469,-2.40e+00,-6.80e+00,
470,-2.80e+00,-6.40e+00,
471,-2.40e+00,-6.80e+00,
472,-2.80e+00,-6.40e+00,
473,-2.00e+00,-6.80e+00,
474,-2.80e+00,-6.40e+00,
475,-2.00e+00,-6.80e+00,
476,-2.40e+00,-6.40e+00,
477,-2.00e+00,-6.80e+00,
478,-2.40e+00,-6.40e+00,
479,-1.60e+00,-6.80e+00,
480,-2.40e+00,-6.40e+00,
481,-1.60e+00,-6.80e+00,
482,-2.40e+00,-6.40e+00,
483,-1.60e+00,-6.80e+00,
484,-2.00e+00,-6.40e+00,
485,-1.60e+00,-6.80e+00,
486,-2.00e+00,-6.40e+00,
487,-1.20e+00,-6.80e+00,
488,-1.20e+00,-6.40e+00,
489,-2.00e+00,-6.80e+00,
490,-1.20e+00,-6.40e+00,
491,-1.60e+00,-6.80e+00,
492,-1.60e+00,-6.40e+00,
493,-8.00e-01,-6.80e+00,
494,-1.60e+00,-6.80e+00,
495,-8.00e-01,-6.40e+00,
496,-1.60e+00,-6.40e+00,
497,-8.00e-01,-6.80e+00,
498,-8.00e-01,-6.40e+00,
499,-1.20e+00,-6.80e+00,
500,-1.20e+00,-6.40e+00,
501,-4.00e-01,-6.80e+00,
502,-1.20e+00,-6.80e+00,
503,-4.00e-01,-6.40e+00,
504,-4.00e-01,-6.80e+00,
505,-8.00e-01,-6.40e+00,
506,-8.00e-01,-6.40e+00,
507,-4.00e-01,-6.80e+00,
508,-8.00e-01,-6.80e+00,
509,0.00e+00,-6.40e+00,
510,-8.00e-01,-6.40e+00,
511,0.00e+00,-6.80e+00,
512,-4.00e-01,-6.80e+00,
513,0.00e+00,-6.40e+00,
514,-4.00e-01,-6.40e+00,
515,4.00e-01,-6.80e+00,
516,-4.00e-01,-6.80e+00,
517,4.00e-01,-6.40e+00,
518,4.00e-01,-6.40e+00,
519,0.00e+00,-6.80e+00,
520,0.00e+00,-6.40e+00,
521,4.00e-01,-6.80e+00,
522,0.00e+00,-6.40e+00,
523,8.00e-01,-6.80e+00,
524,8.00e-01,-6.80e+00,
525,0.00e+00,-6.40e+00,
526,8.00e-01,-6.40e+00,
527,4.00e-01,-6.80e+00,
528,8.00e-01,-6.40e+00,
529,4.00e-01,-6.80e+00,
530,4.00e-01,-6.40e+00,
531,1.20e+00,-6.80e+00,
532,1.20e+00,-6.40e+00,
533,8.00e-01,-6.80e+00,
534,1.20e+00,-6.40e+00,
535,8.00e-01,-6.80e+00,
536,1.20e+00,-6.80e+00,
537,8.00e-01,-6.40e+00,
538,8.00e-01,-6.40e+00,
539,1.60e+00,-6.80e+00,
540,1.60e+00,-6.40e+00,
541,1.20e+00,-6.80e+00,
542,1.60e+00,-6.40e+00,
543,1.20e+00,-6.80e+00,
544,1.20e+00,-6.80e+00,
545,2.00e+00,-6.40e+00,
546,1.20e+00,-6.80e+00,
547,2.40e+00,-6.40e+00,
548,2.00e+00,-6.80e+00,
549,2.00e+00,-6.40e+00,
550,2.00e+00,-6.40e+00,
551,2.40e+00,-6.80e+00,
552,2.00e+00,-6.40e+00,
553,2.80e+00,-6.80e+00,
554,2.40e+00,-6.40e+00,
555,2.80e+00,-6.80e+00,
556,2.40e+00,-6.40e+00,
557,2.80e+00,-6.80e+00,
558,2.40e+00,-6.40e+00,
559,2.80e+00,-6.80e+00,
560,2.40e+00,-6.40e+00,
561,3.20e+00,-6.80e+00,
562,2.80e+00,-6.40e+00,
563,3.20e+00,-6.80e+00,
564,2.80e+00,-6.40e+00,
565,3.20e+00,-6.80e+00,
566,2.80e+00,-6.40e+00,
567,3.60e+00,-6.80e+00,
568,2.80e+00,-6.40e+00,
569,3.60e+00,-6.80e+00,
570,3.20e+00,-6.80e+00,
571,3.60e+00,-6.40e+00,
572,3.20e+00,-6.40e+00,
573,3.60e+00,-6.80e+00,
574,3.20e+00,-6.40e+00,
575,4.00e+00,-6.80e+00,
576,3.20e+00,-6.40e+00,
577,4.00e+00,-6.60e+00,
578,3.60e+00,-6.40e+00,
579,4.00e+00,-6.80e+00,
580,4.00e+00,-6.80e+00,
581,3.60e+00,-6.40e+00,
582,3.60e+00,-6.80e+00,
583,4.40e+00,-6.40e+00,
584,4.40e+00,-6.40e+00,
585,4.00e+00,-6.80e+00,
586,4.00e+00,-6.80e+00,
587,4.40e+00,-6.40e+00,
588,4.40e+00,-6.40e+00,
589,4.00e+00,-6.80e+00,
590,4.00e+00,-6.40e+00,
591,4.80e+00,-6.80e+00,
592,4.80e+00,-6.40e+00,
593,4.40e+00,-6.80e+00,
594,4.80e+00,-6.40e+00,
595,4.40e+00,-6.80e+00,
596,4.40e+00,-6.80e+00,
597,5.20e+00,-6.40e+00,
598,5.20e+00,-6.80e+00,
599,4.40e+00,-4.00e-01,
600,5.20e+00,2.00e-01,
601,4.40e+00,7.80e+00,
602,4.80e+00,7.80e+00,
603,4.40e+00,7.40e+00,
604,4.80e+00,7.80e+00,
605,4.40e+00,7.40e+00,
606,4.80e+00,7.80e+00,
607,4.00e+00,7.40e+00,
608,4.00e+00,7.80e+00,
609,4.80e+00,7.40e+00,
610,4.00e+00,7.80e+00,
611,4.40e+00,7.40e+00,
612,4.00e+00,7.80e+00,
613,4.40e+00,7.60e+00,
614,4.40e+00,7.80e+00,
615,3.60e+00,7.40e+00,
616,3.60e+00,7.80e+00,
617,4.00e+00,7.40e+00,
618,3.60e+00,7.40e+00,
619,4.00e+00,7.80e+00,
620,4.00e+00,7.80e+00,
621,3.20e+00,7.40e+00,
622,3.20e+00,7.80e+00,
623,3.60e+00,7.40e+00,
624,3.60e+00,7.80e+00,
625,3.20e+00,7.40e+00,
626,3.60e+00,7.80e+00,
627,3.20e+00,7.40e+00,
628,3.60e+00,7.80e+00,
629,2.80e+00,7.40e+00,
630,2.80e+00,7.80e+00,
631,3.20e+00,7.40e+00,
632,2.80e+00,7.80e+00,
633,3.20e+00,7.40e+00,
634,3.20e+00,7.80e+00,
635,2.40e+00,7.40e+00,
636,2.80e+00,7.80e+00,
637,2.40e+00,7.40e+00,
638,2.40e+00,7.80e+00,
639,2.80e+00,7.40e+00,
640,2.80e+00,7.60e+00,
641,2.00e+00,7.80e+00,
642,2.00e+00,7.40e+00,
643,2.80e+00,7.80e+00,
644,2.00e+00,7.80e+00,
645,2.00e+00,7.40e+00,
646,2.00e+00,7.80e+00,
647,2.40e+00,7.40e+00,
648,2.00e+00,7.80e+00,
649,1.20e+00,7.40e+00,
650,2.40e+00,7.80e+00,
651,1.20e+00,7.40e+00,
652,1.60e+00,7.80e+00,
653,1.20e+00,7.40e+00,
654,1.60e+00,7.60e+00,
655,1.20e+00,7.80e+00,
656,1.60e+00,7.80e+00,
657,8.00e-01,7.40e+00,
658,8.00e-01,7.80e+00,
659,1.20e+00,7.40e+00,
660,1.20e+00,7.80e+00,
661,8.00e-01,7.40e+00,
662,1.20e+00,7.80e+00,
663,4.00e-01,7.40e+00,
664,4.00e-01,7.80e+00,
665,1.20e+00,7.40e+00,
666,8.00e-01,7.80e+00,
667,4.00e-01,7.40e+00,
668,4.00e-01,7.80e+00,
669,8.00e-01,7.40e+00,
670,8.00e-01,7.80e+00,
671,0.00e+00,7.40e+00,
672,4.00e-01,7.60e+00,
673,0.00e+00,7.80e+00,
674,4.00e-01,7.40e+00,
675,0.00e+00,7.80e+00,
676,0.00e+00,7.80e+00,
677,4.00e-01,7.40e+00,
678,4.00e-01,7.80e+00,
679,-4.00e-01,7.40e+00,
680,-4.00e-01,7.80e+00,
681,0.00e+00,7.40e+00,
682,0.00e+00,7.80e+00,
683,-4.00e-01,7.40e+00,
684,0.00e+00,7.80e+00,
685,-8.00e-01,7.40e+00,
686,-8.00e-01,7.60e+00,
687,0.00e+00,7.80e+00,
688,-4.00e-01,7.80e+00,
689,-8.00e-01,7.40e+00,
690,-4.00e-01,7.80e+00,
691,-8.00e-01,7.40e+00,
692,-4.00e-01,7.80e+00,
693,-1.20e+00,7.40e+00,
694,-1.20e+00,7.80e+00,
695,-8.00e-01,7.40e+00,
696,-8.00e-01,7.80e+00,
697,-1.20e+00,7.60e+00,
698,-8.00e-01,7.80e+00,
699,-1.60e+00,7.40e+00,
700,-1.60e+00,7.80e+00,
701,-8.00e-01,7.40e+00,
702,-1.60e+00,7.60e+00,
703,-1.20e+00,7.80e+00,
704,-1.60e+00,7.80e+00,
705,-1.20e+00,7.40e+00,
706,-1.20e+00,7.80e+00,
707,-2.00e+00,7.60e+00,
708,-1.20e+00,7.80e+00,
709,-2.00e+00,7.40e+00,
710,-2.00e+00,7.80e+00,
711,-1.60e+00,7.40e+00,
712,-2.00e+00,7.80e+00,
713,-1.60e+00,7.40e+00,
714,-1.60e+00,7.80e+00,
715,-2.40e+00,7.40e+00,
716,-2.40e+00,7.80e+00,
717,-1.60e+00,7.60e+00,
718,-2.00e+00,7.80e+00,
719,-2.40e+00,7.40e+00,
720,-2.00e+00,7.80e+00,
721,-2.80e+00,7.40e+00,
722,-2.00e+00,7.80e+00,
723,-2.80e+00,7.40e+00,
724,-2.40e+00,7.80e+00,
725,-2.80e+00,7.60e+00,
726,-2.80e+00,7.80e+00,
727,-2.40e+00,7.60e+00,
728,-2.40e+00,7.80e+00,
729,-3.20e+00,7.60e+00,
730,-3.20e+00,7.80e+00,
731,-2.40e+00,7.60e+00,
732,-3.20e+00,7.80e+00,
733,-2.80e+00,7.60e+00,
734,-3.20e+00,7.80e+00,
735,-2.80e+00,7.60e+00,
736,-2.80e+00,7.80e+00,
737,-3.60e+00,7.80e+00,
738,-3.60e+00,7.80e+00,
739,-2.80e+00,7.60e+00,
740,-3.60e+00,7.80e+00,
741,-3.20e+00,7.60e+00,
742,-3.20e+00,7.80e+00,
743,-4.00e+00,7.60e+00,
744,-3.20e+00,7.80e+00,
745,-4.40e+00,7.80e+00,
746,-3.20e+00,7.80e+00,
747,-4.40e+00,7.80e+00,
748,-4.00e+00,7.80e+00,
749,-4.00e+00,7.60e+00,
750,-4.00e+00,7.80e+00,
751,-4.80e+00,7.60e+00,
752,-4.80e+00,7.80e+00,
753,-4.00e+00,7.60e+00,
754,-4.00e+00,7.80e+00,
755,-4.80e+00,7.60e+00,
756,-4.40e+00,7.80e+00,
757,-4.80e+00,7.80e+00,
758,-4.40e+00,7.80e+00,
759,-5.20e+00,7.60e+00,
760,-4.40e+00,7.80e+00,
761,-5.20e+00,7.60e+00,
762,-4.40e+00,7.80e+00,
763,-5.20e+00,2.80e+00,
764,-5.20e+00,2.20e+00,
765,-4.40e+00,-6.80e+00,
766,-4.40e+00,-6.40e+00,
767,-5.20e+00,-6.80e+00,
768,-4.40e+00,-6.80e+00,
769,-5.20e+00,-6.40e+00,
770,-4.40e+00,-6.40e+00,
771,-4.80e+00,-6.80e+00,
772,-4.00e+00,-6.40e+00,
773,-4.80e+00,-6.80e+00,
774,-4.80e+00,-6.40e+00,
775,-4.00e+00,-6.80e+00,
776,-4.00e+00,-6.80e+00,
777,-4.40e+00,-6.40e+00,
778,-3.60e+00,-6.40e+00,
779,-4.40e+00,-6.80e+00,
780,-4.00e+00,-6.40e+00,
781,-3.20e+00,-6.80e+00,
782,-3.20e+00,-6.40e+00,
783,-4.00e+00,-6.80e+00,
784,-3.60e+00,-6.80e+00,
785,-3.20e+00,-6.40e+00,
786,-3.60e+00,-6.80e+00,
787,-2.80e+00,-6.40e+00,
788,-3.60e+00,-6.40e+00,
789,-2.80e+00,-6.80e+00,
790,-3.20e+00,-6.80e+00,
791,-2.80e+00,-6.40e+00,
792,-3.20e+00,-6.40e+00,
793,-2.40e+00,-6.80e+00,
794,-3.20e+00,-6.40e+00,
795,-2.40e+00,-6.80e+00,
796,-2.80e+00,-6.40e+00,
797,-2.40e+00,-6.80e+00,
798,-2.80e+00,-6.40e+00,
799,-2.40e+00,-6.80e+00,
800,-2.00e+00,-6.40e+00,
801,-2.80e+00,-6.80e+00,
802,-2.00e+00,-6.80e+00,
803,-2.80e+00,-6.40e+00,
804,-2.00e+00,-6.40e+00,
805,-2.40e+00,-6.80e+00,
806,-2.40e+00,-6.40e+00,
807,-1.60e+00,-6.80e+00,
808,-2.40e+00,-6.40e+00,
809,-1.60e+00,-6.80e+00,
810,-2.00e+00,-6.40e+00,
811,-1.60e+00,-6.80e+00,
812,-2.00e+00,-6.80e+00,
813,-1.60e+00,-6.40e+00,
814,-2.00e+00,-6.80e+00,
815,-1.20e+00,-6.40e+00,
816,-2.00e+00,-6.40e+00,
817,-1.20e+00,-6.80e+00,
818,-1.60e+00,-6.40e+00,
819,-1.20e+00,-6.80e+00,
820,-1.60e+00,-6.40e+00,
821,-8.00e-01,-6.80e+00,
822,-1.60e+00,-6.40e+00,
823,-8.00e-01,-6.80e+00,
824,-8.00e-01,-6.40e+00,
825,-1.20e+00,-6.80e+00,
826,-8.00e-01,-6.80e+00,
827,-1.20e+00,-6.40e+00,
828,-1.20e+00,-6.40e+00,
829,-4.00e-01,-6.80e+00,
830,-1.20e+00,-6.40e+00,
831,-4.00e-01,-6.80e+00,
832,-8.00e-01,-6.80e+00,
833,-4.00e-01,-6.40e+00,
834,-4.00e-01,-6.40e+00,
835,-8.00e-01,-6.80e+00,
836,-8.00e-01,-6.80e+00,
837,0.00e+00,-6.40e+00,
838,0.00e+00,-6.80e+00,
839,-4.00e-01,-6.40e+00,
840,0.00e+00,-6.40e+00,
841,-4.00e-01,-6.80e+00,
842,-4.00e-01,-6.40e+00,
843,4.00e-01,-6.80e+00,
844,4.00e-01,-6.40e+00,
845,-4.00e-01,-6.80e+00,
846,4.00e-01,-6.40e+00,
847,0.00e+00,-6.80e+00,
848,0.00e+00,-6.80e+00,
849,4.00e-01,-6.40e+00,
850,0.00e+00,-6.40e+00,
851,8.00e-01,-6.80e+00,
852,8.00e-01,-6.80e+00,
853,0.00e+00,-6.40e+00,
854,8.00e-01,-6.80e+00,
855,4.00e-01,-6.40e+00,
856,8.00e-01,-6.40e+00,
857,4.00e-01,-6.80e+00,
858,1.20e+00,-6.80e+00,
859,4.00e-01,-6.40e+00,
860,1.20e+00,-6.80e+00,
861,8.00e-01,-6.40e+00,
862,1.20e+00,-6.40e+00,
863,8.00e-01,-6.80e+00,
864,8.00e-01,-6.40e+00,
865,1.60e+00,-6.80e+00,
866,1.60e+00,-6.80e+00,
867,8.00e-01,-6.40e+00,
868,1.60e+00,-6.40e+00,
869,1.20e+00,-6.80e+00,
870,1.60e+00,-6.40e+00,
871,1.20e+00,-6.80e+00,
872,1.20e+00,-6.80e+00,
873,2.00e+00,-6.40e+00,
874,2.00e+00,-6.40e+00,
875,1.20e+00,-6.80e+00,
876,2.40e+00,-6.40e+00,
877,2.00e+00,-6.80e+00,
878,2.00e+00,-6.80e+00,
879,2.00e+00,-6.40e+00,
880,2.00e+00,-6.80e+00,
881,2.80e+00,-6.40e+00,
882,2.40e+00,-6.40e+00,
883,2.80e+00,-6.80e+00,
884,2.40e+00,-6.40e+00,
885,2.80e+00,-6.80e+00,
886,2.40e+00,-6.40e+00,
887,2.80e+00,-6.80e+00,
888,2.40e+00,-6.40e+00,
889,3.20e+00,-6.80e+00,
890,2.80e+00,-6.80e+00,
891,3.20e+00,-6.40e+00,
892,2.80e+00,-6.40e+00,
893,3.20e+00,-6.80e+00,
894,2.80e+00,-6.60e+00,
895,3.60e+00,-6.40e+00,
896,3.60e+00,-6.80e+00,
897,2.80e+00,-6.40e+00,
898,3.20e+00,-6.80e+00,
899,3.60e+00,-6.40e+00,
900,3.20e+00,-6.40e+00,
901,3.60e+00,-6.80e+00,
902,3.20e+00,-6.40e+00,
903,4.00e+00,-6.80e+00,
904,3.60e+00,-6.40e+00,
905,4.00e+00,-6.80e+00,
906,4.00e+00,-6.80e+00,
907,3.60e+00,-6.40e+00,
908,4.00e+00,-6.40e+00,
909,3.60e+00,-6.80e+00,
910,3.60e+00,-6.80e+00,
911,4.40e+00,-6.40e+00,
912,4.00e+00,-6.40e+00,
913,4.40e+00,-6.80e+00,
914,4.00e+00,-6.80e+00,
915,4.40e+00,-6.40e+00,
916,4.00e+00,-6.80e+00,
917,4.80e+00,-6.40e+00,
918,4.00e+00,-6.80e+00,
919,4.80e+00,-6.40e+00,
920,4.80e+00,-6.80e+00,
921,4.40e+00,-6.40e+00,
922,4.40e+00,-6.40e+00,
923,4.80e+00,-6.80e+00,
924,4.40e+00,-6.40e+00,
925,5.20e+00,-6.80e+00,
926,4.40e+00,-6.80e+00,
927,5.20e+00,7.80e+00,
928,5.20e+00,7.80e+00,
929,4.40e+00,7.60e+00,
930,4.80e+00,7.80e+00,
931,4.40e+00,7.40e+00,
932,4.40e+00,7.40e+00,
933,4.80e+00,7.80e+00,
934,4.80e+00,7.80e+00,
935,4.00e+00,7.40e+00,
936,4.00e+00,7.80e+00,
937,4.40e+00,7.60e+00,
938,4.00e+00,7.80e+00,
939,4.40e+00,7.40e+00,
940,4.40e+00,7.80e+00,
941,3.60e+00,7.40e+00,
942,3.60e+00,7.40e+00,
943,4.40e+00,7.80e+00,
944,3.60e+00,7.80e+00,
945,4.00e+00,7.40e+00,
946,4.00e+00,7.80e+00,
947,3.60e+00,7.40e+00,
948,4.00e+00,7.80e+00,
949,3.20e+00,7.60e+00,
950,3.60e+00,7.80e+00,
951,3.20e+00,7.40e+00,
952,3.20e+00,7.80e+00,
953,3.60e+00,7.60e+00,
954,3.60e+00,7.80e+00,
955,2.80e+00,7.60e+00,
956,2.80e+00,7.80e+00,
957,3.60e+00,7.40e+00,
958,2.80e+00,7.80e+00,
959,3.20e+00,7.60e+00,
960,2.80e+00,7.80e+00,
961,3.20e+00,7.40e+00,
962,2.40e+00,7.80e+00,
963,3.20e+00,7.40e+00,
964,2.80e+00,7.80e+00,
965,2.40e+00,7.40e+00,
966,2.40e+00,7.40e+00,
967,2.80e+00,7.80e+00,
968,2.80e+00,7.80e+00,
969,2.00e+00,7.40e+00,
970,2.00e+00,7.80e+00,
971,2.80e+00,7.40e+00,
972,2.00e+00,7.80e+00,
973,2.00e+00,7.40e+00,
974,2.00e+00,7.80e+00,
975,2.40e+00,7.40e+00,
976,1.20e+00,7.80e+00,
977,2.40e+00,7.40e+00,
978,2.00e+00,7.80e+00,
979,1.20e+00,7.40e+00,
980,1.60e+00,7.60e+00,
981,1.20e+00,7.80e+00,
982,1.60e+00,7.80e+00,
983,8.00e-01,7.40e+00,
984,8.00e-01,7.80e+00,
985,1.60e+00,7.40e+00,
986,1.20e+00,7.80e+00,
987,8.00e-01,7.40e+00,
988,1.20e+00,7.80e+00,
989,8.00e-01,7.40e+00,
990,1.20e+00,7.80e+00,
991,4.00e-01,7.40e+00,
992,4.00e-01,7.80e+00,
993,1.20e+00,7.40e+00,
994,8.00e-01,7.80e+00,
995,4.00e-01,7.40e+00,
996,8.00e-01,7.80e+00,
997,0.00e+00,7.60e+00,
998,0.00e+00,7.60e+00,
999,8.00e-01,7.80e+00,
1000,4.00e-01,7.60e+00,
1001,0.00e+00,7.80e+00,
1002,4.00e-01,7.80e+00,
1003,0.00e+00,7.40e+00,
1004,4.00e-01,7.80e+00,
1005,-4.00e-01,7.40e+00,
1006,-4.00e-01,7.80e+00,
1007,4.00e-01,7.40e+00,
1008,-4.00e-01,7.80e+00,
1009,0.00e+00,7.40e+00,
1010,0.00e+00,7.80e+00,
1011,-4.00e-01,7.40e+00,
1012,0.00e+00,7.80e+00,
1013,-8.00e-01,7.40e+00,
1014,0.00e+00,7.80e+00,
1015,-8.00e-01,7.40e+00,
1016,-8.00e-01,7.80e+00,
1017,-4.00e-01,7.40e+00,
1018,-4.00e-01,7.80e+00,
1019,-1.20e+00,7.40e+00,
1020,-4.00e-01,7.80e+00,
1021,-1.20e+00,7.60e+00,
1022,-1.20e+00,7.80e+00,
1023,-8.00e-01,7.60e+00,
1024,-8.00e-01,7.80e+00,
1025,-1.20e+00,7.40e+00,
1026,-8.00e-01,7.80e+00,
1027,-1.60e+00,7.40e+00,
1028,-1.60e+00,7.80e+00,
1029,-8.00e-01,7.60e+00,
1030,-1.60e+00,7.60e+00,
1031,-1.20e+00,7.80e+00,
1032,-1.20e+00,7.80e+00,
1033,-1.60e+00,7.40e+00,
1034,-1.20e+00,7.80e+00,
1035,-2.00e+00,7.40e+00,
1036,-2.00e+00,7.80e+00,
1037,-1.20e+00,7.60e+00,
1038,-2.00e+00,7.80e+00,
1039,-1.60e+00,7.60e+00,
1040,-1.60e+00,7.80e+00,
1041,-2.40e+00,7.60e+00,
1042,-1.60e+00,7.80e+00,
1043,-2.40e+00,7.60e+00,
1044,-1.60e+00,7.80e+00,
1045,-2.40e+00,7.40e+00,
1046,-2.40e+00,7.80e+00,
1047,-2.00e+00,7.40e+00,
1048,-2.00e+00,7.80e+00,
1049,-2.80e+00,7.60e+00,
1050,-2.80e+00,7.80e+00,
1051,-2.00e+00,7.80e+00,
1052,-2.80e+00,7.60e+00,
1053,-2.40e+00,7.80e+00,
1054,-2.40e+00,7.80e+00,
1055,-2.80e+00,7.40e+00,
1056,-3.20e+00,7.80e+00,
1057,-2.40e+00,7.60e+00,
1058,-3.20e+00,7.80e+00,
1059,-2.40e+00,7.60e+00,
1060,-3.20e+00,7.80e+00,
1061,-2.80e+00,7.60e+00,
1062,-3.20e+00,7.80e+00,
1063,-2.80e+00,7.60e+00,
1064,-3.60e+00,7.80e+00,
1065,-2.80e+00,7.60e+00,
1066,-3.60e+00,7.80e+00,
1067,-2.80e+00,7.60e+00,
1068,-3.60e+00,7.80e+00,
1069,-3.20e+00,7.60e+00,
1070,-3.20e+00,7.80e+00,
1071,-4.00e+00,7.60e+00,
1072,-4.40e+00,7.80e+00,
1073,-3.20e+00,7.80e+00,
1074,-3.60e+00,7.80e+00,
1075,-4.40e+00,7.80e+00,
1076,-4.00e+00,7.80e+00,
1077,-4.40e+00,7.40e+00,
1078,-4.00e+00,7.80e+00,
1079,-4.80e+00,7.60e+00,
1080,-4.00e+00,7.80e+00,
1081,-4.80e+00,7.80e+00,
1082,-4.40e+00,7.80e+00,
1083,-4.80e+00,7.40e+00,
1084,-4.40e+00,7.80e+00,
1085,-4.80e+00,7.80e+00,
1086,-4.40e+00,7.80e+00,
1087,-5.20e+00,7.60e+00,
1088,-5.20e+00,7.80e+00,
1089,-4.40e+00,7.60e+00,
1090,-4.80e+00,7.80e+00,
1091,-5.60e+00,-6.60e+00,
1092,-5.20e+00,-6.40e+00,
1093,-4.40e+00,-6.80e+00,
1094,-4.40e+00,-6.40e+00,
1095,-5.20e+00,-6.80e+00,
1096,-4.40e+00,-6.40e+00,
1097,-4.80e+00,-6.80e+00,
1098,-4.80e+00,-6.40e+00,
1099,-4.00e+00,-6.80e+00,
1100,-4.00e+00,-6.80e+00,
1101,-4.80e+00,-6.40e+00,
1102,-4.80e+00,-6.80e+00,
1103,-4.00e+00,-6.40e+00,
1104,-4.00e+00,-6.80e+00,
1105,-4.40e+00,-6.40e+00,
1106,-3.20e+00,-6.80e+00,
1107,-4.40e+00,-6.40e+00,
1108,-4.40e+00,-6.40e+00,
1109,-3.20e+00,-6.80e+00,
1110,-3.60e+00,-6.40e+00,
1111,-3.20e+00,-6.80e+00,
1112,-3.60e+00,-6.80e+00,
1113,-2.80e+00,-6.40e+00,
1114,-3.60e+00,-6.40e+00,
1115,-2.80e+00,-6.80e+00,
1116,-3.60e+00,-6.40e+00,
1117,-2.80e+00,-6.80e+00,
1118,-3.20e+00,-6.80e+00,
1119,-2.80e+00,-6.40e+00,
1120,-3.20e+00,-6.40e+00,
1121,-2.40e+00,-6.80e+00,
1122,-3.20e+00,-6.80e+00,
1123,-2.40e+00,-6.40e+00,
1124,-2.80e+00,-6.80e+00,
1125,-2.40e+00,-6.40e+00,
1126,-2.80e+00,-6.80e+00,
1127,-2.00e+00,-6.40e+00,
1128,-2.80e+00,-6.80e+00,
1129,-2.00e+00,-6.40e+00,
1130,-2.40e+00,-6.40e+00,
1131,-2.00e+00,-6.80e+00,
1132,-2.00e+00,-6.40e+00,
1133,-2.40e+00,-6.80e+00,
1134,-2.40e+00,-6.40e+00,
1135,-1.60e+00,-6.80e+00,
1136,-1.60e+00,-6.40e+00,
1137,-2.40e+00,-6.80e+00,
1138,-2.00e+00,-6.40e+00,
1139,-1.60e+00,-6.80e+00,
1140,-2.00e+00,-6.80e+00,
1141,-1.60e+00,-6.40e+00,
1142,-2.00e+00,-6.40e+00,
1143,-1.20e+00,-6.80e+00,
1144,-1.20e+00,-6.40e+00,
1145,-2.00e+00,-6.80e+00,
1146,-1.60e+00,-6.80e+00,
1147,-1.20e+00,-6.40e+00,
1148,-1.60e+00,-6.40e+00,
1149,-8.00e-01,-6.80e+00,
1150,-1.60e+00,-6.80e+00,
1151,-8.00e-01,-6.40e+00,
1152,-1.20e+00,-6.40e+00,
1153,-8.00e-01,-6.80e+00,
1154,-1.20e+00,-6.40e+00,
1155,-8.00e-01,-6.80e+00,
1156,-1.20e+00,-6.40e+00,
1157,-4.00e-01,-6.80e+00,
1158,-1.20e+00,-6.40e+00,
1159,-4.00e-01,-6.80e+00,
1160,-4.00e-01,-6.80e+00,
1161,-8.00e-01,-6.40e+00,
1162,-8.00e-01,-6.80e+00,
1163,0.00e+00,-6.40e+00,
1164,0.00e+00,-6.80e+00,
1165,-8.00e-01,-6.40e+00,
1166,0.00e+00,-6.80e+00,
1167,-4.00e-01,-6.40e+00,
1168,-4.00e-01,-6.40e+00,
1169,0.00e+00,-6.80e+00,
1170,-4.00e-01,-6.40e+00,
1171,4.00e-01,-6.80e+00,
1172,-4.00e-01,-6.40e+00,
1173,4.00e-01,-6.80e+00,
1174,4.00e-01,-6.40e+00,
1175,0.00e+00,-6.80e+00,
1176,4.00e-01,-6.40e+00,
1177,0.00e+00,-6.80e+00,
1178,0.00e+00,-6.40e+00,
1179,8.00e-01,-6.80e+00,
1180,4.00e-01,-6.40e+00,
1181,8.00e-01,-6.80e+00,
1182,4.00e-01,-6.40e+00,
1183,8.00e-01,-6.80e+00,
1184,4.00e-01,-6.80e+00,
1185,1.20e+00,-6.40e+00,
1186,1.20e+00,-6.40e+00,
1187,4.00e-01,-6.80e+00,
1188,1.20e+00,-6.80e+00,
1189,8.00e-01,-6.40e+00,
1190,1.20e+00,-6.40e+00,
1191,8.00e-01,-6.80e+00,
1192,8.00e-01,-6.40e+00,
1193,1.60e+00,-6.80e+00,
1194,8.00e-01,-6.80e+00,
1195,1.60e+00,-6.40e+00,
1196,1.60e+00,-6.40e+00,
1197,1.20e+00,-6.80e+00,
1198,1.60e+00,-6.80e+00,
1199,1.20e+00,-6.40e+00,
