time;V(/U_ein);V(U_aus);
0;0;0.00114958;
1e-05;6.28319e-05;0.00114896;
2e-05;0.000125664;0.00114771;
4e-05;0.000251327;0.00114394;
8e-05;0.000502655;0.00112888;
0.00016;0.00100531;0.00106863;
0.00032;0.00201062;0.000827739;
0.00064;0.00402123;-0.000134642;
0.00128;0.00804239;-0.0039741;
0.00228;0.0143252;-0.0150504;
0.00328;0.0206074;-0.0322673;
0.00428;0.0268888;-0.0555631;
0.00528;0.0331691;-0.0848762;
0.00628;0.0394482;-0.120146;
0.00728;0.0457256;-0.161311;
0.00828;0.0520013;-0.208311;
0.00928;0.0582749;-0.261087;
0.01028;0.0645462;-0.319578;
0.01128;0.070815;-0.383726;
0.01228;0.077081;-0.45347;
0.01328;0.0833439;-0.528754;
0.01428;0.0896035;-0.609518;
0.01528;0.0958597;-0.695704;
0.01628;0.102112;-0.787256;
0.01728;0.10836;-0.884115;
0.01828;0.114604;-0.986224;
0.01928;0.120844;-1.09353;
0.02028;0.127078;-1.20597;
0.02128;0.133308;-1.32349;
0.02228;0.139533;-1.44604;
0.02328;0.145752;-1.57356;
0.02428;0.151965;-1.70599;
0.02528;0.158172;-1.84329;
0.02628;0.164373;-1.98539;
0.02728;0.170567;-2.13224;
0.02828;0.176755;-2.2838;
0.02928;0.182936;-2.43999;
0.03028;0.189109;-2.60078;
0.03128;0.195275;-2.76611;
0.03228;0.201434;-2.93592;
0.03328;0.207584;-3.11016;
0.03428;0.213726;-3.28879;
0.03528;0.21986;-3.47174;
0.03628;0.225985;-3.65897;
0.03728;0.232101;-3.85043;
0.03828;0.238208;-4.04606;
0.03928;0.244306;-4.24582;
0.04028;0.250394;-4.44965;
0.04128;0.256472;-4.65751;
0.04228;0.262539;-4.86933;
0.04328;0.268597;-5.08509;
0.04428;0.274644;-5.30471;
0.04528;0.28068;-5.52816;
0.04628;0.286705;-5.75539;
0.04728;0.292719;-5.98634;
0.04828;0.298721;-6.22098;
0.04928;0.304711;-6.45924;
0.05028;0.31069;-6.70108;
0.05128;0.316656;-6.94647;
0.05228;0.322609;-7.19533;
0.05328;0.32855;-7.44764;
0.05428;0.334478;-7.70334;
0.05528;0.340393;-7.96239;
0.05628;0.346294;-8.22474;
0.05728;0.352181;-8.49034;
0.05828;0.358055;-8.75914;
0.05928;0.363915;-9.03111;
0.06028;0.36976;-9.3062;
0.06128;0.37559;-9.58435;
0.06228;0.381406;-9.86553;
0.06328;0.387207;-10.1497;
0.0641788;0.392407;-10.3837;
0.0646138;0.39492;-10.4245;
0.0649399;0.396801;-10.4367;
0.0652644;0.398672;-10.4435;
0.0656608;0.400955;-10.4485;
0.0664536;0.405513;-10.4537;
0.0672002;0.409797;-10.456;
0.0681352;0.415148;-10.4574;
0.0691352;0.420856;-10.4582;
0.0701352;0.426548;-10.4588;
0.0711352;0.432222;-10.4593;
0.0721352;0.437879;-10.4597;
0.0731352;0.443519;-10.4601;
0.0741352;0.449142;-10.4605;
0.0751352;0.454747;-10.4609;
0.0761352;0.460334;-10.4613;
0.0771352;0.465903;-10.4617;
0.0781352;0.471453;-10.462;
0.0791352;0.476985;-10.4624;
0.0801352;0.482498;-10.4627;
0.0811352;0.487992;-10.4631;
0.0821352;0.493466;-10.4634;
0.0831352;0.498921;-10.4637;
0.0841352;0.504357;-10.464;
0.0851352;0.509772;-10.4644;
0.0861352;0.515168;-10.4647;
0.0871352;0.520543;-10.465;
0.0881352;0.525897;-10.4652;
0.0891352;0.531231;-10.4655;
0.0901352;0.536544;-10.4658;
0.0911352;0.541835;-10.4661;
0.0921352;0.547105;-10.4664;
0.0931352;0.552354;-10.4666;
0.0941352;0.557581;-10.4669;
0.0951352;0.562786;-10.4671;
0.0961352;0.567968;-10.4674;
0.0971352;0.573128;-10.4676;
0.0981352;0.578266;-10.4679;
0.0991352;0.58338;-10.4681;
0.100135;0.588472;-10.4683;
0.101135;0.59354;-10.4686;
0.102135;0.598585;-10.4688;
0.103135;0.603607;-10.469;
0.104135;0.608604;-10.4692;
0.105135;0.613578;-10.4694;
0.106135;0.618527;-10.4696;
0.107135;0.623452;-10.4698;
0.108135;0.628352;-10.47;
0.109135;0.633228;-10.4702;
0.110135;0.638078;-10.4704;
0.111135;0.642903;-10.4705;
0.112135;0.647703;-10.4707;
0.113135;0.652477;-10.4709;
0.114135;0.657226;-10.4711;
0.115135;0.661949;-10.4712;
0.116135;0.666645;-10.4714;
0.117135;0.671315;-10.4715;
0.118135;0.675959;-10.4717;
0.119135;0.680576;-10.4719;
0.120135;0.685166;-10.472;
0.121135;0.689729;-10.4721;
0.122135;0.694265;-10.4723;
0.123135;0.698773;-10.4724;
0.124135;0.703254;-10.4726;
0.125135;0.707707;-10.4727;
0.126135;0.712132;-10.4728;
0.127135;0.716529;-10.473;
0.128135;0.720898;-10.4731;
0.129135;0.725238;-10.4732;
0.130135;0.72955;-10.4733;
0.131135;0.733832;-10.4734;
0.132135;0.738086;-10.4735;
0.133135;0.742311;-10.4737;
0.134135;0.746506;-10.4738;
0.135135;0.750672;-10.4739;
0.136135;0.754809;-10.474;
0.137135;0.758915;-10.4741;
0.138135;0.762992;-10.4742;
0.139135;0.767038;-10.4743;
0.140135;0.771054;-10.4743;
0.141135;0.77504;-10.4744;
0.142135;0.778995;-10.4745;
0.143135;0.782919;-10.4746;
0.144135;0.786813;-10.4747;
0.145135;0.790675;-10.4748;
0.146135;0.794506;-10.4748;
0.147135;0.798306;-10.4749;
0.148135;0.802074;-10.475;
0.149135;0.805811;-10.4751;
0.150135;0.809516;-10.4751;
0.151135;0.813189;-10.4752;
0.152135;0.816829;-10.4753;
0.153135;0.820438;-10.4753;
0.154135;0.824014;-10.4754;
0.155135;0.827558;-10.4755;
0.156135;0.831068;-10.4755;
0.157135;0.834547;-10.4756;
0.158135;0.837992;-10.4756;
0.159135;0.841404;-10.4757;
0.160135;0.844783;-10.4757;
0.161135;0.848128;-10.4758;
0.162135;0.85144;-10.4758;
0.163135;0.854719;-10.4759;
0.164135;0.857963;-10.4759;
0.165135;0.861174;-10.476;
0.166135;0.864351;-10.476;
0.167135;0.867493;-10.476;
0.168135;0.870602;-10.4761;
0.169135;0.873676;-10.4761;
0.170135;0.876715;-10.4761;
0.171135;0.87972;-10.4762;
0.172135;0.882691;-10.4762;
0.173135;0.885626;-10.4762;
0.174135;0.888526;-10.4763;
0.175135;0.891392;-10.4763;
0.176135;0.894222;-10.4763;
0.177135;0.897017;-10.4764;
0.178135;0.899776;-10.4764;
0.179135;0.9025;-10.4764;
0.180135;0.905188;-10.4764;
0.181135;0.907841;-10.4764;
0.182135;0.910458;-10.4765;
0.183135;0.913038;-10.4765;
0.184135;0.915583;-10.4765;
0.185135;0.918092;-10.4765;
0.186135;0.920564;-10.4765;
0.187135;0.923;-10.4765;
0.188135;0.925399;-10.4765;
0.189135;0.927762;-10.4766;
0.190135;0.930089;-10.4766;
0.191135;0.932378;-10.4766;
0.192135;0.934631;-10.4766;
0.193135;0.936847;-10.4766;
0.194135;0.939026;-10.4766;
0.195135;0.941168;-10.4766;
0.196135;0.943273;-10.4766;
0.197135;0.94534;-10.4766;
0.198135;0.947371;-10.4766;
0.199135;0.949363;-10.4766;
0.200135;0.951319;-10.4766;
0.201135;0.953236;-10.4767;
0.202135;0.955116;-10.4767;
0.203135;0.956959;-10.4767;
0.204135;0.958763;-10.4767;
0.205135;0.96053;-10.4767;
0.206135;0.962259;-10.4767;
0.207135;0.96395;-10.4767;
0.208135;0.965603;-10.4767;
0.209135;0.967217;-10.4767;
0.210135;0.968794;-10.4767;
0.211135;0.970332;-10.4767;
0.212135;0.971832;-10.4767;
0.213135;0.973294;-10.4767;
0.214135;0.974717;-10.4767;
0.215135;0.976102;-10.4767;
0.216135;0.977448;-10.4767;
0.217135;0.978755;-10.4767;
0.218135;0.980024;-10.4767;
0.219135;0.981255;-10.4767;
0.220135;0.982446;-10.4767;
0.221135;0.983599;-10.4767;
0.222135;0.984713;-10.4767;
0.223135;0.985788;-10.4767;
0.224135;0.986824;-10.4767;
0.225135;0.987821;-10.4767;
0.226135;0.988779;-10.4767;
0.227135;0.989698;-10.4767;
0.228135;0.990578;-10.4767;
0.229135;0.991419;-10.4767;
0.230135;0.992221;-10.4767;
0.231135;0.992983;-10.4767;
0.232135;0.993707;-10.4767;
0.233135;0.994391;-10.4767;
0.234135;0.995036;-10.4767;
0.235135;0.995642;-10.4767;
0.236135;0.996208;-10.4767;
0.237135;0.996735;-10.4767;
0.238135;0.997223;-10.4767;
0.239135;0.997671;-10.4767;
0.240135;0.99808;-10.4767;
0.241135;0.998449;-10.4767;
0.242135;0.998779;-10.4767;
0.243135;0.99907;-10.4767;
0.244135;0.999321;-10.4767;
0.245135;0.999533;-10.4767;
0.246135;0.999705;-10.4767;
0.247135;0.999838;-10.4767;
0.248135;0.999931;-10.4767;
0.249135;0.999985;-10.4767;
0.250135;1;-10.4767;
0.251135;0.999975;-10.4767;
0.252135;0.99991;-10.4767;
0.253135;0.999806;-10.4767;
0.254135;0.999662;-10.4767;
0.255135;0.99948;-10.4767;
0.256135;0.999257;-10.4767;
0.257135;0.998995;-10.4767;
0.258135;0.998694;-10.4767;
0.259135;0.998353;-10.4767;
0.260135;0.997973;-10.4767;
0.261135;0.997554;-10.4767;
0.262135;0.997095;-10.4767;
0.263135;0.996596;-10.4767;
0.264135;0.996059;-10.4767;
0.265135;0.995482;-10.4767;
0.266135;0.994865;-10.4767;
0.267135;0.99421;-10.4767;
0.268135;0.993515;-10.4767;
0.269135;0.992781;-10.4767;
0.270135;0.992008;-10.4767;
0.271135;0.991196;-10.4767;
0.272135;0.990344;-10.4767;
0.273135;0.989453;-10.4767;
0.274135;0.988524;-10.4767;
0.275135;0.987555;-10.4767;
0.276135;0.986547;-10.4767;
0.277135;0.985501;-10.4767;
0.278135;0.984415;-10.4767;
0.279135;0.983291;-10.4767;
0.280135;0.982128;-10.4767;
0.281135;0.980926;-10.4767;
0.282135;0.979685;-10.4767;
0.283135;0.978406;-10.4767;
0.284135;0.977088;-10.4767;
0.285135;0.975731;-10.4767;
0.286135;0.974336;-10.4767;
0.287135;0.972903;-10.4767;
0.288135;0.971431;-10.4767;
0.289135;0.96992;-10.4767;
0.290135;0.968372;-10.4767;
0.291135;0.966785;-10.4767;
0.292135;0.96516;-10.4767;
0.293135;0.963497;-10.4767;
0.294135;0.961796;-10.4767;
0.295135;0.960056;-10.4767;
0.296135;0.958279;-10.4767;
0.297135;0.956465;-10.4767;
0.298135;0.954612;-10.4767;
0.299135;0.952722;-10.4767;
0.300135;0.950794;-10.4767;
0.301135;0.948828;-10.4767;
0.302135;0.946825;-10.4766;
0.303135;0.944785;-10.4766;
0.304135;0.942708;-10.4766;
0.305135;0.940593;-10.4766;
0.306135;0.938441;-10.4766;
0.307135;0.936252;-10.4766;
0.308135;0.934026;-10.4766;
0.309135;0.931763;-10.4766;
0.310135;0.929464;-10.4766;
0.311135;0.927127;-10.4766;
0.312135;0.924754;-10.4766;
0.313135;0.922345;-10.4766;
0.314135;0.919899;-10.4765;
0.315135;0.917417;-10.4765;
0.316135;0.914899;-10.4765;
0.317135;0.912344;-10.4765;
0.318135;0.909754;-10.4765;
0.319135;0.907127;-10.4765;
0.320135;0.904465;-10.4765;
0.321135;0.901767;-10.4764;
0.322135;0.899034;-10.4764;
0.323135;0.896265;-10.4764;
0.324135;0.89346;-10.4764;
0.325135;0.890621;-10.4763;
0.326135;0.887746;-10.4763;
0.327135;0.884836;-10.4763;
0.328135;0.881891;-10.4763;
0.329135;0.878912;-10.4762;
0.330135;0.875897;-10.4762;
0.331135;0.872848;-10.4762;
0.332135;0.869765;-10.4761;
0.333135;0.866647;-10.4761;
0.334135;0.863495;-10.4761;
0.335135;0.860309;-10.476;
0.336135;0.857089;-10.476;
0.337135;0.853836;-10.4759;
0.338135;0.850548;-10.4759;
0.339135;0.847227;-10.4759;
0.340135;0.843873;-10.4758;
0.341135;0.840485;-10.4758;
0.342135;0.837064;-10.4757;
0.343135;0.83361;-10.4757;
0.344135;0.830123;-10.4756;
0.345135;0.826603;-10.4756;
0.346135;0.823051;-10.4755;
0.347135;0.819466;-10.4754;
0.348135;0.815848;-10.4754;
0.349135;0.812199;-10.4753;
0.350135;0.808518;-10.4753;
0.351135;0.804804;-10.4752;
0.352135;0.801059;-10.4751;
0.353135;0.797282;-10.4751;
0.354135;0.793474;-10.475;
0.355135;0.789634;-10.4749;
0.356135;0.785763;-10.4748;
0.357135;0.781862;-10.4748;
0.358135;0.777929;-10.4747;
0.359135;0.773966;-10.4746;
0.360135;0.769972;-10.4745;
0.361135;0.765947;-10.4744;
0.362135;0.761893;-10.4743;
0.363135;0.757808;-10.4742;
0.364135;0.753694;-10.4741;
0.365135;0.749549;-10.474;
0.366135;0.745375;-10.4739;
0.367135;0.741172;-10.4738;
0.368135;0.736939;-10.4737;
0.369135;0.732678;-10.4736;
0.370135;0.728387;-10.4735;
0.371135;0.724068;-10.4734;
0.372135;0.71972;-10.4733;
0.373135;0.715343;-10.4732;
0.374135;0.710939;-10.473;
0.375135;0.706506;-10.4729;
0.376135;0.702045;-10.4728;
0.377135;0.697557;-10.4727;
0.378135;0.693041;-10.4725;
0.379135;0.688498;-10.4724;
0.380135;0.683928;-10.4723;
0.381135;0.67933;-10.4721;
0.382135;0.674706;-10.472;
0.383135;0.670055;-10.4718;
0.384135;0.665378;-10.4717;
0.385135;0.660675;-10.4715;
0.386135;0.655945;-10.4713;
0.387135;0.651189;-10.4712;
0.388135;0.646408;-10.471;
0.389135;0.641602;-10.4709;
0.390135;0.636769;-10.4707;
0.391135;0.631912;-10.4705;
0.392135;0.62703;-10.4703;
0.393135;0.622123;-10.4701;
0.394135;0.617192;-10.4699;
0.395135;0.612236;-10.4698;
0.396135;0.607256;-10.4696;
0.397135;0.602252;-10.4694;
0.398135;0.597224;-10.4691;
0.399135;0.592173;-10.4689;
0.400135;0.587098;-10.4687;
0.401135;0.582;-10.4685;
0.402135;0.576879;-10.4683;
0.403135;0.571736;-10.4681;
0.404135;0.566569;-10.4678;
0.405135;0.561381;-10.4676;
0.406135;0.55617;-10.4673;
0.407135;0.550937;-10.4671;
0.408135;0.545683;-10.4668;
0.409135;0.540407;-10.4666;
0.410135;0.53511;-10.4663;
0.411135;0.529791;-10.466;
0.412135;0.524452;-10.4658;
0.413135;0.519092;-10.4655;
0.414135;0.513711;-10.4652;
0.415135;0.50831;-10.4649;
0.416135;0.502889;-10.4646;
0.417135;0.497449;-10.4643;
0.418135;0.491988;-10.464;
0.419135;0.486508;-10.4637;
0.420135;0.481009;-10.4633;
0.421135;0.475491;-10.463;
0.422135;0.469955;-10.4627;
0.423135;0.464399;-10.4623;
0.424135;0.458825;-10.462;
0.425135;0.453234;-10.4616;
0.426135;0.447624;-10.4612;
0.427135;0.441997;-10.4608;
0.428135;0.436352;-10.4605;
0.429135;0.43069;-10.4601;
0.430135;0.425011;-10.4596;
0.431135;0.419315;-10.4592;
0.432135;0.413603;-10.4588;
0.433135;0.407874;-10.4584;
0.434135;0.402129;-10.4579;
0.435135;0.396368;-10.4575;
0.436135;0.390592;-10.457;
0.437135;0.3848;-10.4565;
0.438135;0.378993;-10.456;
0.439135;0.373171;-10.4555;
0.440135;0.367335;-10.455;
0.441135;0.361484;-10.4544;
0.442135;0.355618;-10.4539;
0.443135;0.349739;-10.4533;
0.444135;0.343846;-10.4527;
0.445135;0.337939;-10.4521;
0.446135;0.332019;-10.4515;
0.447135;0.326085;-10.4509;
0.448135;0.320139;-10.4502;
0.449135;0.31418;-10.4496;
0.450135;0.308209;-10.4489;
0.451135;0.302226;-10.4481;
0.452135;0.296231;-10.4474;
0.453135;0.290224;-10.4466;
0.454135;0.284205;-10.4458;
0.455135;0.278176;-10.445;
0.456135;0.272135;-10.4442;
0.457135;0.266084;-10.4433;
0.458135;0.260022;-10.4423;
0.459135;0.253949;-10.4414;
0.460135;0.247867;-10.4404;
0.461135;0.241775;-10.4393;
0.462135;0.235674;-10.4383;
0.463135;0.229563;-10.4371;
0.464135;0.223443;-10.4359;
0.465135;0.217314;-10.4347;
0.466135;0.211177;-10.4333;
0.467135;0.205032;-10.4319;
0.468135;0.198878;-10.4305;
0.469135;0.192716;-10.4289;
0.470135;0.186547;-10.4272;
0.471135;0.180371;-10.4254;
0.472135;0.174187;-10.4235;
0.473135;0.167996;-10.4214;
0.474135;0.161799;-10.4192;
0.475135;0.155596;-10.4167;
0.476135;0.149386;-10.414;
0.477135;0.14317;-10.411;
0.478135;0.136949;-10.4077;
0.479135;0.130722;-10.4039;
0.480135;0.124491;-10.3995;
0.481135;0.118254;-10.3944;
0.482135;0.112013;-10.3883;
0.483135;0.105767;-10.3808;
0.484135;0.0995168;-10.3714;
0.485135;0.0932629;-10.3595;
0.486135;0.0870053;-10.3439;
0.487135;0.0807442;-10.3237;
0.488135;0.07448;-10.298;
0.489135;0.0682128;-10.2666;
0.490135;0.061943;-10.2291;
0.491135;0.0556707;-10.1858;
0.492135;0.0493962;-10.1367;
0.493135;0.0431197;-10.0818;
0.494135;0.0368416;-10.0212;
0.495135;0.030562;-9.95499;
0.496135;0.0242812;-9.88315;
0.497135;0.0179994;-9.80582;
0.498135;0.0117169;-9.72296;
0.499135;0.00543397;-9.63472;
0.500135;-0.000849193;-9.54106;
0.501135;-0.00713232;-9.44213;
0.502135;-0.0134152;-9.33788;
0.503135;-0.0196975;-9.22847;
0.504135;-0.025979;-9.11385;
0.505135;-0.0322595;-8.99417;
0.506135;-0.0385388;-8.86939;
0.507135;-0.0448165;-8.73965;
0.508135;-0.0510924;-8.6049;
0.509135;-0.0573664;-8.4653;
0.510135;-0.063638;-8.32081;
0.511135;-0.0699072;-8.17156;
0.512135;-0.0761736;-8.01751;
0.513135;-0.0824369;-7.85881;
0.514135;-0.0886971;-7.69541;
0.515135;-0.0949537;-7.52746;
0.516135;-0.101207;-7.3549;
0.517135;-0.107455;-7.1779;
0.518135;-0.1137;-6.99639;
0.519135;-0.11994;-6.81053;
0.520135;-0.126176;-6.62026;
0.521135;-0.132406;-6.42574;
0.522135;-0.138631;-6.2269;
0.523135;-0.144851;-6.0239;
0.524135;-0.151065;-5.81669;
0.525135;-0.157273;-5.60541;
0.526135;-0.163475;-5.39001;
0.527135;-0.16967;-5.17063;
0.528135;-0.175859;-4.94723;
0.529135;-0.182041;-4.71995;
0.530135;-0.188215;-4.48874;
0.531135;-0.194383;-4.25373;
0.532135;-0.200542;-4.01488;
0.533135;-0.206694;-3.77234;
0.534135;-0.212837;-3.52604;
0.535135;-0.218972;-3.27614;
0.536135;-0.225098;-3.02257;
0.537135;-0.231216;-2.76549;
0.538135;-0.237324;-2.50483;
0.539135;-0.243423;-2.24075;
0.540135;-0.249512;-1.97318;
0.541135;-0.255592;-1.70227;
0.542135;-0.261661;-1.42796;
0.543135;-0.26772;-1.1504;
0.544135;-0.273769;-0.86953;
0.545135;-0.279806;-0.585491;
0.546135;-0.285833;-0.298231;
0.547135;-0.291848;-0.00788563;
0.548135;-0.297852;0.285595;
0.549135;-0.303844;0.582076;
0.550135;-0.309825;0.881609;
0.551135;-0.315792;1.18406;
0.552135;-0.321748;1.48947;
0.553135;-0.32769;1.79772;
0.554135;-0.33362;2.10885;
0.555135;-0.339537;2.42274;
0.556135;-0.34544;2.73942;
0.557135;-0.35133;3.05877;
0.558135;-0.357205;3.38085;
0.559135;-0.363067;3.70551;
0.560135;-0.368914;4.03281;
0.561135;-0.374747;4.36261;
0.562135;-0.380565;4.69498;
0.563135;-0.386367;5.02977;
0.564135;-0.392155;5.36704;
0.565135;-0.397927;5.70666;
0.566135;-0.403684;6.04868;
0.567135;-0.409424;6.39297;
0.568135;-0.415148;6.73958;
0.569135;-0.420856;7.08838;
0.570135;-0.426548;7.43943;
0.571135;-0.432222;7.79259;
0.572135;-0.437879;8.14792;
0.573135;-0.443519;8.50529;
0.574135;-0.449142;8.86475;
0.575135;-0.454747;9.22617;
0.576135;-0.460334;9.5896;
0.577135;-0.465903;9.95492;
0.578135;-0.471453;10.3201;
0.578615;-0.474112;10.4186;
0.579072;-0.476634;10.442;
0.579345;-0.478146;10.4484;
0.579622;-0.479674;10.4526;
0.580177;-0.482725;10.4575;
0.580833;-0.486335;10.4604;
0.581622;-0.490657;10.4621;
0.582471;-0.4953;10.4631;
0.583471;-0.500748;10.4637;
0.584471;-0.506177;10.4641;
0.585471;-0.511586;10.4645;
0.586471;-0.516975;10.4648;
0.587471;-0.522343;10.4651;
0.588471;-0.52769;10.4654;
0.589471;-0.533017;10.4657;
0.590471;-0.538323;10.466;
0.591471;-0.543607;10.4662;
0.592471;-0.54887;10.4665;
0.593471;-0.554111;10.4667;
0.594471;-0.559331;10.467;
0.595471;-0.564528;10.4673;
0.596471;-0.569703;10.4675;
0.597471;-0.574856;10.4677;
0.598471;-0.579986;10.468;
0.599471;-0.585093;10.4682;
0.600471;-0.590176;10.4684;
0.601471;-0.595237;10.4687;
0.602471;-0.600274;10.4689;
0.603471;-0.605287;10.4691;
0.604471;-0.610277;10.4693;
0.605471;-0.615242;10.4695;
0.606471;-0.620183;10.4697;
0.607471;-0.6251;10.4699;
0.608471;-0.629992;10.4701;
0.609471;-0.634859;10.4703;
0.610471;-0.639701;10.4705;
0.611471;-0.644518;10.4706;
0.612471;-0.649309;10.4708;
0.613471;-0.654075;10.471;
0.614471;-0.658815;10.4712;
0.615471;-0.663528;10.4713;
0.616471;-0.668216;10.4715;
0.617471;-0.672877;10.4716;
0.618471;-0.677512;10.4718;
0.619471;-0.68212;10.4719;
0.620471;-0.686701;10.4721;
0.621471;-0.691255;10.4722;
0.622471;-0.695782;10.4724;
0.623471;-0.700281;10.4725;
0.624471;-0.704752;10.4727;
0.625471;-0.709196;10.4728;
0.626471;-0.713612;10.4729;
0.627471;-0.717999;10.473;
0.628471;-0.722358;10.4732;
0.629471;-0.726689;10.4733;
0.630471;-0.730991;10.4734;
0.631471;-0.735264;10.4735;
0.632471;-0.739508;10.4736;
0.633471;-0.743723;10.4737;
0.634471;-0.747909;10.4739;
0.635471;-0.752065;10.474;
0.636471;-0.756191;10.4741;
0.637471;-0.760287;10.4742;
0.638471;-0.764354;10.4743;
0.639471;-0.76839;10.4743;
0.640471;-0.772396;10.4744;
0.641471;-0.776371;10.4745;
0.642471;-0.780316;10.4746;
0.643471;-0.78423;10.4747;
0.644471;-0.788113;10.4748;
0.645471;-0.791965;10.4749;
0.646471;-0.795786;10.4749;
0.647471;-0.799575;10.475;
0.648471;-0.803333;10.4751;
0.649471;-0.807059;10.4752;
0.650471;-0.810753;10.4752;
0.651471;-0.814415;10.4753;
0.652471;-0.818045;10.4754;
0.653471;-0.821642;10.4754;
0.654471;-0.825207;10.4755;
0.655471;-0.82874;10.4755;
0.656471;-0.83224;10.4756;
0.657471;-0.835707;10.4757;
0.658471;-0.839141;10.4757;
0.659471;-0.842542;10.4758;
0.660471;-0.84591;10.4758;
0.661471;-0.849244;10.4759;
0.662471;-0.852545;10.4759;
0.663471;-0.855812;10.476;
0.664471;-0.859045;10.476;
0.665471;-0.862244;10.476;
0.666471;-0.86541;10.4761;
0.667471;-0.868541;10.4761;
0.668471;-0.871638;10.4762;
0.669471;-0.8747;10.4762;
0.670471;-0.877728;10.4762;
0.671471;-0.880722;10.4763;
0.672471;-0.88368;10.4763;
0.673471;-0.886604;10.4763;
0.674471;-0.889492;10.4764;
0.675471;-0.892346;10.4764;
0.676471;-0.895164;10.4764;
0.677471;-0.897947;10.4764;
0.678471;-0.900695;10.4765;
0.679471;-0.903407;10.4765;
0.680471;-0.906083;10.4765;
0.681471;-0.908723;10.4765;
0.682471;-0.911328;10.4766;
0.683471;-0.913897;10.4766;
0.684471;-0.916429;10.4766;
0.685471;-0.918926;10.4766;
0.686471;-0.921386;10.4766;
0.687471;-0.92381;10.4766;
0.688471;-0.926197;10.4767;
0.689471;-0.928548;10.4767;
0.690471;-0.930862;10.4767;
0.691471;-0.933139;10.4767;
0.692471;-0.935379;10.4767;
0.693471;-0.937583;10.4767;
0.694471;-0.939749;10.4767;
0.695471;-0.941879;10.4767;
0.696471;-0.943971;10.4767;
0.697471;-0.946026;10.4767;
0.698471;-0.948044;10.4767;
0.699471;-0.950024;10.4767;
0.700471;-0.951967;10.4768;
0.701471;-0.953872;10.4768;
0.702471;-0.955739;10.4768;
0.703471;-0.957569;10.4768;
0.704471;-0.959361;10.4768;
0.705471;-0.961115;10.4768;
0.706471;-0.962831;10.4768;
0.707471;-0.964509;10.4768;
0.708471;-0.966149;10.4768;
0.709471;-0.967751;10.4768;
0.710471;-0.969315;10.4768;
0.711471;-0.97084;10.4768;
0.712471;-0.972327;10.4768;
0.713471;-0.973776;10.4768;
0.714471;-0.975186;10.4768;
0.715471;-0.976558;10.4768;
0.716471;-0.977891;10.4768;
0.717471;-0.979186;10.4768;
0.718471;-0.980442;10.4768;
0.719471;-0.981659;10.4768;
0.720471;-0.982837;10.4768;
0.721471;-0.983977;10.4768;
0.722471;-0.985078;10.4768;
0.723471;-0.98614;10.4768;
0.724471;-0.987163;10.4768;
0.725471;-0.988147;10.4768;
0.726471;-0.989092;10.4768;
0.727471;-0.989998;10.4768;
0.728471;-0.990865;10.4768;
0.729471;-0.991693;10.4768;
0.730471;-0.992481;10.4768;
0.731471;-0.993231;10.4768;
0.732471;-0.993941;10.4768;
0.733471;-0.994612;10.4768;
0.734471;-0.995244;10.4768;
0.735471;-0.995836;10.4768;
0.736471;-0.996389;10.4768;
0.737471;-0.996903;10.4768;
0.738471;-0.997377;10.4768;
0.739471;-0.997812;10.4768;
0.740471;-0.998208;10.4768;
0.741471;-0.998564;10.4768;
0.742471;-0.998881;10.4768;
0.743471;-0.999159;10.4768;
0.744471;-0.999397;10.4768;
0.745471;-0.999595;10.4768;
0.746471;-0.999754;10.4768;
0.747471;-0.999874;10.4768;
0.748471;-0.999954;10.4768;
0.749471;-0.999994;10.4768;
0.750471;-0.999996;10.4768;
0.751471;-0.999957;10.4768;
0.752471;-0.999879;10.4768;
0.753471;-0.999762;10.4768;
0.754471;-0.999605;10.4768;
0.755471;-0.999409;10.4768;
0.756471;-0.999174;10.4768;
0.757471;-0.998898;10.4768;
0.758471;-0.998584;10.4768;
0.759471;-0.99823;10.4768;
0.760471;-0.997837;10.4768;
0.761471;-0.997404;10.4768;
0.762471;-0.996932;10.4768;
0.763471;-0.99642;10.4768;
0.764471;-0.995869;10.4768;
0.765471;-0.995279;10.4768;
0.766471;-0.99465;10.4768;
0.767471;-0.993981;10.4768;
0.768471;-0.993273;10.4768;
0.769471;-0.992526;10.4768;
0.770471;-0.99174;10.4768;
0.771471;-0.990914;10.4768;
0.772471;-0.990049;10.4768;
0.773471;-0.989146;10.4768;
0.774471;-0.988203;10.4768;
0.775471;-0.987221;10.4768;
0.776471;-0.9862;10.4768;
0.777471;-0.985141;10.4768;
0.778471;-0.984042;10.4768;
0.779471;-0.982905;10.4768;
0.780471;-0.981729;10.4768;
0.781471;-0.980514;10.4768;
0.782471;-0.97926;10.4768;
0.783471;-0.977968;10.4768;
0.784471;-0.976637;10.4768;
0.785471;-0.975267;10.4768;
0.786471;-0.973859;10.4768;
0.787471;-0.972413;10.4768;
0.788471;-0.970928;10.4768;
0.789471;-0.969405;10.4768;
0.790471;-0.967843;10.4768;
0.791471;-0.966243;10.4768;
0.792471;-0.964606;10.4768;
0.793471;-0.96293;10.4768;
0.794471;-0.961216;10.4768;
0.795471;-0.959464;10.4768;
0.796471;-0.957674;10.4768;
0.797471;-0.955847;10.4768;
0.798471;-0.953981;10.4768;
0.799471;-0.952079;10.4768;
0.800471;-0.950138;10.4768;
0.801471;-0.94816;10.4768;
0.802471;-0.946145;10.4768;
0.803471;-0.944092;10.4767;
0.804471;-0.942002;10.4767;
0.805471;-0.939874;10.4767;
0.806471;-0.93771;10.4767;
0.807471;-0.935509;10.4767;
0.808471;-0.93327;10.4767;
0.809471;-0.930995;10.4767;
0.810471;-0.928683;10.4767;
0.811471;-0.926335;10.4767;
0.812471;-0.923949;10.4767;
0.813471;-0.921528;10.4767;
0.814471;-0.91907;10.4766;
0.815471;-0.916576;10.4766;
0.816471;-0.914045;10.4766;
0.817471;-0.911478;10.4766;
0.818471;-0.908876;10.4766;
0.819471;-0.906237;10.4766;
0.820471;-0.903563;10.4765;
0.821471;-0.900853;10.4765;
0.822471;-0.898108;10.4765;
0.823471;-0.895327;10.4765;
0.824471;-0.892511;10.4764;
0.825471;-0.889659;10.4764;
0.826471;-0.886773;10.4764;
0.827471;-0.883851;10.4764;
0.828471;-0.880895;10.4763;
0.829471;-0.877903;10.4763;
0.830471;-0.874877;10.4763;
0.831471;-0.871817;10.4762;
0.832471;-0.868722;10.4762;
0.833471;-0.865593;10.4762;
0.834471;-0.862429;10.4761;
0.835471;-0.859232;10.4761;
0.836471;-0.856001;10.4761;
0.837471;-0.852736;10.476;
0.838471;-0.849437;10.476;
0.839471;-0.846105;10.4759;
0.840471;-0.842739;10.4759;
0.841471;-0.83934;10.4758;
0.842471;-0.835908;10.4758;
0.843471;-0.832443;10.4757;
0.844471;-0.828945;10.4757;
0.845471;-0.825414;10.4756;
0.846471;-0.821851;10.4756;
0.847471;-0.818255;10.4755;
0.848471;-0.814627;10.4754;
0.849471;-0.810967;10.4754;
0.850471;-0.807274;10.4753;
0.851471;-0.80355;10.4752;
0.852471;-0.799794;10.4752;
0.853471;-0.796007;10.4751;
0.854471;-0.792188;10.475;
0.855471;-0.788338;10.4749;
0.856471;-0.784457;10.4749;
0.857471;-0.780545;10.4748;
0.858471;-0.776602;10.4747;
0.859471;-0.772628;10.4746;
0.860471;-0.768624;10.4745;
0.861471;-0.764589;10.4744;
0.862471;-0.760525;10.4744;
0.863471;-0.75643;10.4743;
0.864471;-0.752305;10.4742;
0.865471;-0.748151;10.4741;
0.866471;-0.743967;10.474;
0.867471;-0.739754;10.4739;
0.868471;-0.735512;10.4738;
0.869471;-0.73124;10.4736;
0.870471;-0.72694;10.4735;
0.871471;-0.722611;10.4734;
0.872471;-0.718253;10.4733;
0.873471;-0.713868;10.4732;
0.874471;-0.709454;10.4731;
0.875471;-0.705011;10.4729;
0.876471;-0.700542;10.4728;
0.877471;-0.696044;10.4727;
0.878471;-0.691519;10.4725;
0.879471;-0.686967;10.4724;
0.880471;-0.682387;10.4723;
0.881471;-0.677781;10.4721;
0.882471;-0.673148;10.472;
0.883471;-0.668488;10.4718;
0.884471;-0.663802;10.4717;
0.885471;-0.65909;10.4715;
0.886471;-0.654351;10.4713;
0.887471;-0.649587;10.4712;
0.888471;-0.644797;10.471;
0.889471;-0.639982;10.4708;
0.890471;-0.635141;10.4707;
0.891471;-0.630276;10.4705;
0.892471;-0.625385;10.4703;
0.893471;-0.62047;10.4701;
0.894471;-0.61553;10.4699;
0.895471;-0.610566;10.4697;
0.896471;-0.605578;10.4695;
0.897471;-0.600566;10.4693;
0.898471;-0.595531;10.4691;
0.899471;-0.590471;10.4689;
0.900471;-0.585389;10.4687;
0.901471;-0.580283;10.4685;
0.902471;-0.575155;10.4682;
0.903471;-0.570004;10.468;
0.904471;-0.56483;10.4678;
0.905471;-0.559634;10.4675;
0.906471;-0.554416;10.4673;
0.907471;-0.549176;10.467;
0.908471;-0.543914;10.4668;
0.909471;-0.538631;10.4665;
0.910471;-0.533326;10.4663;
0.911471;-0.528001;10.466;
0.912471;-0.522654;10.4657;
0.913471;-0.517287;10.4654;
0.914471;-0.5119;10.4651;
0.915471;-0.506492;10.4648;
0.916471;-0.501065;10.4645;
0.917471;-0.495617;10.4642;
0.918471;-0.49015;10.4639;
0.919471;-0.484664;10.4636;
0.920471;-0.479159;10.4633;
0.921471;-0.473634;10.4629;
0.922471;-0.468091;10.4626;
0.923471;-0.46253;10.4622;
0.924471;-0.45695;10.4619;
0.925471;-0.451352;10.4615;
0.926471;-0.445737;10.4611;
0.927471;-0.440103;10.4607;
0.928471;-0.434453;10.4604;
0.929471;-0.428785;10.4599;
0.930471;-0.4231;10.4595;
0.931471;-0.417399;10.4591;
0.932471;-0.411681;10.4587;
0.933471;-0.405947;10.4582;
0.934471;-0.400197;10.4578;
0.935471;-0.394431;10.4573;
0.936471;-0.388649;10.4568;
0.937471;-0.382852;10.4564;
0.938471;-0.37704;10.4559;
0.939471;-0.371213;10.4553;
0.940471;-0.365372;10.4548;
0.941471;-0.359516;10.4543;
0.942471;-0.353646;10.4537;
0.943471;-0.347762;10.4531;
0.944471;-0.341864;10.4526;
0.945471;-0.335953;10.4519;
0.946471;-0.330028;10.4513;
0.947471;-0.32409;10.4507;
0.948471;-0.31814;10.45;
0.949471;-0.312177;10.4493;
0.950471;-0.306202;10.4486;
0.951471;-0.300214;10.4479;
0.952471;-0.294215;10.4472;
0.953471;-0.288204;10.4464;
0.954471;-0.282182;10.4456;
0.955471;-0.276149;10.4447;
0.956471;-0.270104;10.4439;
0.957471;-0.264049;10.443;
0.958471;-0.257984;10.442;
0.959471;-0.251908;10.4411;
0.960471;-0.245823;10.4401;
0.961471;-0.239728;10.439;
0.962471;-0.233623;10.4379;
0.963471;-0.227509;10.4367;
0.964471;-0.221386;10.4355;
0.965471;-0.215255;10.4342;
0.966471;-0.209115;10.4329;
0.967471;-0.202966;10.4315;
0.968471;-0.19681;10.43;
0.969471;-0.190646;10.4284;
0.970471;-0.184474;10.4266;
0.971471;-0.178295;10.4248;
0.972471;-0.172109;10.4228;
0.973471;-0.165916;10.4207;
0.974471;-0.159717;10.4184;
0.975471;-0.153511;10.4159;
0.976471;-0.1473;10.4131;
0.977471;-0.141082;10.41;
0.978471;-0.134859;10.4065;
0.979471;-0.128631;10.4025;
0.980471;-0.122397;10.3979;
0.981471;-0.116159;10.3925;
0.982471;-0.109916;10.386;
0.983471;-0.103669;10.3779;
0.984471;-0.0974174;10.3678;
0.985471;-0.0911622;10.3548;
0.986471;-0.0849034;10.3378;
0.987471;-0.0786413;10.3158;
0.988471;-0.072376;10.2883;
0.989471;-0.0661079;10.2548;
0.990471;-0.0598372;10.2154;
0.991471;-0.0535642;10.1701;
0.992471;-0.047289;10.1191;
0.993471;-0.0410119;10.0623;
0.994471;-0.0347333;9.99984;
0.995471;-0.0284532;9.93174;
0.996471;-0.0221721;9.85808;
0.997471;-0.01589;9.77889;
0.998471;-0.00960737;9.69426;
0.999471;-0.00332432;9.6042;
1.00047;0.00295885;9.5088;
1.00147;0.00924191;9.40808;
1.00247;0.0155246;9.30213;
1.00347;0.0218067;9.19097;
1.00447;0.0280879;9.07468;
1.00547;0.034368;8.95328;
1.00647;0.0406468;8.82686;
1.00747;0.0469239;8.69543;
1.00847;0.0531992;8.55909;
1.00947;0.0594724;8.41784;
1.01047;0.0657433;8.27178;
1.01147;0.0720115;8.12091;
1.01247;0.0782769;7.96533;
1.01347;0.0845392;7.80504;
1.01447;0.0907982;7.64015;
1.01547;0.0970536;7.47064;
1.01647;0.103305;7.29662;
1.01747;0.109553;7.1181;
1.01847;0.115796;6.93516;
1.01947;0.122034;6.74781;
1.02047;0.128268;6.55614;
1.02147;0.134497;6.36016;
1.02247;0.14072;6.15996;
1.02347;0.146938;5.95554;
1.02447;0.15315;5.74699;
1.02547;0.159356;5.53431;
1.02647;0.165556;5.31761;
1.02747;0.171749;5.09687;
1.02847;0.177935;4.8722;
1.02947;0.184115;4.64359;
1.03047;0.190287;4.41112;
1.03147;0.196452;4.17482;
1.03247;0.202608;3.93476;
1.03347;0.208757;3.69094;
1.03447;0.214898;3.44346;
1.03547;0.22103;3.19232;
1.03647;0.227153;2.9376;
1.03747;0.233268;2.67931;
1.03847;0.239373;2.41753;
1.03947;0.245469;2.15226;
1.04047;0.251555;1.8836;
1.04147;0.257631;1.61154;
1.04247;0.263697;1.33616;
1.04347;0.269752;1.05748;
1.04447;0.275797;0.775574;
1.04547;0.281831;0.490444;
1.04647;0.287854;0.202172;
1.04747;0.293866;-0.089235;
1.04847;0.299866;-0.383699;
1.04947;0.305854;-0.681214;
1.05047;0.31183;-0.981701;
1.05147;0.317793;-1.28516;
1.05247;0.323745;-1.5915;
1.05347;0.329683;-1.90073;
1.05447;0.335608;-2.21276;
1.05547;0.34152;-2.52759;
1.05647;0.347419;-2.84515;
1.05747;0.353304;-3.16542;
1.05847;0.359175;-3.48834;
1.05947;0.365032;-3.8139;
1.06047;0.370874;-4.14202;
1.06147;0.376702;-4.47269;
1.06247;0.382515;-4.80585;
1.06347;0.388312;-5.14149;
1.06447;0.394095;-5.47952;
1.06547;0.399862;-5.81996;
1.06647;0.405613;-6.16272;
1.06747;0.411348;-6.5078;
1.06847;0.417067;-6.85512;
1.06947;0.422769;-7.20469;
1.07047;0.428455;-7.55643;
1.07147;0.434123;-7.91033;
1.07247;0.439775;-8.26632;
1.07347;0.445409;-8.6244;
1.07447;0.451026;-8.98449;
1.07547;0.456625;-9.3466;
1.07647;0.462206;-9.71065;
1.07747;0.467768;-10.0766;
1.07847;0.473312;-10.3992;
1.07884;0.475356;-10.4321;
1.07909;0.476756;-10.4421;
1.07937;0.478286;-10.4484;
1.07984;0.480852;-10.4547;
1.08041;0.484022;-10.4586;
1.08113;0.487952;-10.4611;
1.08189;0.492111;-10.4624;
1.08286;0.49743;-10.4634;
1.08386;0.502871;-10.4638;
1.08486;0.508292;-10.4642;
1.08586;0.513693;-10.4646;
1.08686;0.519073;-10.4649;
1.08786;0.524433;-10.4652;
1.08886;0.529773;-10.4655;
1.08986;0.535091;-10.4657;
1.09086;0.540389;-10.466;
1.09186;0.545665;-10.4663;
1.09286;0.550919;-10.4666;
1.09386;0.556152;-10.4668;
1.09486;0.561363;-10.4671;
1.09586;0.566552;-10.4673;
1.09686;0.571718;-10.4676;
1.09786;0.576862;-10.4678;
1.09886;0.581983;-10.468;
1.09986;0.587081;-10.4683;
1.10086;0.592155;-10.4685;
1.10186;0.597207;-10.4687;
1.10286;0.602235;-10.4689;
1.10386;0.607239;-10.4691;
1.10486;0.612219;-10.4694;
1.10586;0.617175;-10.4695;
1.10686;0.622106;-10.4697;
1.10786;0.627013;-10.4699;
1.10886;0.631896;-10.4701;
1.10986;0.636753;-10.4703;
1.11086;0.641585;-10.4705;
1.11186;0.646392;-10.4707;
1.11286;0.651173;-10.4709;
1.11386;0.655929;-10.471;
1.11486;0.660658;-10.4712;
1.11586;0.665362;-10.4713;
1.11686;0.670039;-10.4715;
1.11786;0.67469;-10.4716;
1.11886;0.679315;-10.4718;
1.11986;0.683912;-10.472;
1.12086;0.688483;-10.4721;
1.12186;0.693026;-10.4722;
1.12286;0.697542;-10.4724;
1.12386;0.70203;-10.4725;
1.12486;0.706491;-10.4727;
1.12586;0.710924;-10.4728;
1.12686;0.715328;-10.4729;
1.12786;0.719705;-10.473;
1.12886;0.724053;-10.4732;
1.12986;0.728372;-10.4733;
1.13086;0.732663;-10.4734;
1.13186;0.736925;-10.4735;
1.13286;0.741158;-10.4736;
1.13386;0.745361;-10.4737;
1.13486;0.749535;-10.4738;
1.13586;0.753679;-10.4739;
1.13686;0.757794;-10.474;
1.13786;0.761879;-10.4741;
1.13886;0.765933;-10.4742;
1.13986;0.769958;-10.4743;
1.14086;0.773952;-10.4744;
1.14186;0.777915;-10.4745;
1.14286;0.781848;-10.4746;
1.14386;0.78575;-10.4747;
1.14486;0.789621;-10.4748;
1.14586;0.793461;-10.4748;
1.14686;0.797269;-10.4749;
1.14786;0.801046;-10.475;
1.14886;0.804791;-10.4751;
1.14986;0.808505;-10.4751;
1.15086;0.812186;-10.4752;
1.15186;0.815836;-10.4752;
1.15286;0.819453;-10.4753;
1.15386;0.823038;-10.4754;
1.15486;0.826591;-10.4754;
1.15586;0.830111;-10.4755;
1.15686;0.833598;-10.4756;
1.15786;0.837052;-10.4756;
1.15886;0.840473;-10.4757;
1.15986;0.843861;-10.4757;
1.16086;0.847216;-10.4758;
1.16186;0.850537;-10.4758;
1.16286;0.853824;-10.4759;
1.16386;0.857078;-10.4759;
1.16486;0.860298;-10.476;
1.16586;0.863485;-10.476;
1.16686;0.866637;-10.476;
1.16786;0.869754;-10.4761;
1.16886;0.872838;-10.4761;
1.16986;0.875887;-10.4761;
1.17086;0.878901;-10.4762;
1.17186;0.881881;-10.4762;
1.17286;0.884826;-10.4762;
1.17386;0.887736;-10.4763;
1.17486;0.890611;-10.4763;
1.17586;0.893451;-10.4763;
1.17686;0.896255;-10.4763;
1.17786;0.899024;-10.4764;
1.17886;0.901758;-10.4764;
1.17986;0.904456;-10.4764;
1.18086;0.907118;-10.4764;
1.18186;0.909745;-10.4764;
1.18286;0.912335;-10.4765;
1.18386;0.91489;-10.4765;
1.18486;0.917408;-10.4765;
1.18586;0.919891;-10.4765;
1.18686;0.922337;-10.4765;
1.18786;0.924746;-10.4765;
1.18886;0.927119;-10.4766;
1.18986;0.929456;-10.4766;
1.19086;0.931755;-10.4766;
1.19186;0.934018;-10.4766;
1.19286;0.936244;-10.4766;
1.19386;0.938433;-10.4766;
1.19486;0.940585;-10.4766;
1.19586;0.9427;-10.4766;
1.19686;0.944778;-10.4766;
1.19786;0.946818;-10.4766;
1.19886;0.948822;-10.4766;
1.19986;0.950787;-10.4766;
1.20086;0.952715;-10.4767;
1.20186;0.954606;-10.4766;
1.20286;0.956458;-10.4767;
1.20386;0.958273;-10.4767;
1.20486;0.96005;-10.4767;
1.20586;0.96179;-10.4767;
1.20686;0.963491;-10.4767;
1.20786;0.965154;-10.4767;
1.20886;0.966779;-10.4767;
1.20986;0.968366;-10.4767;
1.21086;0.969915;-10.4767;
1.21186;0.971425;-10.4767;
1.21286;0.972898;-10.4767;
1.21386;0.974331;-10.4767;
1.21486;0.975726;-10.4767;
1.21586;0.977083;-10.4767;
1.21686;0.978401;-10.4767;
1.21786;0.979681;-10.4767;
1.21886;0.980922;-10.4767;
1.21986;0.982124;-10.4767;
1.22086;0.983287;-10.4767;
1.22186;0.984412;-10.4767;
1.22286;0.985497;-10.4767;
1.22386;0.986544;-10.4767;
1.22486;0.987552;-10.4767;
1.22586;0.988521;-10.4767;
1.22686;0.98945;-10.4767;
1.22786;0.990341;-10.4767;
1.22886;0.991193;-10.4767;
1.22986;0.992005;-10.4767;
1.23086;0.992779;-10.4767;
1.23186;0.993513;-10.4767;
1.23286;0.994208;-10.4767;
1.23386;0.994863;-10.4767;
1.23486;0.99548;-10.4767;
1.23586;0.996057;-10.4767;
1.23686;0.996595;-10.4767;
1.23786;0.997093;-10.4767;
1.23886;0.997552;-10.4767;
1.23986;0.997972;-10.4767;
1.24086;0.998352;-10.4767;
1.24186;0.998693;-10.4767;
1.24286;0.998994;-10.4767;
1.24386;0.999256;-10.4767;
1.24486;0.999479;-10.4767;
1.24586;0.999662;-10.4767;
1.24686;0.999806;-10.4767;
1.24786;0.99991;-10.4767;
1.24886;0.999974;-10.4767;
1.24986;1;-10.4767;
1.25086;0.999985;-10.4767;
1.25186;0.999932;-10.4767;
1.25286;0.999838;-10.4767;
1.25386;0.999706;-10.4767;
1.25486;0.999534;-10.4767;
1.25586;0.999322;-10.4767;
1.25686;0.999071;-10.4767;
1.25786;0.99878;-10.4767;
1.25886;0.99845;-10.4767;
1.25986;0.998081;-10.4767;
1.26086;0.997672;-10.4767;
1.26186;0.997224;-10.4767;
1.26286;0.996737;-10.4767;
1.26386;0.99621;-10.4767;
1.26486;0.995644;-10.4767;
1.26586;0.995038;-10.4767;
1.26686;0.994393;-10.4767;
1.26786;0.993709;-10.4767;
1.26886;0.992986;-10.4767;
1.26986;0.992223;-10.4767;
1.27086;0.991422;-10.4767;
1.27186;0.990581;-10.4767;
1.27286;0.989701;-10.4767;
1.27386;0.988782;-10.4767;
1.27486;0.987824;-10.4767;
1.27586;0.986827;-10.4767;
1.27686;0.985791;-10.4767;
1.27786;0.984716;-10.4767;
1.27886;0.983603;-10.4767;
1.27986;0.98245;-10.4767;
1.28086;0.981259;-10.4767;
1.28186;0.980029;-10.4767;
1.28286;0.97876;-10.4767;
1.28386;0.977452;-10.4767;
1.28486;0.976106;-10.4767;
1.28586;0.974722;-10.4767;
1.28686;0.973299;-10.4767;
1.28786;0.971837;-10.4767;
1.28886;0.970337;-10.4767;
1.28986;0.968799;-10.4767;
1.29086;0.967223;-10.4767;
1.29186;0.965608;-10.4767;
1.29286;0.963956;-10.4767;
1.29386;0.962265;-10.4767;
1.29486;0.960536;-10.4767;
1.29586;0.95877;-10.4767;
1.29686;0.956965;-10.4767;
1.29786;0.955123;-10.4767;
1.29886;0.953243;-10.4767;
1.29986;0.951325;-10.4767;
1.30086;0.94937;-10.4767;
1.30186;0.947377;-10.4766;
1.30286;0.945347;-10.4766;
1.30386;0.94328;-10.4766;
1.30486;0.941175;-10.4766;
1.30586;0.939034;-10.4766;
1.30686;0.936855;-10.4766;
1.30786;0.934639;-10.4766;
1.30886;0.932386;-10.4766;
1.30986;0.930097;-10.4766;
1.31086;0.92777;-10.4766;
1.31186;0.925408;-10.4766;
1.31286;0.923008;-10.4766;
1.31386;0.920572;-10.4766;
1.31486;0.9181;-10.4765;
1.31586;0.915592;-10.4765;
1.31686;0.913047;-10.4765;
1.31786;0.910466;-10.4765;
1.31886;0.90785;-10.4765;
1.31986;0.905197;-10.4765;
1.32086;0.902509;-10.4764;
1.32186;0.899786;-10.4764;
1.32286;0.897026;-10.4764;
1.32386;0.894232;-10.4764;
1.32486;0.891401;-10.4764;
1.32586;0.888536;-10.4763;
1.32686;0.885636;-10.4763;
1.32786;0.882701;-10.4763;
1.32886;0.879731;-10.4762;
1.32986;0.876726;-10.4762;
1.33086;0.873686;-10.4762;
1.33186;0.870612;-10.4761;
1.33286;0.867504;-10.4761;
1.33386;0.864362;-10.4761;
1.33486;0.861185;-10.476;
1.33586;0.857974;-10.476;
1.33686;0.85473;-10.476;
1.33786;0.851451;-10.4759;
1.33886;0.84814;-10.4759;
1.33986;0.844794;-10.4758;
1.34086;0.841415;-10.4758;
1.34186;0.838003;-10.4757;
1.34286;0.834558;-10.4757;
1.34386;0.83108;-10.4756;
1.34486;0.82757;-10.4756;
1.34586;0.824026;-10.4755;
1.34686;0.82045;-10.4755;
1.34786;0.816842;-10.4754;
1.34886;0.813201;-10.4753;
1.34986;0.809528;-10.4753;
1.35086;0.805824;-10.4752;
1.35186;0.802087;-10.4751;
1.35286;0.798319;-10.4751;
1.35386;0.794519;-10.475;
1.35486;0.790688;-10.4749;
1.35586;0.786826;-10.4748;
1.35686;0.782933;-10.4748;
1.35786;0.779009;-10.4747;
1.35886;0.775054;-10.4746;
1.35986;0.771068;-10.4745;
1.36086;0.767052;-10.4744;
1.36186;0.763006;-10.4743;
1.36286;0.758929;-10.4743;
1.36386;0.754823;-10.4742;
1.36486;0.750687;-10.4741;
1.36586;0.746521;-10.474;
1.36686;0.742325;-10.4739;
1.36786;0.738101;-10.4738;
1.36886;0.733847;-10.4737;
1.36986;0.729564;-10.4735;
1.37086;0.725253;-10.4734;
1.37186;0.720913;-10.4733;
1.37286;0.716544;-10.4732;
1.37386;0.712147;-10.4731;
1.37486;0.707722;-10.473;
1.37586;0.703269;-10.4728;
1.37686;0.698789;-10.4727;
1.37786;0.69428;-10.4726;
1.37886;0.689745;-10.4724;
1.37986;0.685182;-10.4723;
1.38086;0.680592;-10.4722;
1.38186;0.675975;-10.472;
1.38286;0.671331;-10.4719;
1.38386;0.666661;-10.4717;
1.38486;0.661965;-10.4716;
1.38586;0.657242;-10.4714;
1.38686;0.652494;-10.4712;
1.38786;0.64772;-10.4711;
1.38886;0.64292;-10.4709;
1.38986;0.638095;-10.4707;
1.39086;0.633244;-10.4706;
1.39186;0.628369;-10.4704;
1.39286;0.623469;-10.4702;
1.39386;0.618544;-10.47;
1.39486;0.613595;-10.4698;
1.39586;0.608621;-10.4696;
1.39686;0.603624;-10.4694;
1.39786;0.598603;-10.4692;
1.39886;0.593558;-10.469;
1.39986;0.588489;-10.4688;
1.40086;0.583398;-10.4686;
1.40186;0.578283;-10.4683;
1.40286;0.573146;-10.4681;
1.40386;0.567986;-10.4679;
1.40486;0.562803;-10.4677;
1.40586;0.557599;-10.4674;
1.40686;0.552372;-10.4672;
1.40786;0.547123;-10.4669;
1.40886;0.541853;-10.4667;
1.40986;0.536562;-10.4664;
1.41086;0.531249;-10.4661;
1.41186;0.525915;-10.4658;
1.41286;0.520561;-10.4656;
1.41386;0.515186;-10.4653;
1.41486;0.509791;-10.465;
1.41586;0.504375;-10.4647;
1.41686;0.49894;-10.4644;
1.41786;0.493485;-10.4641;
1.41886;0.48801;-10.4638;
1.41986;0.482517;-10.4634;
1.42086;0.477004;-10.4631;
1.42186;0.471472;-10.4628;
1.42286;0.465922;-10.4624;
1.42386;0.460353;-10.4621;
1.42486;0.454766;-10.4617;
1.42586;0.449161;-10.4613;
1.42686;0.443539;-10.461;
1.42786;0.437899;-10.4606;
1.42886;0.432241;-10.4602;
1.42986;0.426567;-10.4598;
1.43086;0.420876;-10.4593;
1.43186;0.415168;-10.4589;
1.43286;0.409444;-10.4585;
1.43386;0.403703;-10.458;
1.43486;0.397947;-10.4576;
1.43586;0.392175;-10.4571;
1.43686;0.386387;-10.4566;
1.43786;0.380584;-10.4561;
1.43886;0.374767;-10.4556;
1.43986;0.368934;-10.4551;
1.44086;0.363087;-10.4546;
1.44186;0.357225;-10.454;
1.44286;0.35135;-10.4535;
1.44386;0.34546;-10.4529;
1.44486;0.339557;-10.4523;
1.44586;0.33364;-10.4517;
1.44686;0.327711;-10.4511;
1.44786;0.321768;-10.4504;
1.44886;0.315813;-10.4497;
1.44986;0.309845;-10.449;
1.45086;0.303865;-10.4483;
1.45186;0.297873;-10.4476;
1.45286;0.291869;-10.4468;
1.45386;0.285854;-10.446;
1.45486;0.279827;-10.4452;
1.45586;0.273789;-10.4444;
1.45686;0.267741;-10.4435;
1.45786;0.261682;-10.4426;
1.45886;0.255613;-10.4417;
1.45986;0.249533;-10.4407;
1.46086;0.243444;-10.4396;
1.46186;0.237345;-10.4386;
1.46286;0.231237;-10.4374;
1.46386;0.225119;-10.4362;
1.46486;0.218993;-10.435;
1.46586;0.212858;-10.4337;
1.46686;0.206715;-10.4323;
1.46786;0.200563;-10.4309;
1.46886;0.194404;-10.4293;
1.46986;0.188237;-10.4277;
1.47086;0.182062;-10.4259;
1.47186;0.17588;-10.424;
1.47286;0.169692;-10.422;
1.47386;0.163496;-10.4198;
1.47486;0.157294;-10.4174;
1.47586;0.151086;-10.4148;
1.47686;0.144872;-10.4119;
1.47786;0.138653;-10.4086;
1.47886;0.132427;-10.405;
1.47986;0.126197;-10.4007;
1.48086;0.119962;-10.3959;
1.48186;0.113721;-10.39;
1.48286;0.107477;-10.383;
1.48386;0.101228;-10.3742;
1.48486;0.0949751;-10.3631;
1.48586;0.0887185;-10.3486;
1.48686;0.0824584;-10.3298;
1.48786;0.076195;-10.3056;
1.48886;0.0699286;-10.2758;
1.48986;0.0636595;-10.2399;
1.49086;0.0573878;-10.1983;
1.49186;0.0511139;-10.1507;
1.49286;0.044838;-10.0974;
1.49386;0.0385603;-10.0383;
1.49486;0.032281;-9.97369;
1.49586;0.0260005;-9.90335;
1.49686;0.019719;-9.82754;
1.49786;0.0134367;-9.74616;
1.49886;0.00715384;-9.65942;
1.49986;0.000870717;-9.56721;
1.5;3.67382e-16;-9.55406;
