time;V(U_a)1;V(U_o)1;
0;5.31874e-05;-0.000106232;
1e-07;5.31874e-05;-0.000106232;
2e-07;5.31874e-05;-0.000106232;
4e-07;5.31874e-05;-0.000106232;
8e-07;5.31874e-05;-0.000106232;
1.6e-06;5.31874e-05;-0.000106232;
3.2e-06;5.31874e-05;-0.000106232;
6.4e-06;5.31874e-05;-0.000106232;
1.28e-05;5.31874e-05;-0.000106232;
2.28e-05;5.31874e-05;-0.000106232;
3.28e-05;5.31874e-05;-0.000106232;
4.28e-05;5.31874e-05;-0.000106232;
5.28e-05;5.31874e-05;-0.000106232;
6.28e-05;5.31874e-05;-0.000106232;
7.28e-05;5.31874e-05;-0.000106232;
8.28e-05;5.31874e-05;-0.000106232;
9.28e-05;5.31874e-05;-0.000106232;
0.0001028;5.31874e-05;-0.000106232;
0.0001128;5.31874e-05;-0.000106232;
0.0001228;5.31874e-05;-0.000106232;
0.0001328;5.31874e-05;-0.000106232;
0.0001428;5.31874e-05;-0.000106232;
0.0001528;5.31874e-05;-0.000106232;
0.0001628;5.31874e-05;-0.000106232;
0.0001728;5.31874e-05;-0.000106232;
0.0001828;5.31874e-05;-0.000106232;
0.0001928;5.31874e-05;-0.000106232;
0.0002028;5.31874e-05;-0.000106232;
0.0002128;5.31874e-05;-0.000106232;
0.0002228;5.31874e-05;-0.000106232;
0.0002328;5.31874e-05;-0.000106232;
0.0002428;5.31874e-05;-0.000106232;
0.0002528;5.31874e-05;-0.000106232;
0.0002628;5.31874e-05;-0.000106232;
0.0002728;5.31874e-05;-0.000106232;
0.0002828;5.31874e-05;-0.000106232;
0.0002928;5.31874e-05;-0.000106232;
0.0003028;5.31874e-05;-0.000106232;
0.0003128;5.31874e-05;-0.000106232;
0.0003228;5.31874e-05;-0.000106232;
0.0003328;5.31874e-05;-0.000106232;
0.0003428;5.31874e-05;-0.000106232;
0.0003528;5.31874e-05;-0.000106232;
0.0003628;5.31874e-05;-0.000106232;
0.0003728;5.31874e-05;-0.000106232;
0.0003828;5.31874e-05;-0.000106232;
0.0003928;5.31874e-05;-0.000106232;
0.0004028;5.31874e-05;-0.000106232;
0.0004128;5.31874e-05;-0.000106232;
0.0004228;5.31874e-05;-0.000106232;
0.0004328;5.31874e-05;-0.000106232;
0.0004428;5.31874e-05;-0.000106232;
0.0004528;5.31874e-05;-0.000106232;
0.0004628;5.31874e-05;-0.000106232;
0.0004728;5.31874e-05;-0.000106232;
0.0004828;5.31874e-05;-0.000106232;
0.0004928;5.31874e-05;-0.000106232;
0.0005028;5.31874e-05;-0.000106232;
0.0005128;5.31874e-05;-0.000106232;
0.0005228;5.31874e-05;-0.000106232;
0.0005328;5.31874e-05;-0.000106232;
0.0005428;5.31874e-05;-0.000106232;
0.0005528;5.31874e-05;-0.000106232;
0.0005628;5.31874e-05;-0.000106232;
0.0005728;5.31874e-05;-0.000106232;
0.0005828;5.31874e-05;-0.000106232;
0.0005928;5.31874e-05;-0.000106232;
0.0006028;5.31874e-05;-0.000106232;
0.0006128;5.31874e-05;-0.000106232;
0.0006228;5.31874e-05;-0.000106232;
0.0006328;5.31874e-05;-0.000106232;
0.0006428;5.31874e-05;-0.000106232;
0.0006528;5.31874e-05;-0.000106232;
0.0006628;5.31874e-05;-0.000106232;
0.0006728;5.31874e-05;-0.000106232;
0.0006828;5.31874e-05;-0.000106232;
0.0006928;5.31874e-05;-0.000106232;
0.0007028;5.31874e-05;-0.000106232;
0.0007128;5.31874e-05;-0.000106232;
0.0007228;5.31874e-05;-0.000106232;
0.0007328;5.31874e-05;-0.000106232;
0.0007428;5.31874e-05;-0.000106232;
0.0007528;5.31874e-05;-0.000106232;
0.0007628;5.31874e-05;-0.000106232;
0.0007728;5.31874e-05;-0.000106232;
0.0007828;5.31874e-05;-0.000106232;
0.0007928;5.31874e-05;-0.000106232;
0.0008028;5.31874e-05;-0.000106232;
0.0008128;5.31874e-05;-0.000106232;
0.0008228;5.31874e-05;-0.000106232;
0.0008328;5.31874e-05;-0.000106232;
0.0008428;5.31874e-05;-0.000106232;
0.0008528;5.31874e-05;-0.000106232;
0.0008628;5.31874e-05;-0.000106232;
0.0008728;5.31874e-05;-0.000106232;
0.0008828;5.31874e-05;-0.000106232;
0.0008928;5.31874e-05;-0.000106232;
0.0009028;5.31874e-05;-0.000106232;
0.0009128;5.31874e-05;-0.000106232;
0.0009228;5.31874e-05;-0.000106232;
0.0009328;5.31874e-05;-0.000106232;
0.0009428;5.31874e-05;-0.000106232;
0.0009528;5.31874e-05;-0.000106232;
0.0009628;5.31874e-05;-0.000106232;
0.0009728;5.31874e-05;-0.000106232;
0.0009828;5.31874e-05;-0.000106232;
0.0009928;5.31874e-05;-0.000106232;
0.0010028;5.31874e-05;-0.000106232;
0.0010128;5.31874e-05;-0.000106232;
0.0010228;5.31874e-05;-0.000106232;
0.0010328;5.31874e-05;-0.000106232;
0.0010428;5.31874e-05;-0.000106232;
0.0010528;5.31874e-05;-0.000106232;
0.0010628;5.31874e-05;-0.000106232;
0.0010728;5.31874e-05;-0.000106232;
0.0010828;5.31874e-05;-0.000106232;
0.0010928;5.31874e-05;-0.000106232;
0.0011028;5.31874e-05;-0.000106232;
0.0011128;5.31874e-05;-0.000106232;
0.0011228;5.31874e-05;-0.000106232;
0.0011328;5.31874e-05;-0.000106232;
0.0011428;5.31874e-05;-0.000106232;
0.0011528;5.31874e-05;-0.000106232;
0.0011628;5.31874e-05;-0.000106232;
0.0011728;5.31874e-05;-0.000106232;
0.0011828;5.31874e-05;-0.000106232;
0.0011928;5.31874e-05;-0.000106232;
0.0012028;5.31874e-05;-0.000106232;
0.0012128;5.31874e-05;-0.000106232;
0.0012228;5.31874e-05;-0.000106232;
0.0012328;5.31874e-05;-0.000106232;
0.0012428;5.31874e-05;-0.000106232;
0.0012528;5.31874e-05;-0.000106232;
0.0012628;5.31874e-05;-0.000106232;
0.0012728;5.31874e-05;-0.000106232;
0.0012828;5.31874e-05;-0.000106232;
0.0012928;5.31874e-05;-0.000106232;
0.0013028;5.31874e-05;-0.000106232;
0.0013128;5.31874e-05;-0.000106232;
0.0013228;5.31874e-05;-0.000106232;
0.0013328;5.31874e-05;-0.000106232;
0.0013428;5.31874e-05;-0.000106232;
0.0013528;5.31874e-05;-0.000106232;
0.0013628;5.31874e-05;-0.000106232;
0.0013728;5.31874e-05;-0.000106232;
0.0013828;5.31874e-05;-0.000106232;
0.0013928;5.31874e-05;-0.000106232;
0.0014028;5.31874e-05;-0.000106232;
0.0014128;5.31874e-05;-0.000106232;
0.0014228;5.31874e-05;-0.000106232;
0.0014328;5.31874e-05;-0.000106232;
0.0014428;5.31874e-05;-0.000106232;
0.0014528;5.31874e-05;-0.000106232;
0.0014628;5.31874e-05;-0.000106232;
0.0014728;5.31874e-05;-0.000106232;
0.0014828;5.31874e-05;-0.000106232;
0.0014928;5.31874e-05;-0.000106232;
0.0015028;5.31874e-05;-0.000106232;
0.0015128;5.31874e-05;-0.000106232;
0.0015228;5.31874e-05;-0.000106232;
0.0015328;5.31874e-05;-0.000106232;
0.0015428;5.31874e-05;-0.000106232;
0.0015528;5.31874e-05;-0.000106232;
0.0015628;5.31874e-05;-0.000106232;
0.0015728;5.31874e-05;-0.000106232;
0.0015828;5.31874e-05;-0.000106232;
0.0015928;5.31874e-05;-0.000106232;
0.0016028;5.31874e-05;-0.000106232;
0.0016128;5.31874e-05;-0.000106232;
0.0016228;5.31874e-05;-0.000106232;
0.0016328;5.31874e-05;-0.000106232;
0.0016428;5.31874e-05;-0.000106232;
0.0016528;5.31874e-05;-0.000106232;
0.0016628;5.31874e-05;-0.000106232;
0.0016728;5.31874e-05;-0.000106232;
0.0016828;5.31874e-05;-0.000106232;
0.0016928;5.31874e-05;-0.000106232;
0.0017028;5.31874e-05;-0.000106232;
0.0017128;5.31874e-05;-0.000106232;
0.0017228;5.31874e-05;-0.000106232;
0.0017328;5.31874e-05;-0.000106232;
0.0017428;5.31874e-05;-0.000106232;
0.0017528;5.31874e-05;-0.000106232;
0.0017628;5.31874e-05;-0.000106232;
0.0017728;5.31874e-05;-0.000106232;
0.0017828;5.31874e-05;-0.000106232;
0.0017928;5.31874e-05;-0.000106232;
0.0018028;5.31874e-05;-0.000106232;
0.0018128;5.31874e-05;-0.000106232;
0.0018228;5.31874e-05;-0.000106232;
0.0018328;5.31874e-05;-0.000106232;
0.0018428;5.31874e-05;-0.000106232;
0.0018528;5.31874e-05;-0.000106232;
0.0018628;5.31874e-05;-0.000106232;
0.0018728;5.31874e-05;-0.000106232;
0.0018828;5.31874e-05;-0.000106232;
0.0018928;5.31874e-05;-0.000106232;
0.0019028;5.31874e-05;-0.000106232;
0.0019128;5.31874e-05;-0.000106232;
0.0019228;5.31874e-05;-0.000106233;
0.0019328;5.31874e-05;-0.000106232;
0.0019428;5.31874e-05;-0.000106233;
0.0019528;5.31874e-05;-0.000106232;
0.0019628;5.31874e-05;-0.000106233;
0.0019728;5.31874e-05;-0.000106232;
0.0019828;5.31874e-05;-0.000106233;
0.0019928;5.31874e-05;-0.000106232;
0.0020028;5.31874e-05;-0.000106233;
0.0020128;5.31874e-05;-0.000106232;
0.0020228;5.31874e-05;-0.000106233;
0.0020328;5.31874e-05;-0.000106232;
0.0020428;5.31874e-05;-0.000106233;
0.0020528;5.31874e-05;-0.000106232;
0.0020628;5.31874e-05;-0.000106233;
0.0020728;5.31874e-05;-0.000106232;
0.0020828;5.31874e-05;-0.000106233;
0.0020928;5.31874e-05;-0.000106232;
0.0021028;5.31874e-05;-0.000106233;
0.0021128;5.31874e-05;-0.000106232;
0.0021228;5.31874e-05;-0.000106233;
0.0021328;5.31874e-05;-0.000106232;
0.0021428;5.31874e-05;-0.000106233;
0.0021528;5.31874e-05;-0.000106232;
0.0021628;5.31874e-05;-0.000106233;
0.0021728;5.31874e-05;-0.000106232;
0.0021828;5.31874e-05;-0.000106233;
0.0021928;5.31874e-05;-0.000106231;
0.0022028;5.31874e-05;-0.000106233;
0.0022128;5.31874e-05;-0.000106231;
0.0022228;5.31874e-05;-0.000106233;
0.0022328;5.31874e-05;-0.000106231;
0.0022428;5.31874e-05;-0.000106234;
0.0022528;5.31874e-05;-0.000106231;
0.0022628;5.31874e-05;-0.000106234;
0.0022728;5.31874e-05;-0.000106231;
0.0022828;5.31874e-05;-0.000106234;
0.0022928;5.31874e-05;-0.000106231;
0.0023028;5.31874e-05;-0.000106234;
0.0023128;5.31874e-05;-0.00010623;
0.0023228;5.31874e-05;-0.000106234;
0.0023328;5.31874e-05;-0.00010623;
0.0023428;5.31874e-05;-0.000106234;
0.0023528;5.31874e-05;-0.00010623;
0.0023628;5.31874e-05;-0.000106235;
0.0023728;5.31874e-05;-0.00010623;
0.0023828;5.31874e-05;-0.000106235;
0.0023928;5.31874e-05;-0.000106229;
0.0024028;5.31874e-05;-0.000106235;
0.0024128;5.31875e-05;-0.000106229;
0.0024228;5.31874e-05;-0.000106236;
0.0024328;5.31875e-05;-0.000106229;
0.0024428;5.31873e-05;-0.000106236;
0.0024528;5.31875e-05;-0.000106228;
0.0024628;5.31873e-05;-0.000106237;
0.0024728;5.31875e-05;-0.000106228;
0.0024828;5.31873e-05;-0.000106237;
0.0024928;5.31875e-05;-0.000106227;
0.0025028;5.31873e-05;-0.000106238;
0.0025128;5.31875e-05;-0.000106227;
0.0025228;5.31873e-05;-0.000106238;
0.0025328;5.31875e-05;-0.000106226;
0.0025428;5.31873e-05;-0.000106239;
0.0025528;5.31875e-05;-0.000106225;
0.0025628;5.31873e-05;-0.00010624;
0.0025728;5.31875e-05;-0.000106224;
0.0025828;5.31873e-05;-0.000106241;
0.0025928;5.31875e-05;-0.000106223;
0.0026028;5.31873e-05;-0.000106242;
0.0026128;5.31876e-05;-0.000106222;
0.0026228;5.31872e-05;-0.000106243;
0.0026328;5.31876e-05;-0.000106221;
0.0026428;5.31872e-05;-0.000106244;
0.0026528;5.31876e-05;-0.000106219;
0.0026628;5.31872e-05;-0.000106246;
0.0026728;5.31876e-05;-0.000106218;
0.0026828;5.31872e-05;-0.000106248;
0.0026928;5.31877e-05;-0.000106216;
0.0027028;5.31871e-05;-0.000106249;
0.0027128;5.31877e-05;-0.000106214;
0.0027228;5.31871e-05;-0.000106252;
0.0027328;5.31877e-05;-0.000106212;
0.0027428;5.31871e-05;-0.000106254;
0.0027528;5.31878e-05;-0.000106209;
0.0027628;5.3187e-05;-0.000106257;
0.0027728;5.31878e-05;-0.000106207;
0.0027828;5.3187e-05;-0.000106259;
0.0027928;5.31878e-05;-0.000106204;
0.0028028;5.31869e-05;-0.000106263;
0.0028128;5.31879e-05;-0.0001062;
0.0028228;5.31869e-05;-0.000106267;
0.0028328;5.3188e-05;-0.000106196;
0.0028428;5.31868e-05;-0.000106271;
0.0028528;5.3188e-05;-0.000106192;
0.0028628;5.31867e-05;-0.000106275;
0.0028728;5.31881e-05;-0.000106187;
0.0028828;5.31867e-05;-0.000106281;
0.0028928;5.31882e-05;-0.000106181;
0.0029028;5.31866e-05;-0.000106286;
0.0029128;5.31883e-05;-0.000106175;
0.0029228;5.31865e-05;-0.000106293;
0.0029328;5.31884e-05;-0.000106168;
0.0029428;5.31864e-05;-0.0001063;
0.0029528;5.31885e-05;-0.00010616;
0.0029628;5.31862e-05;-0.000106309;
0.0029728;5.31886e-05;-0.000106151;
0.0029828;5.31861e-05;-0.000106318;
0.0029928;5.31888e-05;-0.000106142;
0.0030028;5.31859e-05;-0.000106328;
0.0030128;5.3189e-05;-0.000106131;
0.0030228;5.31858e-05;-0.00010634;
0.0030328;5.31891e-05;-0.000106118;
0.0030428;5.31856e-05;-0.000106353;
0.0030528;5.31894e-05;-0.000106104;
0.0030628;5.31853e-05;-0.000106368;
0.0030728;5.31896e-05;-0.000106089;
0.0030828;5.31851e-05;-0.000106384;
0.0030928;5.31899e-05;-0.000106071;
0.0031028;5.31848e-05;-0.000106403;
0.0031128;5.31902e-05;-0.000106052;
0.0031228;5.31845e-05;-0.000106424;
0.0031328;5.31905e-05;-0.00010603;
0.0031428;5.31841e-05;-0.000106447;
0.0031528;5.31909e-05;-0.000106005;
0.0031628;5.31837e-05;-0.000106473;
0.0031728;5.31913e-05;-0.000105977;
0.0031828;5.31833e-05;-0.000106502;
0.0031928;5.31918e-05;-0.000105946;
0.0032028;5.31828e-05;-0.000106535;
0.0032128;5.31923e-05;-0.000105911;
0.0032228;5.31822e-05;-0.000106572;
0.0032328;5.31929e-05;-0.000105872;
0.0032428;5.31816e-05;-0.000106614;
0.0032528;5.31936e-05;-0.000105829;
0.0032628;5.31809e-05;-0.00010666;
0.0032728;5.31943e-05;-0.000105779;
0.0032828;5.31801e-05;-0.000106712;
0.0032928;5.31952e-05;-0.000105724;
0.0033028;5.31792e-05;-0.00010677;
0.0033128;5.31961e-05;-0.000105662;
0.0033228;5.31782e-05;-0.000106836;
0.0033328;5.31972e-05;-0.000105593;
0.0033428;5.31771e-05;-0.000106909;
0.0033528;5.31984e-05;-0.000105515;
0.0033628;5.31758e-05;-0.000106992;
0.0033728;5.31997e-05;-0.000105428;
0.0033828;5.31744e-05;-0.000107084;
0.0033928;5.32012e-05;-0.00010533;
0.0034028;5.31728e-05;-0.000107188;
0.0034128;5.32029e-05;-0.00010522;
0.0034228;5.3171e-05;-0.000107304;
0.0034328;5.32047e-05;-0.000105097;
0.0034428;5.3169e-05;-0.000107435;
0.0034528;5.32068e-05;-0.000104959;
0.0034628;5.31668e-05;-0.000107581;
0.0034728;5.32092e-05;-0.000104804;
0.0034828;5.31643e-05;-0.000107745;
0.0034928;5.32119e-05;-0.00010463;
0.0035028;5.31615e-05;-0.000107929;
0.0035128;5.32148e-05;-0.000104435;
0.0035228;5.31583e-05;-0.000108136;
0.0035328;5.32182e-05;-0.000104216;
0.0035428;5.31548e-05;-0.000108367;
0.0035528;5.32219e-05;-0.000103971;
0.0035628;5.31508e-05;-0.000108627;
0.0035728;5.32261e-05;-0.000103696;
0.0035828;5.31464e-05;-0.000108919;
0.0035928;5.32308e-05;-0.000103387;
0.0036028;5.31414e-05;-0.000109246;
0.0036128;5.32361e-05;-0.000103041;
0.0036228;5.31358e-05;-0.000109612;
0.0036328;5.32421e-05;-0.000102653;
0.0036428;5.31295e-05;-0.000110024;
0.0036528;5.32487e-05;-0.000102217;
0.0036628;5.31225e-05;-0.000110485;
0.0036728;5.32562e-05;-0.000101728;
0.0036828;5.31146e-05;-0.000111003;
0.0036928;5.32646e-05;-0.00010118;
0.0037028;5.31057e-05;-0.000111583;
0.0037128;5.32739e-05;-0.000100565;
0.0037228;5.30957e-05;-0.000112235;
0.0037328;5.32845e-05;-9.98754e-05;
0.0037428;5.30846e-05;-0.000112965;
0.0037528;5.32963e-05;-9.91017e-05;
0.0037628;5.30721e-05;-0.000113784;
0.0037728;5.33095e-05;-9.82338e-05;
0.0037828;5.3058e-05;-0.000114704;
0.0037928;5.33244e-05;-9.72604e-05;
0.0038028;5.30423e-05;-0.000115735;
0.0038128;5.33411e-05;-9.61684e-05;
0.0038228;5.30246e-05;-0.000116891;
0.0038328;5.33598e-05;-9.49436e-05;
0.0038428;5.30048e-05;-0.000118188;
0.00385272;5.33809e-05;-9.35635e-05;
0.00386251;5.29823e-05;-0.000119666;
0.00387213;5.34052e-05;-9.1972e-05;
0.00388149;5.29559e-05;-0.000121395;
0.00389051;5.34342e-05;-9.00735e-05;
0.00389912;5.29236e-05;-0.000123506;
0.00390721;5.34706e-05;-8.76878e-05;
0.0039147;5.28816e-05;-0.000126256;
0.00392069;5.3524e-05;-8.41927e-05;
0.00392533;5.28065e-05;-0.000131176;
0.00392815;5.36546e-05;-7.56381e-05;
0.0039296;5.24892e-05;-0.000151955;
0.00393018;5.52431e-05;2.83839e-05;
0.0039304;6.76191e-05;0.000838817;
0.0039305;8.48373e-05;0.00196637;
0.00393058;0.000107074;0.00342221;
0.00393065;0.0001421;0.00571552;
0.00393073;0.00020684;0.00995458;
0.0039308;0.000310425;0.0167357;
0.00393087;0.000492538;0.0286532;
0.00393095;0.000793362;0.0483342;
0.003931;0.00113803;0.0708761;
0.00393105;0.00159678;0.100861;
0.0039311;0.00224719;0.143347;
0.00393116;0.0032794;0.210782;
0.00393122;0.00505543;0.326954;
0.00393128;0.00799321;0.520085;
0.00393133;0.0109784;0.718056;
0.00393137;0.014345;0.943239;
0.00393138;0.0156824;1.03028;
0.00393139;0.0167053;1.09008;
0.0039314;0.0177001;1.1389;
0.0039314;0.0188158;1.18221;
0.00393141;0.0200951;1.22041;
0.00393141;0.0217859;1.25906;
0.00393142;0.0243;1.30394;
0.00393143;0.0273488;1.35437;
0.00393143;0.0283828;1.37479;
0.00393143;0.0290636;1.39304;
0.00393143;0.0296195;1.42012;
0.00393144;0.0297292;1.44474;
0.00393144;0.0293897;1.48596;
0.00393145;0.0286266;1.53137;
0.00393145;0.0277036;1.57661;
0.00393146;0.0265689;1.62803;
0.00393146;0.024755;1.70675;
0.00393148;0.0223936;1.80792;
0.00393149;0.0193005;1.94417;
0.00393151;0.0157189;2.11318;
0.00393153;0.0120456;2.3052;
0.00393155;0.00858568;2.51213;
0.00393157;0.00546718;2.73632;
0.0039316;0.00266634;3.00143;
0.00393162;0.000587548;3.29964;
0.00393166;-0.000657197;3.62474;
0.00393168;-0.00111064;3.86818;
0.0039317;-0.00132277;4.0877;
0.00393173;-0.00146898;4.35831;
0.00393176;-0.00156998;4.6078;
0.00393179;-0.0017164;4.91715;
0.00393182;-0.00191783;5.24491;
0.00393187;-0.00227232;5.71381;
0.00393194;-0.00286973;6.42513;
0.00393202;-0.00357227;7.25473;
0.00393211;-0.00434879;8.19104;
0.00393226;-0.00552758;9.61474;
0.00393233;-0.00671125;10.3145;
0.00393235;-0.0123426;10.3675;
0.00393237;-0.0156757;10.3791;
0.00393238;-0.0171563;10.3849;
0.00393239;-0.0181909;10.3901;
0.0039324;-0.0186093;10.394;
0.00393242;-0.0184061;10.3995;
0.00393243;-0.0172674;10.4044;
0.00393246;-0.0151368;10.4096;
0.00393248;-0.013146;10.4135;
0.00393249;-0.0116669;10.4164;
0.00393251;-0.0107348;10.4185;
0.00393252;-0.0100776;10.4203;
0.00393253;-0.00961508;10.422;
0.00393255;-0.00929132;10.4236;
0.00393256;-0.00912726;10.4251;
0.00393258;-0.00907238;10.4268;
0.00393259;-0.00912996;10.4284;
0.00393261;-0.00929285;10.4302;
0.00393264;-0.00953013;10.4321;
0.00393267;-0.0098428;10.4343;
0.0039327;-0.0101217;10.4363;
0.00393273;-0.0104287;10.4386;
0.00393278;-0.0107605;10.4413;
0.00393286;-0.0112525;10.4448;
0.00393295;-0.0118077;10.4481;
0.00393305;-0.0124939;10.4514;
0.00393326;-0.0138639;10.4564;
0.00393347;-0.0151986;10.4601;
0.00393383;-0.0175562;10.4646;
0.00393421;-0.0200021;10.4678;
0.00393496;-0.0248971;10.4717;
0.00393575;-0.0300694;10.4739;
0.00393713;-0.039038;10.4757;
0.00393859;-0.048544;10.4763;
0.00394076;-0.0627104;10.4766;
0.00394332;-0.079372;10.4767;
0.00394787;-0.109025;10.4767;
0.00395499;-0.155465;10.4767;
0.00396499;-0.220625;10.4767;
0.00397499;-0.285775;10.4767;
0.00398499;-0.350922;10.4767;
0.00399499;-0.416059;10.4767;
0.00400499;-0.481192;10.4767;
0.00401499;-0.546317;10.4767;
0.00402499;-0.611437;10.4767;
0.00403499;-0.676548;10.4767;
0.00404499;-0.741655;10.4767;
0.00405499;-0.806754;10.4767;
0.00406499;-0.871847;10.4767;
0.00407499;-0.936933;10.4767;
0.00408499;-1.00201;10.4767;
0.00409499;-1.06709;10.4767;
0.00410499;-1.13215;10.4767;
0.00411499;-1.19721;10.4767;
0.00412499;-1.26227;10.4767;
0.00413499;-1.32731;10.4767;
0.00414499;-1.39235;10.4767;
0.00415499;-1.45739;10.4767;
0.00416499;-1.52242;10.4767;
0.00417499;-1.58744;10.4767;
0.00418499;-1.65245;10.4767;
0.00419499;-1.71746;10.4767;
0.00420499;-1.78246;10.4767;
0.00421499;-1.84745;10.4767;
0.00422499;-1.91244;10.4767;
0.00423499;-1.97742;10.4767;
0.00424499;-2.0424;10.4767;
0.00425499;-2.10737;10.4767;
0.00426499;-2.17233;10.4767;
0.00427499;-2.23729;10.4767;
0.00428499;-2.30224;10.4767;
0.00429499;-2.36718;10.4767;
0.00430499;-2.43211;10.4767;
0.00431499;-2.49704;10.4767;
0.00432499;-2.56197;10.4767;
0.00433499;-2.62688;10.4767;
0.00434499;-2.69179;10.4767;
0.00435499;-2.7567;10.4767;
0.00436499;-2.82159;10.4767;
0.00437499;-2.88648;10.4767;
0.00438499;-2.95137;10.4767;
0.00439499;-3.01624;10.4767;
0.00440499;-3.08112;10.4767;
0.00441499;-3.14598;10.4767;
0.00442499;-3.21084;10.4767;
0.00443499;-3.27569;10.4767;
0.00444499;-3.34053;10.4767;
0.00445499;-3.40537;10.4767;
0.00446499;-3.4702;10.4767;
0.00447499;-3.53503;10.4767;
0.00448499;-3.59985;10.4767;
0.00449499;-3.66466;10.4767;
0.00450499;-3.72946;10.4767;
0.00451499;-3.79426;10.4767;
0.00452499;-3.85906;10.4767;
0.00453499;-3.92384;10.4767;
0.00454499;-3.98862;10.4767;
0.00455499;-4.05339;10.4767;
0.00456499;-4.11816;10.4767;
0.00457499;-4.18292;10.4767;
0.00458499;-4.24768;10.4767;
0.00459499;-4.31242;10.4767;
0.00460499;-4.37716;10.4767;
0.00461499;-4.4419;10.4767;
0.00462499;-4.50662;10.4767;
0.00463499;-4.57134;10.4767;
0.00464499;-4.63606;10.4767;
0.00465499;-4.70077;10.4767;
0.00466499;-4.76547;10.4767;
0.00467499;-4.83016;10.4767;
0.00468499;-4.89485;10.4767;
0.00469499;-4.95953;10.4767;
0.00470499;-5.02421;10.4767;
0.00471499;-5.08888;10.4767;
0.00472499;-5.15354;10.4767;
0.00473499;-5.2182;10.4767;
0.00474499;-5.28285;10.4767;
0.00475499;-5.34749;10.4767;
0.00476499;-5.41213;10.4767;
0.00477499;-5.47676;10.4767;
0.00478499;-5.54138;10.4767;
0.00479499;-5.606;10.4766;
0.00480499;-5.67061;10.4765;
0.00481499;-5.73521;10.4761;
0.00482499;-5.79981;10.4755;
0.00483499;-5.8644;10.4748;
0.00484499;-5.92898;10.4739;
0.00485499;-5.99356;10.4729;
0.00486499;-6.05813;10.4717;
0.00487499;-6.1227;10.4703;
0.00488499;-6.18725;10.4687;
0.00489499;-6.25181;10.4668;
0.00490499;-6.31635;10.4647;
0.00491499;-6.38089;10.4624;
0.00492499;-6.44542;10.4596;
0.00493499;-6.50994;10.4564;
0.00494499;-6.57446;10.4527;
0.00495499;-6.63897;10.4481;
0.00496499;-6.70347;10.4424;
0.00497499;-6.76797;10.4348;
0.00498499;-6.83246;10.4233;
0.00499499;-6.89694;10.3984;
0.00499531;-6.89896;10.3969;
0.00499593;-6.903;10.3936;
0.00499719;-6.91109;10.3844;
0.00499793;-6.91585;10.3758;
0.00499842;-6.91907;10.3666;
0.00499874;-6.92113;10.357;
0.00499894;-6.92243;10.3473;
0.00499906;-6.92317;10.3389;
0.00499914;-6.9237;10.3306;
0.0049992;-6.92412;10.3215;
0.00499925;-6.92451;10.3104;
0.0049993;-6.92492;10.2943;
0.00499935;-6.92542;10.2687;
0.00499941;-6.92602;10.2265;
0.00499947;-6.92673;10.1506;
0.00499956;-6.92781;9.97643;
0.00499963;-6.92897;9.75136;
0.00499972;-6.93071;9.34372;
0.0049998;-6.93248;8.7483;
0.00499984;-6.93306;8.36872;
0.00499988;-6.93301;8.02937;
0.00499992;-6.93216;7.58612;
0.00499997;-6.93104;7.13833;
0.00499999;-6.93059;6.89288;
0.00500002;-6.93035;6.63935;
0.00500005;-6.9303;6.34991;
0.00500008;-6.93046;5.95391;
0.00500012;-6.93069;5.59591;
0.00500016;-6.93096;5.16124;
0.0050002;-6.93118;4.75406;
0.00500027;-6.93147;4.1338;
0.00500038;-6.93198;3.00532;
0.00500048;-6.93246;1.91709;
0.00500053;-6.93266;1.39988;
0.00500056;-6.93276;1.08703;
0.0050006;-6.93285;0.737494;
0.00500062;-6.93289;0.559729;
0.00500063;-6.93307;0.451834;
0.00500063;-6.93366;0.387742;
0.00500064;-6.93484;0.347758;
0.00500064;-6.93667;0.320218;
0.00500064;-6.93982;0.292804;
0.00500064;-6.94549;0.257314;
0.00500065;-6.95276;0.218457;
0.00500065;-6.96372;0.163442;
0.00500065;-6.97526;0.105771;
0.00500066;-6.98972;0.0293789;
0.00500066;-7.00573;-0.0668271;
0.00500067;-7.01743;-0.153204;
0.00500068;-7.02608;-0.237531;
0.00500068;-7.03221;-0.32912;
0.00500069;-7.03521;-0.474039;
0.00500071;-7.03061;-0.631316;
0.00500072;-7.02075;-0.787201;
0.00500073;-7.00857;-0.940893;
0.00500075;-6.99421;-1.11614;
0.00500076;-6.98115;-1.2881;
0.00500077;-6.96944;-1.46896;
0.00500079;-6.96002;-1.6495;
0.0050008;-6.95299;-1.78363;
0.00500081;-6.94551;-1.86933;
0.00500082;-6.93323;-1.96333;
0.00500082;-6.92604;-2.01183;
0.00500082;-6.91881;-2.06141;
0.00500083;-6.91178;-2.11844;
0.00500083;-6.90864;-2.17161;
0.00500084;-6.9086;-2.21617;
0.00500084;-6.90964;-2.26429;
0.00500085;-6.91117;-2.31641;
0.00500085;-6.91315;-2.37491;
0.00500086;-6.91584;-2.44709;
0.00500087;-6.91845;-2.51448;
0.00500087;-6.92205;-2.60788;
0.00500088;-6.92582;-2.71216;
0.00500089;-6.9294;-2.82517;
0.00500091;-6.9323;-2.93601;
0.00500092;-6.93458;-3.04776;
0.00500093;-6.9361;-3.15035;
0.00500094;-6.93714;-3.25229;
0.00500095;-6.9379;-3.38799;
0.00500097;-6.93799;-3.627;
0.00500099;-6.93706;-3.86971;
0.00500102;-6.93588;-4.0881;
0.00500104;-6.93449;-4.34134;
0.00500106;-6.93339;-4.57218;
0.00500109;-6.93232;-4.85383;
0.00500112;-6.93145;-5.15959;
0.00500117;-6.93049;-5.63203;
0.0050012;-6.92987;-6.02839;
0.00500124;-6.92929;-6.45228;
0.00500129;-6.9287;-6.91718;
0.00500135;-6.92798;-7.52254;
0.00500144;-6.92699;-8.4262;
0.00500157;-6.92558;-9.81243;
0.00500162;-6.9247;-10.2969;
0.00500164;-6.92025;-10.3583;
0.00500165;-6.91708;-10.3713;
0.00500166;-6.91522;-10.3778;
0.00500167;-6.91349;-10.3834;
0.00500167;-6.91209;-10.3881;
0.00500169;-6.91074;-10.3934;
0.0050017;-6.90989;-10.3985;
0.00500172;-6.90978;-10.404;
0.00500174;-6.9104;-10.4083;
0.00500176;-6.91186;-10.4132;
0.00500179;-6.91363;-10.4176;
0.00500181;-6.91537;-10.4216;
0.00500184;-6.91667;-10.4248;
0.00500187;-6.91773;-10.4281;
0.00500191;-6.91851;-10.4316;
0.00500195;-6.91892;-10.4345;
0.00500198;-6.91912;-10.4369;
0.00500202;-6.91923;-10.4394;
0.00500207;-6.91922;-10.4417;
0.00500212;-6.91912;-10.4442;
0.00500216;-6.91895;-10.4462;
0.00500221;-6.91872;-10.4481;
0.00500226;-6.91847;-10.4498;
0.00500232;-6.91811;-10.4517;
0.00500239;-6.91771;-10.4536;
0.00500247;-6.91718;-10.4557;
0.00500257;-6.91656;-10.4577;
0.0050027;-6.91574;-10.46;
0.00500285;-6.91473;-10.4624;
0.00500307;-6.91326;-10.4651;
0.00500339;-6.91122;-10.468;
0.0050039;-6.90788;-10.4712;
0.00500465;-6.90294;-10.474;
0.00500581;-6.89532;-10.4761;
0.00500726;-6.88581;-10.4772;
0.00500906;-6.87401;-10.4776;
0.00501141;-6.85866;-10.4777;
0.00501489;-6.83585;-10.4777;
0.00502066;-6.79805;-10.4777;
0.00503066;-6.73253;-10.4777;
0.00504066;-6.66701;-10.4777;
0.00505066;-6.60151;-10.4777;
0.00506066;-6.53601;-10.4777;
0.00507066;-6.47051;-10.4777;
0.00508066;-6.40503;-10.4777;
0.00509066;-6.33955;-10.4777;
0.00510066;-6.27407;-10.4777;
0.00511066;-6.20861;-10.4777;
0.00512066;-6.14315;-10.4776;
0.00513066;-6.07769;-10.4776;
0.00514066;-6.01225;-10.4776;
0.00515066;-5.9468;-10.4776;
0.00516066;-5.88137;-10.4776;
0.00517066;-5.81594;-10.4776;
0.00518066;-5.75052;-10.4776;
0.00519066;-5.68511;-10.4776;
0.00520066;-5.6197;-10.4776;
0.00521066;-5.5543;-10.4776;
0.00522066;-5.4889;-10.4776;
0.00523066;-5.42352;-10.4776;
0.00524066;-5.35813;-10.4776;
0.00525066;-5.29276;-10.4776;
0.00526066;-5.22739;-10.4776;
0.00527066;-5.16203;-10.4776;
0.00528066;-5.09667;-10.4776;
0.00529066;-5.03133;-10.4776;
0.00530066;-4.96598;-10.4776;
0.00531066;-4.90065;-10.4776;
0.00532066;-4.83532;-10.4776;
0.00533066;-4.77;-10.4775;
0.00534066;-4.70468;-10.4775;
0.00535066;-4.63937;-10.4775;
0.00536066;-4.57407;-10.4775;
0.00537066;-4.50877;-10.4775;
0.00538066;-4.44348;-10.4775;
0.00539066;-4.3782;-10.4775;
0.00540066;-4.31293;-10.4775;
0.00541066;-4.24766;-10.4775;
0.00542066;-4.18239;-10.4775;
0.00543066;-4.11714;-10.4775;
0.00544066;-4.05189;-10.4775;
0.00545066;-3.98664;-10.4775;
0.00546066;-3.9214;-10.4775;
0.00547066;-3.85617;-10.4775;
0.00548066;-3.79095;-10.4775;
0.00549066;-3.72573;-10.4775;
0.00550066;-3.66052;-10.4775;
0.00551066;-3.59532;-10.4775;
0.00552066;-3.53012;-10.4775;
0.00553066;-3.46493;-10.4775;
0.00554066;-3.39974;-10.4774;
0.00555066;-3.33457;-10.4774;
0.00556066;-3.26939;-10.4774;
0.00557066;-3.20423;-10.4774;
0.00558066;-3.13907;-10.4774;
0.00559066;-3.07392;-10.4774;
0.00560066;-3.00877;-10.4774;
0.00561066;-2.94364;-10.4774;
0.00562066;-2.8785;-10.4774;
0.00563066;-2.81338;-10.4774;
0.00564066;-2.74826;-10.4774;
0.00565066;-2.68315;-10.4774;
0.00566066;-2.61804;-10.4774;
0.00567066;-2.55294;-10.4774;
0.00568066;-2.48785;-10.4774;
0.00569066;-2.42276;-10.4774;
0.00570066;-2.35768;-10.4774;
0.00571066;-2.29261;-10.4774;
0.00572066;-2.22754;-10.4774;
0.00573066;-2.16248;-10.4774;
0.00574066;-2.09743;-10.4773;
0.00575066;-2.03238;-10.4773;
0.00576066;-1.96734;-10.4773;
0.00577066;-1.90231;-10.4773;
0.00578066;-1.83728;-10.4773;
0.00579066;-1.77226;-10.4773;
0.00580066;-1.70724;-10.4773;
0.00581066;-1.64223;-10.4773;
0.00582066;-1.57723;-10.4773;
0.00583066;-1.51224;-10.4773;
0.00584066;-1.44725;-10.4773;
0.00585066;-1.38227;-10.4773;
0.00586066;-1.31729;-10.4773;
0.00587066;-1.25232;-10.4773;
0.00588066;-1.18736;-10.4773;
0.00589066;-1.12241;-10.4773;
0.00590066;-1.05746;-10.4773;
0.00591066;-0.992514;-10.4773;
0.00592066;-0.927578;-10.4773;
0.00593066;-0.862648;-10.4773;
0.00594066;-0.797725;-10.4773;
0.00595066;-0.732809;-10.4772;
0.00596066;-0.667899;-10.4772;
0.00597066;-0.602995;-10.4772;
0.00598066;-0.538098;-10.4772;
0.00599066;-0.473208;-10.4772;
0.00600066;-0.408324;-10.4772;
0.00601066;-0.343446;-10.4772;
0.00602066;-0.278575;-10.4772;
0.00603066;-0.213711;-10.4772;
0.00604066;-0.148853;-10.4772;
0.00605066;-0.0840019;-10.4772;
0.00606066;-0.0191571;-10.4772;
0.00607066;0.0456812;-10.4772;
0.00608066;0.110513;-10.4772;
0.00609066;0.175338;-10.4772;
0.00610066;0.240157;-10.4772;
0.00611066;0.304969;-10.4772;
0.00612066;0.369775;-10.4772;
0.00613066;0.434574;-10.4772;
0.00614066;0.499367;-10.4772;
0.00615066;0.564153;-10.4771;
0.00616066;0.628933;-10.4771;
0.00617066;0.693706;-10.4771;
0.00618066;0.758473;-10.4771;
0.00619066;0.823233;-10.4771;
0.00620066;0.887986;-10.4771;
0.00621066;0.952733;-10.4771;
0.00622066;1.01747;-10.4771;
0.00623066;1.08221;-10.4771;
0.00624066;1.14694;-10.4771;
0.00625066;1.21166;-10.4771;
0.00626066;1.27637;-10.4771;
0.00627066;1.34108;-10.4771;
0.00628066;1.40578;-10.4771;
0.00629066;1.47048;-10.4771;
0.00630066;1.53516;-10.4771;
0.00631066;1.59985;-10.4771;
0.00632066;1.66452;-10.4771;
0.00633066;1.72919;-10.4771;
0.00634066;1.79385;-10.4771;
0.00635066;1.85851;-10.4771;
0.00636066;1.92316;-10.477;
0.00637066;1.9878;-10.477;
0.00638066;2.05244;-10.477;
0.00639066;2.11707;-10.477;
0.00640066;2.18169;-10.477;
0.00641066;2.24631;-10.477;
0.00642066;2.31092;-10.477;
0.00643066;2.37552;-10.477;
0.00644066;2.44012;-10.477;
0.00645066;2.50471;-10.477;
0.00646066;2.5693;-10.477;
0.00647066;2.63388;-10.477;
0.00648066;2.69845;-10.477;
0.00649066;2.76301;-10.477;
0.00650066;2.82757;-10.477;
0.00651066;2.89212;-10.477;
0.00652066;2.95667;-10.477;
0.00653066;3.02121;-10.477;
0.00654066;3.08574;-10.477;
0.00655066;3.15027;-10.477;
0.00656066;3.21479;-10.4769;
0.00657066;3.2793;-10.4769;
0.00658066;3.34381;-10.4769;
0.00659066;3.40831;-10.4769;
0.00660066;3.4728;-10.4769;
0.00661066;3.53729;-10.4769;
0.00662066;3.60177;-10.4769;
0.00663066;3.66624;-10.4769;
0.00664066;3.73071;-10.4769;
0.00665066;3.79517;-10.4769;
0.00666066;3.85963;-10.4769;
0.00667066;3.92408;-10.4769;
0.00668066;3.98852;-10.4769;
0.00669066;4.05295;-10.4769;
0.00670066;4.11738;-10.4769;
0.00671066;4.18181;-10.4769;
0.00672066;4.24622;-10.4769;
0.00673066;4.31063;-10.4769;
0.00674066;4.37504;-10.4769;
0.00675066;4.43943;-10.4769;
0.00676066;4.50382;-10.4769;
0.00677066;4.56821;-10.4768;
0.00678066;4.63258;-10.4768;
0.00679066;4.69695;-10.4768;
0.00680066;4.76132;-10.4768;
0.00681066;4.82568;-10.4768;
0.00682066;4.89003;-10.4768;
0.00683066;4.95437;-10.4768;
0.00684066;5.01871;-10.4768;
0.00685066;5.08304;-10.4768;
0.00686066;5.14737;-10.4768;
0.00687066;5.21169;-10.4768;
0.00688066;5.276;-10.4768;
0.00689066;5.34031;-10.4768;
0.00690066;5.40461;-10.4768;
0.00691066;5.4689;-10.4768;
0.00692066;5.53319;-10.4768;
0.00693066;5.59747;-10.4767;
0.00694066;5.66174;-10.4766;
0.00695066;5.72601;-10.4762;
0.00696066;5.79027;-10.4757;
0.00697066;5.85452;-10.475;
0.00698066;5.91877;-10.4741;
0.00699066;5.98301;-10.4731;
0.00700066;6.04724;-10.4719;
0.00701066;6.11147;-10.4706;
0.00702066;6.17569;-10.469;
0.00703066;6.23991;-10.4672;
0.00704066;6.30412;-10.4652;
0.00705066;6.36832;-10.4629;
0.00706066;6.43251;-10.4602;
0.00707066;6.4967;-10.4571;
0.00708066;6.56088;-10.4535;
0.00709066;6.62505;-10.4492;
0.00710066;6.68922;-10.4438;
0.00711066;6.75338;-10.4368;
0.00712066;6.81753;-10.4265;
0.00713066;6.88167;-10.4075;
0.00713169;6.8883;-10.404;
0.00713376;6.90157;-10.395;
0.00713402;6.90324;-10.3935;
0.00713454;6.90658;-10.3902;
0.00713558;6.91326;-10.381;
0.00713622;6.91738;-10.372;
0.00713664;6.92004;-10.3625;
0.00713692;6.92183;-10.3521;
0.00713706;6.92277;-10.3435;
0.00713716;6.92341;-10.3351;
0.00713723;6.92389;-10.3264;
0.00713728;6.92431;-10.3162;
0.00713733;6.92471;-10.3032;
0.00713738;6.92517;-10.2838;
0.00713744;6.92587;-10.2449;
0.0071375;6.92659;-10.1907;
0.00713758;6.92773;-10.063;
0.00713767;6.92934;-9.82523;
0.00713775;6.93132;-9.48089;
0.00713784;6.93382;-8.93287;
0.00713788;6.93509;-8.53476;
0.00713792;6.93562;-8.16826;
0.00713796;6.93528;-7.75771;
0.00713801;6.93404;-7.28542;
0.00713805;6.93277;-6.85162;
0.00713809;6.932;-6.51031;
0.00713812;6.93143;-6.11619;
0.00713817;6.93109;-5.68848;
0.00713821;6.93093;-5.29382;
0.00713825;6.93086;-4.81974;
0.00713831;6.93085;-4.28831;
0.00713837;6.93092;-3.62191;
0.00713846;6.93108;-2.76493;
0.00713857;6.93134;-1.61701;
0.00713868;6.93148;-0.518638;
0.00713872;6.93144;-0.193154;
0.00713873;6.9362;-0.0399592;
0.00713873;6.94717;0.0378189;
0.00713874;6.95914;0.100736;
0.00713874;6.97224;0.167283;
0.00713875;6.98384;0.228138;
0.00713876;7.00291;0.340019;
0.00713876;7.01793;0.453502;
0.00713877;7.02905;0.594331;
0.00713878;7.03161;0.735831;
0.00713879;7.02815;0.854624;
0.0071388;7.02163;0.967155;
0.00713881;7.0126;1.08728;
0.00713882;7.0023;1.21077;
0.00713883;6.99059;1.34992;
0.00713885;6.9769;1.52503;
0.00713886;6.96463;1.70043;
0.00713887;6.95794;1.78252;
0.00713887;6.95147;1.84039;
0.00713888;6.94299;1.90123;
0.00713889;6.93043;1.98133;
0.0071389;6.91471;2.08093;
0.0071389;6.90708;2.14058;
0.00713891;6.90409;2.18959;
0.00713891;6.90382;2.23661;
0.00713892;6.90461;2.28423;
0.00713892;6.90615;2.34547;
0.00713893;6.90859;2.4249;
0.00713894;6.91201;2.52616;
0.00713895;6.91542;2.6259;
0.00713896;6.91901;2.7383;
0.00713897;6.92218;2.85263;
0.00713898;6.92505;2.98122;
0.007139;6.92722;3.11233;
0.00713901;6.92883;3.25695;
0.00713903;6.9298;3.40862;
0.00713904;6.93028;3.58729;
0.00713906;6.93033;3.72024;
0.00713907;6.93023;3.85541;
0.00713909;6.93001;4.01543;
0.0071391;6.92973;4.19154;
0.00713912;6.92945;4.37827;
0.00713914;6.92919;4.58819;
0.00713917;6.92893;4.83601;
0.0071392;6.92866;5.16269;
0.00713924;6.92838;5.53578;
0.00713928;6.92805;5.95071;
0.00713933;6.92764;6.4318;
0.00713939;6.92713;7.02979;
0.00713947;6.92645;7.83208;
0.00713959;6.92546;9.02358;
0.00713964;6.92499;9.58089;
0.00713968;6.92471;9.92031;
0.0071397;6.92454;10.1169;
0.00713971;6.92441;10.2306;
0.00713972;6.92402;10.2932;
0.00713972;6.92306;10.3246;
0.00713973;6.92139;10.3448;
0.00713974;6.91928;10.3585;
0.00713975;6.91714;10.3683;
0.00713975;6.91524;10.3757;
0.00713976;6.91367;10.3819;
0.00713978;6.91237;10.388;
0.00713979;6.91175;10.3939;
0.00713981;6.91217;10.4001;
0.00713983;6.91354;10.4051;
0.00713985;6.9157;10.4101;
0.00713987;6.9176;10.4138;
0.00713988;6.91897;10.4165;
0.0071399;6.91986;10.4186;
0.00713991;6.92049;10.4204;
0.00713992;6.92092;10.4221;
0.00713994;6.92122;10.4237;
0.00713995;6.92137;10.4252;
0.00713997;6.9214;10.4269;
0.00713999;6.92133;10.4285;
0.00714001;6.92115;10.4303;
0.00714003;6.9209;10.4323;
0.00714006;6.92059;10.4344;
0.00714009;6.92031;10.4365;
0.00714013;6.92;10.4389;
0.00714018;6.91964;10.4417;
0.00714026;6.91914;10.4452;
0.00714035;6.91858;10.4484;
0.00714046;6.91785;10.4518;
0.00714068;6.91638;10.457;
0.00714089;6.91499;10.4606;
0.00714126;6.91254;10.4651;
0.00714165;6.91;10.4682;
0.00714242;6.90491;10.472;
0.00714325;6.89945;10.4741;
0.00714467;6.89013;10.4758;
0.00714615;6.88033;10.4764;
0.00714839;6.8656;10.4766;
0.00715104;6.84814;10.4767;
0.00715584;6.81652;10.4767;
0.00716348;6.7662;10.4767;
0.00717348;6.70035;10.4767;
0.00718348;6.6345;10.4767;
0.00719348;6.56866;10.4767;
0.00720348;6.50283;10.4767;
0.00721348;6.437;10.4767;
0.00722348;6.37118;10.4767;
0.00723348;6.30536;10.4767;
0.00724348;6.23956;10.4767;
0.00725348;6.17375;10.4767;
0.00726348;6.10796;10.4767;
0.00727348;6.04217;10.4767;
0.00728348;5.97639;10.4767;
0.00729348;5.91062;10.4767;
0.00730348;5.84485;10.4767;
0.00731348;5.77909;10.4767;
0.00732348;5.71333;10.4767;
0.00733348;5.64758;10.4767;
0.00734348;5.58184;10.4767;
0.00735348;5.51611;10.4767;
0.00736348;5.45038;10.4767;
0.00737348;5.38466;10.4767;
0.00738348;5.31894;10.4767;
0.00739348;5.25323;10.4767;
0.00740348;5.18753;10.4767;
0.00741348;5.12184;10.4767;
0.00742348;5.05615;10.4767;
0.00743348;4.99047;10.4767;
0.00744348;4.92479;10.4767;
0.00745348;4.85912;10.4767;
0.00746348;4.79346;10.4767;
0.00747348;4.7278;10.4767;
0.00748348;4.66216;10.4767;
0.00749348;4.59651;10.4767;
0.00750348;4.53088;10.4767;
0.00751348;4.46525;10.4767;
0.00752348;4.39963;10.4767;
0.00753348;4.33401;10.4767;
0.00754348;4.2684;10.4767;
0.00755348;4.2028;10.4767;
0.00756348;4.1372;10.4767;
0.00757348;4.07161;10.4767;
0.00758348;4.00603;10.4767;
0.00759348;3.94045;10.4767;
0.00760348;3.87488;10.4767;
0.00761348;3.80932;10.4767;
0.00762348;3.74376;10.4767;
0.00763348;3.67821;10.4767;
0.00764348;3.61267;10.4767;
0.00765348;3.54713;10.4767;
0.00766348;3.4816;10.4767;
0.00767348;3.41608;10.4767;
0.00768348;3.35056;10.4767;
0.00769348;3.28505;10.4767;
0.00770348;3.21955;10.4767;
0.00771348;3.15405;10.4767;
0.00772348;3.08856;10.4767;
0.00773348;3.02307;10.4767;
0.00774348;2.9576;10.4767;
0.00775348;2.89212;10.4767;
0.00776348;2.82666;10.4767;
0.00777348;2.7612;10.4767;
0.00778348;2.69575;10.4767;
0.00779348;2.6303;10.4767;
0.00780348;2.56487;10.4767;
0.00781348;2.49943;10.4767;
0.00782348;2.43401;10.4767;
0.00783348;2.36859;10.4767;
0.00784348;2.30318;10.4767;
0.00785348;2.23777;10.4767;
0.00786348;2.17238;10.4767;
0.00787348;2.10698;10.4767;
0.00788348;2.0416;10.4767;
0.00789348;1.97622;10.4767;
0.00790348;1.91085;10.4767;
0.00791348;1.84548;10.4767;
0.00792348;1.78012;10.4767;
0.00793348;1.71477;10.4767;
0.00794348;1.64942;10.4767;
0.00795348;1.58408;10.4767;
0.00796348;1.51875;10.4767;
0.00797348;1.45342;10.4767;
0.00798348;1.3881;10.4767;
0.00799348;1.32279;10.4767;
0.00800348;1.25748;10.4767;
0.00801348;1.19218;10.4767;
0.00802348;1.12689;10.4767;
0.00803348;1.0616;10.4767;
0.00804348;0.996321;10.4767;
0.00805348;0.931046;10.4767;
0.00806348;0.865779;10.4767;
0.00807348;0.800518;10.4767;
0.00808348;0.735264;10.4767;
0.00809348;0.670016;10.4767;
0.00810348;0.604775;10.4767;
0.00811348;0.53954;10.4767;
0.00812348;0.474312;10.4767;
0.00813348;0.40909;10.4767;
0.00814348;0.343876;10.4767;
0.00815348;0.278667;10.4767;
0.00816348;0.213465;10.4767;
0.00817348;0.148269;10.4767;
0.00818348;0.0830813;10.4767;
0.00819348;0.0178983;10.4767;
0.00820348;-0.0472767;10.4767;
0.00821348;-0.112447;10.4767;
0.00822348;-0.177608;10.4767;
0.00823348;-0.242765;10.4767;
0.00824348;-0.307914;10.4767;
0.00825348;-0.373058;10.4767;
0.00826348;-0.438193;10.4767;
0.00827348;-0.503324;10.4767;
0.00828348;-0.568447;10.4767;
0.00829348;-0.633564;10.4767;
0.00830348;-0.698674;10.4767;
0.00831348;-0.763778;10.4767;
0.00832348;-0.828874;10.4767;
0.00833348;-0.893966;10.4767;
0.00834348;-0.959049;10.4767;
0.00835348;-1.02413;10.4767;
0.00836348;-1.0892;10.4767;
0.00837348;-1.15426;10.4767;
0.00838348;-1.21932;10.4767;
0.00839348;-1.28437;10.4767;
0.00840348;-1.34942;10.4767;
0.00841348;-1.41446;10.4767;
0.00842348;-1.47949;10.4767;
0.00843348;-1.54451;10.4767;
0.00844348;-1.60953;10.4767;
0.00845348;-1.67454;10.4767;
0.00846348;-1.73955;10.4767;
0.00847348;-1.80455;10.4767;
0.00848348;-1.86954;10.4767;
0.00849348;-1.93453;10.4767;
0.00850348;-1.9995;10.4767;
0.00851348;-2.06448;10.4767;
0.00852348;-2.12944;10.4767;
0.00853348;-2.1944;10.4767;
0.00854348;-2.25936;10.4767;
0.00855348;-2.32431;10.4767;
0.00856348;-2.38924;10.4767;
0.00857348;-2.45418;10.4767;
0.00858348;-2.51911;10.4767;
0.00859348;-2.58403;10.4767;
0.00860348;-2.64894;10.4767;
0.00861348;-2.71385;10.4767;
0.00862348;-2.77875;10.4767;
0.00863348;-2.84365;10.4767;
0.00864348;-2.90853;10.4767;
0.00865348;-2.97341;10.4767;
0.00866348;-3.03829;10.4767;
0.00867348;-3.10316;10.4767;
0.00868348;-3.16802;10.4767;
0.00869348;-3.23288;10.4767;
0.00870348;-3.29772;10.4767;
0.00871348;-3.36257;10.4767;
0.00872348;-3.4274;10.4767;
0.00873348;-3.49223;10.4767;
0.00874348;-3.55706;10.4767;
0.00875348;-3.62187;10.4767;
0.00876348;-3.68668;10.4767;
0.00877348;-3.75149;10.4767;
0.00878348;-3.81628;10.4767;
0.00879348;-3.88107;10.4767;
0.00880348;-3.94586;10.4767;
0.00881348;-4.01063;10.4767;
0.00882348;-4.0754;10.4767;
0.00883348;-4.14017;10.4767;
0.00884348;-4.20493;10.4767;
0.00885348;-4.26968;10.4767;
0.00886348;-4.33442;10.4767;
0.00887348;-4.39916;10.4767;
0.00888348;-4.46389;10.4767;
0.00889348;-4.52862;10.4767;
0.00890348;-4.59334;10.4767;
0.00891348;-4.65805;10.4767;
0.00892348;-4.72275;10.4767;
0.00893348;-4.78745;10.4767;
0.00894348;-4.85215;10.4767;
0.00895348;-4.91683;10.4767;
0.00896348;-4.98151;10.4767;
0.00897348;-5.04619;10.4767;
0.00898348;-5.11085;10.4767;
0.00899348;-5.17551;10.4767;
0.00900348;-5.24017;10.4767;
0.00901348;-5.30482;10.4767;
0.00902348;-5.36946;10.4767;
0.00903348;-5.43409;10.4767;
0.00904348;-5.49872;10.4767;
0.00905348;-5.56334;10.4767;
0.00906348;-5.62795;10.4766;
0.00907348;-5.69256;10.4763;
0.00908348;-5.75716;10.4759;
0.00909348;-5.82176;10.4753;
0.00910348;-5.88635;10.4745;
0.00911348;-5.95093;10.4736;
0.00912348;-6.0155;10.4725;
0.00913348;-6.08007;10.4712;
0.00914348;-6.14464;10.4697;
0.00915348;-6.20919;10.4681;
0.00916348;-6.27374;10.4661;
0.00917348;-6.33828;10.464;
0.00918348;-6.40282;10.4615;
0.00919348;-6.46735;10.4586;
0.00920348;-6.53187;10.4552;
0.00921348;-6.59638;10.4512;
0.00922348;-6.66089;10.4463;
0.00923348;-6.72539;10.4401;
0.00924348;-6.78988;10.4316;
0.00925348;-6.85437;10.4176;
0.00925473;-6.86243;10.4151;
0.00925723;-6.87855;10.409;
0.00926016;-6.89742;10.3984;
0.00926056;-6.90004;10.3964;
0.00926138;-6.90527;10.3917;
0.00926231;-6.91128;10.3844;
0.009263;-6.91572;10.3765;
0.00926348;-6.91885;10.3679;
0.00926382;-6.92102;10.3584;
0.00926404;-6.92245;10.3482;
0.00926416;-6.92324;10.3397;
0.00926424;-6.92379;10.3312;
0.0092643;-6.92421;10.3223;
0.00926435;-6.9246;10.3115;
0.00926441;-6.92501;10.296;
0.00926446;-6.92549;10.2715;
0.00926451;-6.92609;10.2307;
0.00926457;-6.92678;10.16;
0.00926466;-6.92783;9.99415;
0.00926474;-6.929;9.77026;
0.00926483;-6.93075;9.36552;
0.0092649;-6.93247;8.81114;
0.00926494;-6.9331;8.46578;
0.00926498;-6.93321;8.13835;
0.00926502;-6.93262;7.74259;
0.00926506;-6.93155;7.31929;
0.00926508;-6.93097;7.06211;
0.00926511;-6.93063;6.83137;
0.00926514;-6.93044;6.53479;
0.00926517;-6.93047;6.18658;
0.0092652;-6.93064;5.86526;
0.00926524;-6.93086;5.51772;
0.00926528;-6.93112;5.09269;
0.00926533;-6.93136;4.63554;
0.00926539;-6.93167;3.95832;
0.0092655;-6.93215;2.87529;
0.00926562;-6.93267;1.68629;
0.00926567;-6.93288;1.11853;
0.0092657;-6.93296;0.772703;
0.00926572;-6.933;0.571148;
0.00926574;-6.93319;0.451907;
0.00926574;-6.93387;0.383332;
0.00926575;-6.93529;0.341684;
0.00926575;-6.93752;0.313089;
0.00926575;-6.94128;0.283906;
0.00926575;-6.94846;0.241794;
0.00926576;-6.95644;0.200583;
0.00926576;-6.96774;0.144309;
0.00926576;-6.97975;0.083549;
0.00926577;-6.99519;-0.00079962;
0.00926578;-7.00951;-0.0917176;
0.00926578;-7.02153;-0.188636;
0.00926579;-7.02904;-0.273977;
0.0092658;-7.0345;-0.38924;
0.00926581;-7.03406;-0.545887;
0.00926582;-7.02689;-0.698635;
0.00926583;-7.01558;-0.855535;
0.00926585;-7.00273;-1.01258;
0.00926586;-6.98798;-1.19691;
0.00926588;-6.97593;-1.36598;
0.00926589;-6.96495;-1.55199;
0.00926591;-6.95606;-1.73312;
0.00926591;-6.94929;-1.83295;
0.00926592;-6.9397;-1.91762;
0.00926593;-6.93042;-1.98289;
0.00926593;-6.92355;-2.02933;
0.00926594;-6.9152;-2.08911;
0.00926594;-6.90942;-2.15353;
0.00926595;-6.90856;-2.20311;
0.00926595;-6.9094;-2.24989;
0.00926595;-6.91062;-2.29498;
0.00926596;-6.91288;-2.36429;
0.00926597;-6.9153;-2.43012;
0.00926597;-6.918;-2.50002;
0.00926598;-6.92114;-2.58096;
0.00926599;-6.92516;-2.69002;
0.009266;-6.92864;-2.79583;
0.00926601;-6.93186;-2.91258;
0.00926602;-6.93419;-3.02041;
0.00926603;-6.93575;-3.11511;
0.00926604;-6.93692;-3.21393;
0.00926605;-6.9378;-3.33561;
0.00926607;-6.93822;-3.53464;
0.0092661;-6.93755;-3.79135;
0.00926612;-6.93635;-4.02518;
0.00926614;-6.93507;-4.25377;
0.00926616;-6.93385;-4.49528;
0.00926619;-6.9328;-4.75141;
0.00926622;-6.93185;-5.0524;
0.00926626;-6.93096;-5.43864;
0.0092663;-6.93025;-5.85538;
0.00926634;-6.92966;-6.26455;
0.00926638;-6.92904;-6.73529;
0.00926643;-6.92842;-7.25011;
0.00926651;-6.92754;-8.02115;
0.00926662;-6.92634;-9.17643;
0.00926666;-6.92587;-9.6321;
0.00926669;-6.92559;-9.91928;
0.0092667;-6.92542;-10.0848;
0.00926672;-6.92529;-10.2017;
0.00926672;-6.92503;-10.2757;
0.00926673;-6.92424;-10.316;
0.00926674;-6.92277;-10.339;
0.00926674;-6.92067;-10.3549;
0.00926675;-6.91875;-10.3644;
0.00926676;-6.91646;-10.3733;
0.00926677;-6.91447;-10.3801;
0.00926678;-6.9125;-10.3866;
0.00926679;-6.91089;-10.3927;
0.00926681;-6.90991;-10.3988;
0.00926683;-6.90983;-10.4035;
0.00926685;-6.91051;-10.4083;
0.00926687;-6.91183;-10.4128;
0.00926689;-6.9135;-10.4169;
0.00926692;-6.9153;-10.421;
0.00926695;-6.91664;-10.4244;
0.00926698;-6.91774;-10.4277;
0.00926702;-6.91854;-10.4311;
0.00926705;-6.919;-10.4341;
0.00926709;-6.91922;-10.4365;
0.00926713;-6.91934;-10.4391;
0.00926717;-6.91935;-10.4414;
0.00926722;-6.91927;-10.4437;
0.00926726;-6.91911;-10.4458;
0.00926731;-6.91889;-10.4477;
0.00926736;-6.91864;-10.4495;
0.00926742;-6.91831;-10.4513;
0.00926749;-6.91791;-10.4532;
0.00926757;-6.91741;-10.4552;
0.00926766;-6.91681;-10.4573;
0.00926778;-6.91604;-10.4595;
0.00926793;-6.91506;-10.4619;
0.00926813;-6.91372;-10.4646;
0.00926843;-6.9118;-10.4674;
0.00926888;-6.90882;-10.4705;
0.00926959;-6.90416;-10.4735;
0.00927064;-6.89726;-10.4758;
0.0092721;-6.88773;-10.477;
0.00927376;-6.87681;-10.4775;
0.00927603;-6.86195;-10.4777;
0.00927914;-6.84158;-10.4777;
0.00928446;-6.80675;-10.4777;
0.00929435;-6.74193;-10.4777;
0.00930435;-6.67642;-10.4777;
0.00931435;-6.61091;-10.4777;
0.00932435;-6.54541;-10.4777;
0.00933435;-6.47991;-10.4777;
0.00934435;-6.41443;-10.4777;
0.00935435;-6.34894;-10.4777;
0.00936435;-6.28347;-10.4777;
0.00937435;-6.218;-10.4777;
0.00938435;-6.15254;-10.4776;
0.00939435;-6.08709;-10.4776;
0.00940435;-6.02164;-10.4776;
0.00941435;-5.9562;-10.4776;
0.00942435;-5.89076;-10.4776;
0.00943435;-5.82533;-10.4776;
0.00944435;-5.75991;-10.4776;
0.00945435;-5.6945;-10.4776;
0.00946435;-5.62909;-10.4776;
0.00947435;-5.56369;-10.4776;
0.00948435;-5.49829;-10.4776;
0.00949435;-5.4329;-10.4776;
0.00950435;-5.36752;-10.4776;
0.00951435;-5.30214;-10.4776;
0.00952435;-5.23677;-10.4776;
0.00953435;-5.17141;-10.4776;
0.00954435;-5.10605;-10.4776;
0.00955435;-5.0407;-10.4776;
0.00956435;-4.97536;-10.4776;
0.00957435;-4.91003;-10.4776;
0.00958435;-4.8447;-10.4776;
0.00959435;-4.77937;-10.4775;
0.00960435;-4.71406;-10.4775;
0.00961435;-4.64875;-10.4775;
0.00962435;-4.58344;-10.4775;
0.00963435;-4.51814;-10.4775;
0.00964435;-4.45285;-10.4775;
0.00965435;-4.38757;-10.4775;
0.00966435;-4.32229;-10.4775;
0.00967435;-4.25702;-10.4775;
0.00968435;-4.19176;-10.4775;
0.00969435;-4.1265;-10.4775;
0.00970435;-4.06125;-10.4775;
0.00971435;-3.996;-10.4775;
0.00972435;-3.93077;-10.4775;
0.00973435;-3.86554;-10.4775;
0.00974435;-3.80031;-10.4775;
0.00975435;-3.73509;-10.4775;
0.00976435;-3.66988;-10.4775;
0.00977435;-3.60468;-10.4775;
0.00978435;-3.53948;-10.4775;
0.00979435;-3.47428;-10.4775;
0.00980435;-3.4091;-10.4774;
0.00981435;-3.34392;-10.4774;
0.00982435;-3.27875;-10.4774;
0.00983435;-3.21358;-10.4774;
0.00984435;-3.14842;-10.4774;
0.00985435;-3.08327;-10.4774;
0.00986435;-3.01812;-10.4774;
0.00987435;-2.95298;-10.4774;
0.00988435;-2.88785;-10.4774;
0.00989435;-2.82272;-10.4774;
0.00990435;-2.7576;-10.4774;
0.00991435;-2.69249;-10.4774;
0.00992435;-2.62738;-10.4774;
0.00993435;-2.56228;-10.4774;
0.00994435;-2.49719;-10.4774;
0.00995435;-2.4321;-10.4774;
0.00996435;-2.36702;-10.4774;
0.00997435;-2.30195;-10.4774;
0.00998435;-2.23688;-10.4774;
0.00999435;-2.17182;-10.4774;
0.0100043;-2.10676;-10.4773;
0.0100143;-2.04172;-10.4773;
0.0100243;-1.97667;-10.4773;
0.0100343;-1.91164;-10.4773;
0.0100443;-1.84661;-10.4773;
0.0100543;-1.78159;-10.4773;
0.0100643;-1.71657;-10.4773;
0.0100743;-1.65156;-10.4773;
0.0100843;-1.58656;-10.4773;
0.0100943;-1.52157;-10.4773;
0.0101043;-1.45658;-10.4773;
0.0101143;-1.39159;-10.4773;
0.0101243;-1.32662;-10.4773;
0.0101343;-1.26165;-10.4773;
0.0101443;-1.19668;-10.4773;
0.0101543;-1.13173;-10.4773;
0.0101643;-1.06678;-10.4773;
0.0101743;-1.00183;-10.4773;
0.0101843;-0.936897;-10.4773;
0.0101943;-0.871967;-10.4773;
0.0102043;-0.807043;-10.4773;
0.0102143;-0.742125;-10.4772;
0.0102243;-0.677214;-10.4772;
0.0102343;-0.61231;-10.4772;
0.0102443;-0.547412;-10.4772;
0.0102543;-0.48252;-10.4772;
0.0102643;-0.417636;-10.4772;
0.0102743;-0.352757;-10.4772;
0.0102843;-0.287886;-10.4772;
0.0102943;-0.22302;-10.4772;
0.0103043;-0.158162;-10.4772;
0.0103143;-0.093309;-10.4772;
0.0103243;-0.0284637;-10.4772;
0.0103343;0.0363759;-10.4772;
0.0103443;0.101208;-10.4772;
0.0103543;0.166035;-10.4772;
0.0103643;0.230854;-10.4772;
0.0103743;0.295668;-10.4772;
0.0103843;0.360474;-10.4772;
0.0103943;0.425274;-10.4772;
0.0104043;0.490068;-10.4772;
0.0104143;0.554855;-10.4771;
0.0104243;0.619635;-10.4771;
0.0104343;0.68441;-10.4771;
0.0104443;0.749177;-10.4771;
0.0104543;0.813939;-10.4771;
0.0104643;0.878693;-10.4771;
0.0104743;0.943441;-10.4771;
0.0104843;1.00818;-10.4771;
0.0104943;1.07292;-10.4771;
0.0105043;1.13765;-10.4771;
0.0105143;1.20237;-10.4771;
0.0105243;1.26708;-10.4771;
0.0105343;1.33179;-10.4771;
0.0105443;1.3965;-10.4771;
0.0105543;1.46119;-10.4771;
0.0105643;1.52588;-10.4771;
0.0105743;1.59056;-10.4771;
0.0105843;1.65524;-10.4771;
0.0105943;1.71991;-10.4771;
0.0106043;1.78457;-10.4771;
0.0106143;1.84923;-10.4771;
0.0106243;1.91388;-10.477;
0.0106343;1.97853;-10.477;
0.0106443;2.04316;-10.477;
0.0106543;2.10779;-10.477;
0.0106643;2.17242;-10.477;
0.0106743;2.23704;-10.477;
0.0106843;2.30165;-10.477;
0.0106943;2.36625;-10.477;
0.0107043;2.43085;-10.477;
0.0107143;2.49544;-10.477;
0.0107243;2.56003;-10.477;
0.0107343;2.62461;-10.477;
0.0107443;2.68918;-10.477;
0.0107543;2.75375;-10.477;
0.0107643;2.81831;-10.477;
0.0107743;2.88286;-10.477;
0.0107843;2.94741;-10.477;
0.0107943;3.01195;-10.477;
0.0108043;3.07648;-10.477;
0.0108143;3.14101;-10.477;
0.0108243;3.20553;-10.4769;
0.0108343;3.27004;-10.4769;
0.0108443;3.33455;-10.4769;
0.0108543;3.39905;-10.4769;
0.0108643;3.46355;-10.4769;
0.0108743;3.52803;-10.4769;
0.0108843;3.59252;-10.4769;
0.0108943;3.65699;-10.4769;
0.0109043;3.72146;-10.4769;
0.0109143;3.78592;-10.4769;
0.0109243;3.85038;-10.4769;
0.0109343;3.91483;-10.4769;
0.0109443;3.97927;-10.4769;
0.0109543;4.04371;-10.4769;
0.0109643;4.10814;-10.4769;
0.0109743;4.17256;-10.4769;
0.0109843;4.23698;-10.4769;
0.0109943;4.30139;-10.4769;
0.0110043;4.36579;-10.4769;
0.0110143;4.43019;-10.4769;
0.0110243;4.49458;-10.4769;
0.0110343;4.55897;-10.4768;
0.0110443;4.62334;-10.4768;
0.0110543;4.68772;-10.4768;
0.0110643;4.75208;-10.4768;
0.0110743;4.81644;-10.4768;
0.0110843;4.88079;-10.4768;
0.0110943;4.94514;-10.4768;
0.0111043;5.00948;-10.4768;
0.0111143;5.07381;-10.4768;
0.0111243;5.13814;-10.4768;
0.0111343;5.20246;-10.4768;
0.0111443;5.26677;-10.4768;
0.0111543;5.33108;-10.4768;
0.0111643;5.39538;-10.4768;
0.0111743;5.45967;-10.4768;
0.0111843;5.52396;-10.4768;
0.0111943;5.58824;-10.4768;
0.0112043;5.65251;-10.4766;
0.0112143;5.71678;-10.4763;
0.0112243;5.78104;-10.4758;
0.0112343;5.8453;-10.4751;
0.0112443;5.90955;-10.4743;
0.0112543;5.97379;-10.4733;
0.0112643;6.03803;-10.4721;
0.0112743;6.10225;-10.4708;
0.0112843;6.16648;-10.4692;
0.0112943;6.23069;-10.4675;
0.0113043;6.2949;-10.4655;
0.0113143;6.3591;-10.4632;
0.0113243;6.4233;-10.4606;
0.0113343;6.48749;-10.4576;
0.0113443;6.55167;-10.4541;
0.0113543;6.61584;-10.4499;
0.0113643;6.68001;-10.4447;
0.0113743;6.74417;-10.4379;
0.0113843;6.80832;-10.4285;
0.0113943;6.87247;-10.4115;
0.0113956;6.88048;-10.408;
0.0113981;6.89652;-10.399;
0.0113985;6.89915;-10.397;
0.0113993;6.90442;-10.3925;
0.0114003;6.9107;-10.3851;
0.011401;6.91529;-10.3772;
0.0114015;6.91851;-10.3686;
0.0114019;6.92069;-10.3595;
0.0114021;6.92219;-10.3494;
0.0114022;6.92302;-10.341;
0.0114023;6.92359;-10.3326;
0.0114024;6.92406;-10.3234;
0.0114024;6.92446;-10.3125;
0.0114025;6.92488;-10.298;
0.0114025;6.92538;-10.2752;
0.0114026;6.92608;-10.2329;
0.0114026;6.92686;-10.1683;
0.0114027;6.92819;-10.0049;
0.0114028;6.92995;-9.72906;
0.0114029;6.93213;-9.32687;
0.011403;6.93479;-8.63082;
0.011403;6.93558;-8.20631;
0.0114031;6.9354;-7.80792;
0.0114031;6.93411;-7.27954;
0.0114032;6.93266;-6.78115;
0.0114032;6.93192;-6.43704;
0.0114033;6.93138;-6.03919;
0.0114033;6.93109;-5.62632;
0.0114033;6.93095;-5.24282;
0.0114034;6.93089;-4.76131;
0.0114034;6.93089;-4.23874;
0.0114035;6.93097;-3.54874;
0.0114036;6.93113;-2.67878;
0.0114037;6.9314;-1.48145;
0.0114038;6.9315;-0.680422;
0.0114038;6.93142;-0.250187;
0.0114039;6.93235;-0.098641;
0.0114039;6.93756;-0.0252719;
0.0114039;6.94437;0.0205241;
0.0114039;6.9546;0.0762688;
0.0114039;6.96521;0.130339;
0.0114039;6.97791;0.195497;
0.0114039;6.99374;0.282327;
0.0114039;7.01289;0.409141;
0.0114039;7.02525;0.529563;
0.0114039;7.03179;0.678196;
0.0114039;7.03025;0.807813;
0.0114039;7.02476;0.921939;
0.0114039;7.01611;1.04541;
0.011404;7.00664;1.16132;
0.011404;6.99517;1.2965;
0.011404;6.9827;1.44943;
0.011404;6.9695;1.63123;
0.011404;6.96341;1.71915;
0.011404;6.95867;1.77646;
0.011404;6.95329;1.82653;
0.011404;6.94633;1.87884;
0.011404;6.93486;1.95392;
0.011404;6.91902;2.05295;
0.011404;6.90869;2.12589;
0.011404;6.90458;2.17589;
0.011404;6.90372;2.22347;
0.011404;6.90444;2.27709;
0.0114041;6.90573;2.33092;
0.0114041;6.90792;2.40469;
0.0114041;6.91134;2.50704;
0.0114041;6.91467;2.60387;
0.0114041;6.91836;2.71721;
0.0114041;6.92153;2.82769;
0.0114041;6.92457;2.95685;
0.0114041;6.92684;3.08461;
0.0114041;6.9286;3.22926;
0.0114042;6.92967;3.37677;
0.0114042;6.93025;3.55051;
0.0114042;6.93036;3.70201;
0.0114042;6.93028;3.84144;
0.0114042;6.93007;3.99799;
0.0114042;6.92979;4.17449;
0.0114043;6.92952;4.35733;
0.0114043;6.92925;4.56615;
0.0114043;6.929;4.80662;
0.0114043;6.92873;5.12424;
0.0114044;6.92844;5.49632;
0.0114044;6.92812;5.90343;
0.0114045;6.92772;6.37796;
0.0114045;6.92722;6.95752;
0.0114046;6.92657;7.73525;
0.0114047;6.92562;8.86731;
0.0114048;6.92518;9.39489;
0.0114048;6.92488;9.74914;
0.0114048;6.92472;9.9514;
0.0114048;6.92454;10.1551;
0.0114048;6.92435;10.2608;
0.0114049;6.92371;10.3093;
0.0114049;6.92253;10.3335;
0.0114049;6.9203;10.3529;
0.0114049;6.91798;10.3649;
0.0114049;6.91592;10.3732;
0.0114049;6.91415;10.3801;
0.0114049;6.91277;10.3861;
0.0114049;6.91188;10.3921;
0.0114049;6.91192;10.398;
0.011405;6.91305;10.4036;
0.011405;6.91493;10.4084;
0.011405;6.91695;10.4124;
0.011405;6.91862;10.4157;
0.011405;6.91964;10.418;
0.011405;6.92033;10.4198;
0.0114051;6.92083;10.4215;
0.0114051;6.92119;10.4232;
0.0114051;6.92136;10.4247;
0.0114051;6.92144;10.4264;
0.0114051;6.9214;10.428;
0.0114051;6.92125;10.4298;
0.0114052;6.92102;10.4316;
0.0114052;6.92071;10.4338;
0.0114052;6.92043;10.4358;
0.0114052;6.92012;10.4382;
0.0114053;6.9198;10.4407;
0.0114054;6.9193;10.4444;
0.0114055;6.91874;10.4477;
0.0114056;6.91808;10.4509;
0.0114057;6.91688;10.4555;
0.0114059;6.91553;10.4594;
0.0114063;6.91317;10.4641;
0.0114067;6.91073;10.4675;
0.0114074;6.90584;10.4715;
0.0114082;6.90101;10.4736;
0.0114096;6.89135;10.4757;
0.011411;6.88233;10.4763;
0.0114132;6.86759;10.4766;
0.0114156;6.85182;10.4767;
0.0114203;6.82101;10.4767;
0.011427;6.77716;10.4767;
0.011437;6.71131;10.4767;
0.011447;6.64546;10.4767;
0.011457;6.57962;10.4767;
0.011467;6.51378;10.4767;
0.011477;6.44795;10.4767;
0.011487;6.38213;10.4767;
0.011497;6.31631;10.4767;
0.011507;6.25051;10.4767;
0.011517;6.1847;10.4767;
0.011527;6.11891;10.4767;
0.011537;6.05312;10.4767;
0.011547;5.98734;10.4767;
0.011557;5.92156;10.4767;
0.011567;5.85579;10.4767;
0.011577;5.79003;10.4767;
0.011587;5.72428;10.4767;
0.011597;5.65853;10.4767;
0.011607;5.59278;10.4767;
0.011617;5.52705;10.4767;
0.011627;5.46132;10.4767;
0.011637;5.39559;10.4767;
0.011647;5.32988;10.4767;
0.011657;5.26417;10.4767;
0.011667;5.19847;10.4767;
0.011677;5.13277;10.4767;
0.011687;5.06708;10.4767;
0.011697;5.0014;10.4767;
0.011707;4.93572;10.4767;
0.011717;4.87005;10.4767;
0.011727;4.80439;10.4767;
0.011737;4.73873;10.4767;
0.011747;4.67308;10.4767;
0.011757;4.60744;10.4767;
0.011767;4.5418;10.4767;
0.011777;4.47617;10.4767;
0.011787;4.41055;10.4767;
0.011797;4.34493;10.4767;
0.011807;4.27932;10.4767;
0.011817;4.21371;10.4767;
0.011827;4.14812;10.4767;
0.011837;4.08253;10.4767;
0.011847;4.01694;10.4767;
0.011857;3.95136;10.4767;
0.011867;3.88579;10.4767;
0.011877;3.82023;10.4767;
0.011887;3.75467;10.4767;
0.011897;3.68912;10.4767;
0.011907;3.62358;10.4767;
0.011917;3.55804;10.4767;
0.011927;3.49251;10.4767;
0.011937;3.42698;10.4767;
0.011947;3.36146;10.4767;
0.011957;3.29595;10.4767;
0.011967;3.23045;10.4767;
0.011977;3.16495;10.4767;
0.011987;3.09946;10.4767;
0.011997;3.03397;10.4767;
0.012007;2.96849;10.4767;
0.012017;2.90302;10.4767;
0.012027;2.83755;10.4767;
0.012037;2.77209;10.4767;
0.012047;2.70664;10.4767;
0.012057;2.6412;10.4767;
0.012067;2.57576;10.4767;
0.012077;2.51032;10.4767;
0.012087;2.4449;10.4767;
0.012097;2.37948;10.4767;
0.012107;2.31407;10.4767;
0.012117;2.24866;10.4767;
0.012127;2.18326;10.4767;
0.012137;2.11787;10.4767;
0.012147;2.05248;10.4767;
0.012157;1.9871;10.4767;
0.012167;1.92172;10.4767;
0.012177;1.85636;10.4767;
0.012187;1.791;10.4767;
0.012197;1.72564;10.4767;
0.012207;1.6603;10.4767;
0.012217;1.59496;10.4767;
0.012227;1.52962;10.4767;
0.012237;1.46429;10.4767;
0.012247;1.39897;10.4767;
0.012257;1.33366;10.4767;
0.012267;1.26835;10.4767;
0.012277;1.20305;10.4767;
0.012287;1.13775;10.4767;
0.012297;1.07247;10.4767;
0.012307;1.00718;10.4767;
0.012317;0.941909;10.4767;
0.012327;0.87664;10.4767;
0.012337;0.811378;10.4767;
0.012347;0.746123;10.4767;
0.012357;0.680874;10.4767;
0.012367;0.615632;10.4767;
0.012377;0.550396;10.4767;
0.012387;0.485167;10.4767;
0.012397;0.419944;10.4767;
0.012407;0.354728;10.4767;
0.012417;0.289518;10.4767;
0.012427;0.224315;10.4767;
0.012437;0.159119;10.4767;
0.012447;0.0939289;10.4767;
0.012457;0.0287456;10.4767;
0.012467;-0.0364312;10.4767;
0.012477;-0.101601;10.4767;
0.012487;-0.166765;10.4767;
0.012497;-0.231922;10.4767;
0.012507;-0.297073;10.4767;
0.012517;-0.362217;10.4767;
0.012527;-0.427354;10.4767;
0.012537;-0.492485;10.4767;
0.012547;-0.55761;10.4767;
0.012557;-0.622728;10.4767;
0.012567;-0.687839;10.4767;
0.012577;-0.752944;10.4767;
0.012587;-0.818042;10.4767;
0.012597;-0.883134;10.4767;
0.012607;-0.948219;10.4767;
0.012617;-1.0133;10.4767;
0.012627;-1.07837;10.4767;
0.012637;-1.14343;10.4767;
0.012647;-1.20849;10.4767;
0.012657;-1.27355;10.4767;
0.012667;-1.33859;10.4767;
0.012677;-1.40363;10.4767;
0.012687;-1.46866;10.4767;
0.012697;-1.53369;10.4767;
0.012707;-1.59871;10.4767;
0.012717;-1.66372;10.4767;
0.012727;-1.72873;10.4767;
0.012737;-1.79373;10.4767;
0.012747;-1.85872;10.4767;
0.012757;-1.92371;10.4767;
0.012767;-1.98869;10.4767;
0.012777;-2.05367;10.4767;
0.012787;-2.11863;10.4767;
0.012797;-2.18359;10.4767;
0.012807;-2.24855;10.4767;
0.012817;-2.3135;10.4767;
0.012827;-2.37844;10.4767;
0.012837;-2.44337;10.4767;
0.012847;-2.5083;10.4767;
0.012857;-2.57322;10.4767;
0.012867;-2.63814;10.4767;
0.012877;-2.70305;10.4767;
0.012887;-2.76795;10.4767;
0.012897;-2.83285;10.4767;
0.012907;-2.89773;10.4767;
0.012917;-2.96262;10.4767;
0.012927;-3.02749;10.4767;
0.012937;-3.09236;10.4767;
0.012947;-3.15723;10.4767;
0.012957;-3.22208;10.4767;
0.012967;-3.28693;10.4767;
0.012977;-3.35178;10.4767;
0.012987;-3.41661;10.4767;
0.012997;-3.48144;10.4767;
0.013007;-3.54627;10.4767;
0.013017;-3.61109;10.4767;
0.013027;-3.6759;10.4767;
0.013037;-3.7407;10.4767;
0.013047;-3.8055;10.4767;
0.013057;-3.87029;10.4767;
0.013067;-3.93508;10.4767;
0.013077;-3.99985;10.4767;
0.013087;-4.06463;10.4767;
0.013097;-4.12939;10.4767;
0.013107;-4.19415;10.4767;
0.013117;-4.2589;10.4767;
0.013127;-4.32365;10.4767;
0.013137;-4.38839;10.4767;
0.013147;-4.45312;10.4767;
0.013157;-4.51785;10.4767;
0.013167;-4.58257;10.4767;
0.013177;-4.64728;10.4767;
0.013187;-4.71199;10.4767;
0.013197;-4.77669;10.4767;
0.013207;-4.84138;10.4767;
0.013217;-4.90607;10.4767;
0.013227;-4.97075;10.4767;
0.013237;-5.03542;10.4767;
0.013247;-5.10009;10.4767;
0.013257;-5.16475;10.4767;
0.013267;-5.22941;10.4767;
0.013277;-5.29406;10.4767;
0.013287;-5.3587;10.4767;
0.013297;-5.42333;10.4767;
0.013307;-5.48796;10.4767;
0.013317;-5.55259;10.4767;
0.013327;-5.6172;10.4766;
0.013337;-5.68181;10.4764;
0.013347;-5.74641;10.476;
0.013357;-5.81101;10.4754;
0.013367;-5.8756;10.4747;
0.013377;-5.94018;10.4738;
0.013387;-6.00476;10.4727;
0.013397;-6.06933;10.4714;
0.013407;-6.13389;10.47;
0.013417;-6.19845;10.4684;
0.013427;-6.263;10.4665;
0.013437;-6.32754;10.4643;
0.013447;-6.39208;10.4619;
0.013457;-6.45661;10.4591;
0.013467;-6.52113;10.4558;
0.013477;-6.58565;10.4519;
0.013487;-6.65016;10.4472;
0.013497;-6.71466;10.4413;
0.013507;-6.77915;10.4332;
0.013517;-6.84364;10.4206;
0.0135253;-6.89738;10.3982;
0.0135256;-6.89912;10.3969;
0.0135261;-6.90259;10.394;
0.0135272;-6.90955;10.3866;
0.0135279;-6.91439;10.379;
0.0135285;-6.91785;10.3707;
0.0135288;-6.92023;10.3619;
0.0135291;-6.92194;10.3517;
0.0135292;-6.92284;10.3435;
0.0135293;-6.92346;10.3354;
0.0135294;-6.92392;10.3271;
0.0135295;-6.92431;10.3175;
0.0135295;-6.92471;10.3046;
0.0135296;-6.92516;10.2853;
0.0135296;-6.92574;10.2505;
0.0135297;-6.92635;10.1994;
0.0135298;-6.9273;10.0718;
0.0135298;-6.92852;9.84893;
0.0135299;-6.92979;9.58107;
0.01353;-6.93155;9.1138;
0.01353;-6.93254;8.75688;
0.0135301;-6.93306;8.43575;
0.0135301;-6.9331;8.10832;
0.0135302;-6.93227;7.6279;
0.0135302;-6.93117;7.19206;
0.0135302;-6.9307;6.95451;
0.0135302;-6.93043;6.71625;
0.0135303;-6.93033;6.42649;
0.0135303;-6.93048;5.97876;
0.0135304;-6.93071;5.6215;
0.0135304;-6.93096;5.23458;
0.0135304;-6.93119;4.81534;
0.0135305;-6.93146;4.24623;
0.0135306;-6.93192;3.20492;
0.0135307;-6.93243;2.05232;
0.0135308;-6.93291;0.890371;
0.0135309;-6.9337;0.39697;
0.0135309;-6.96174;0.173075;
0.0135309;-6.98826;0.0290738;
0.0135309;-7.00363;-0.063447;
0.0135309;-7.01397;-0.138063;
0.0135309;-7.02259;-0.216234;
0.0135309;-7.02924;-0.302146;
0.0135309;-7.03377;-0.432079;
0.0135309;-7.03104;-0.598149;
0.013531;-7.02283;-0.745978;
0.013531;-7.01097;-0.904093;
0.013531;-6.99801;-1.06418;
0.013531;-6.98401;-1.24602;
0.013531;-6.97248;-1.41775;
0.013531;-6.96226;-1.60371;
0.013531;-6.95256;-1.78813;
0.013531;-6.9436;-1.88619;
0.0135311;-6.92984;-1.98761;
0.0135311;-6.92317;-2.03239;
0.0135311;-6.91599;-2.08324;
0.0135311;-6.91012;-2.14137;
0.0135311;-6.90858;-2.19226;
0.0135311;-6.90919;-2.23804;
0.0135311;-6.9103;-2.28203;
0.0135311;-6.91216;-2.34161;
0.0135311;-6.914;-2.39408;
0.0135311;-6.91682;-2.46887;
0.0135311;-6.91954;-2.5389;
0.0135311;-6.92354;-2.64488;
0.0135311;-6.92704;-2.7457;
0.0135311;-6.93026;-2.85229;
0.0135311;-6.93301;-2.96463;
0.0135312;-6.93508;-3.07441;
0.0135312;-6.93644;-3.17443;
0.0135312;-6.93742;-3.28373;
0.0135312;-6.93807;-3.44062;
0.0135312;-6.93787;-3.67996;
0.0135312;-6.93672;-3.93974;
0.0135313;-6.93531;-4.19424;
0.0135313;-6.93408;-4.42801;
0.0135313;-6.93298;-4.68003;
0.0135313;-6.93202;-4.95876;
0.0135314;-6.93112;-5.31885;
0.0135314;-6.93024;-5.80276;
0.0135315;-6.92964;-6.21561;
0.0135315;-6.929;-6.70053;
0.0135315;-6.92842;-7.17477;
0.0135316;-6.92755;-7.93048;
0.0135317;-6.9264;-9.02103;
0.0135318;-6.92595;-9.47191;
0.0135318;-6.92554;-9.8748;
0.0135318;-6.92532;-10.0946;
0.0135318;-6.92517;-10.2236;
0.0135319;-6.92479;-10.2893;
0.0135319;-6.92383;-10.3231;
0.0135319;-6.92215;-10.344;
0.0135319;-6.92028;-10.3566;
0.0135319;-6.91831;-10.3659;
0.0135319;-6.91616;-10.3741;
0.0135319;-6.91415;-10.3808;
0.0135319;-6.91223;-10.3872;
0.0135319;-6.91065;-10.3934;
0.0135319;-6.90978;-10.3993;
0.013532;-6.90978;-10.404;
0.013532;-6.91052;-10.4087;
0.013532;-6.91194;-10.4133;
0.013532;-6.91365;-10.4175;
0.013532;-6.91539;-10.4215;
0.0135321;-6.9167;-10.4248;
0.0135321;-6.91776;-10.4281;
0.0135321;-6.91854;-10.4316;
0.0135322;-6.91895;-10.4345;
0.0135322;-6.91915;-10.4369;
0.0135323;-6.91925;-10.4394;
0.0135323;-6.91925;-10.4417;
0.0135324;-6.91915;-10.4442;
0.0135324;-6.91898;-10.4462;
0.0135324;-6.91875;-10.4481;
0.0135325;-6.91849;-10.4498;
0.0135326;-6.91814;-10.4517;
0.0135326;-6.91773;-10.4536;
0.0135327;-6.9172;-10.4557;
0.0135328;-6.91659;-10.4577;
0.0135329;-6.91577;-10.46;
0.0135331;-6.91475;-10.4624;
0.0135333;-6.91328;-10.4652;
0.0135336;-6.91124;-10.468;
0.0135341;-6.90786;-10.4712;
0.0135349;-6.90293;-10.474;
0.013536;-6.8954;-10.4761;
0.0135375;-6.88584;-10.4772;
0.0135393;-6.87409;-10.4776;
0.0135416;-6.85868;-10.4777;
0.0135451;-6.836;-10.4777;
0.0135509;-6.79811;-10.4777;
0.0135609;-6.73259;-10.4777;
0.0135709;-6.66708;-10.4777;
0.0135809;-6.60157;-10.4777;
0.0135909;-6.53607;-10.4777;
0.0136009;-6.47058;-10.4777;
0.0136109;-6.40509;-10.4777;
0.0136209;-6.33961;-10.4777;
0.0136309;-6.27414;-10.4777;
0.0136409;-6.20867;-10.4777;
0.0136509;-6.14321;-10.4776;
0.0136609;-6.07776;-10.4776;
0.0136709;-6.01231;-10.4776;
0.0136809;-5.94687;-10.4776;
0.0136909;-5.88143;-10.4776;
0.0137009;-5.81601;-10.4776;
0.0137109;-5.75059;-10.4776;
0.0137209;-5.68517;-10.4776;
0.0137309;-5.61976;-10.4776;
0.0137409;-5.55436;-10.4776;
0.0137509;-5.48897;-10.4776;
0.0137609;-5.42358;-10.4776;
0.0137709;-5.3582;-10.4776;
0.0137809;-5.29282;-10.4776;
0.0137909;-5.22745;-10.4776;
0.0138009;-5.16209;-10.4776;
0.0138109;-5.09674;-10.4776;
0.0138209;-5.03139;-10.4776;
0.0138309;-4.96605;-10.4776;
0.0138409;-4.90071;-10.4776;
0.0138509;-4.83538;-10.4776;
0.0138609;-4.77006;-10.4775;
0.0138709;-4.70474;-10.4775;
0.0138809;-4.63944;-10.4775;
0.0138909;-4.57413;-10.4775;
0.0139009;-4.50884;-10.4775;
0.0139109;-4.44355;-10.4775;
0.0139209;-4.37826;-10.4775;
0.0139309;-4.31299;-10.4775;
0.0139409;-4.24772;-10.4775;
0.0139509;-4.18245;-10.4775;
0.0139609;-4.1172;-10.4775;
0.0139709;-4.05195;-10.4775;
0.0139809;-3.9867;-10.4775;
0.0139909;-3.92147;-10.4775;
0.0140009;-3.85624;-10.4775;
0.0140109;-3.79101;-10.4775;
0.0140209;-3.7258;-10.4775;
0.0140309;-3.66058;-10.4775;
0.0140409;-3.59538;-10.4775;
0.0140509;-3.53018;-10.4775;
0.0140609;-3.46499;-10.4775;
0.0140709;-3.39981;-10.4774;
0.0140809;-3.33463;-10.4774;
0.0140909;-3.26946;-10.4774;
0.0141009;-3.20429;-10.4774;
0.0141109;-3.13913;-10.4774;
0.0141209;-3.07398;-10.4774;
0.0141309;-3.00884;-10.4774;
0.0141409;-2.9437;-10.4774;
0.0141509;-2.87857;-10.4774;
0.0141609;-2.81344;-10.4774;
0.0141709;-2.74832;-10.4774;
0.0141809;-2.68321;-10.4774;
0.0141909;-2.6181;-10.4774;
0.0142009;-2.553;-10.4774;
0.0142109;-2.48791;-10.4774;
0.0142209;-2.42282;-10.4774;
0.0142309;-2.35774;-10.4774;
0.0142409;-2.29267;-10.4774;
0.0142509;-2.2276;-10.4774;
0.0142609;-2.16254;-10.4774;
0.0142709;-2.09749;-10.4773;
0.0142809;-2.03244;-10.4773;
0.0142909;-1.9674;-10.4773;
0.0143009;-1.90237;-10.4773;
0.0143109;-1.83734;-10.4773;
0.0143209;-1.77232;-10.4773;
0.0143309;-1.7073;-10.4773;
0.0143409;-1.6423;-10.4773;
0.0143509;-1.5773;-10.4773;
0.0143609;-1.5123;-10.4773;
0.0143709;-1.44731;-10.4773;
0.0143809;-1.38233;-10.4773;
0.0143909;-1.31735;-10.4773;
0.0144009;-1.25239;-10.4773;
0.0144109;-1.18742;-10.4773;
0.0144209;-1.12247;-10.4773;
0.0144309;-1.05752;-10.4773;
0.0144409;-0.992577;-10.4773;
0.0144509;-0.92764;-10.4773;
0.0144609;-0.862711;-10.4773;
0.0144709;-0.797787;-10.4773;
0.0144809;-0.732871;-10.4772;
0.0144909;-0.667961;-10.4772;
0.0145009;-0.603058;-10.4772;
0.0145109;-0.53816;-10.4772;
0.0145209;-0.47327;-10.4772;
0.0145309;-0.408386;-10.4772;
0.0145409;-0.343509;-10.4772;
0.0145509;-0.278638;-10.4772;
0.0145609;-0.213774;-10.4772;
0.0145709;-0.148915;-10.4772;
0.0145809;-0.0840647;-10.4772;
0.0145909;-0.0192193;-10.4772;
0.0146009;0.0456184;-10.4772;
0.0146109;0.110451;-10.4772;
0.0146209;0.175275;-10.4772;
0.0146309;0.240095;-10.4772;
0.0146409;0.304906;-10.4772;
0.0146509;0.369713;-10.4772;
0.0146609;0.434511;-10.4772;
0.0146709;0.499305;-10.4772;
0.0146809;0.56409;-10.4771;
0.0146909;0.628871;-10.4771;
0.0147009;0.693643;-10.4771;
0.0147109;0.75841;-10.4771;
0.0147209;0.82317;-10.4771;
0.0147309;0.887924;-10.4771;
0.0147409;0.952671;-10.4771;
0.0147509;1.01741;-10.4771;
0.0147609;1.08215;-10.4771;
0.0147709;1.14687;-10.4771;
0.0147809;1.21159;-10.4771;
0.0147909;1.27631;-10.4771;
0.0148009;1.34102;-10.4771;
0.0148109;1.40572;-10.4771;
0.0148209;1.47041;-10.4771;
0.0148309;1.5351;-10.4771;
0.0148409;1.59978;-10.4771;
0.0148509;1.66446;-10.4771;
0.0148609;1.72913;-10.4771;
0.0148709;1.79379;-10.4771;
0.0148809;1.85845;-10.4771;
0.0148909;1.9231;-10.477;
0.0149009;1.98774;-10.477;
0.0149109;2.05238;-10.477;
0.0149209;2.11701;-10.477;
0.0149309;2.18163;-10.477;
0.0149409;2.24625;-10.477;
0.0149509;2.31086;-10.477;
0.0149609;2.37546;-10.477;
0.0149709;2.44006;-10.477;
0.0149809;2.50465;-10.477;
0.0149909;2.56924;-10.477;
0.0150009;2.63381;-10.477;
0.0150109;2.69839;-10.477;
0.0150209;2.76295;-10.477;
0.0150309;2.82751;-10.477;
0.0150409;2.89206;-10.477;
0.0150509;2.95661;-10.477;
0.0150609;3.02115;-10.477;
0.0150709;3.08568;-10.477;
0.0150809;3.15021;-10.477;
0.0150909;3.21473;-10.4769;
0.0151009;3.27924;-10.4769;
0.0151109;3.34375;-10.4769;
0.0151209;3.40825;-10.4769;
0.0151309;3.47274;-10.4769;
0.0151409;3.53723;-10.4769;
0.0151509;3.60171;-10.4769;
0.0151609;3.66618;-10.4769;
0.0151709;3.73065;-10.4769;
0.0151809;3.79511;-10.4769;
0.0151909;3.85957;-10.4769;
0.0152009;3.92401;-10.4769;
0.0152109;3.98846;-10.4769;
0.0152209;4.05289;-10.4769;
0.0152309;4.11732;-10.4769;
0.0152409;4.18174;-10.4769;
0.0152509;4.24616;-10.4769;
0.0152609;4.31057;-10.4769;
0.0152709;4.37497;-10.4769;
0.0152809;4.43937;-10.4769;
0.0152909;4.50376;-10.4769;
0.0153009;4.56814;-10.4768;
0.0153109;4.63252;-10.4768;
0.0153209;4.69689;-10.4768;
0.0153309;4.76126;-10.4768;
0.0153409;4.82561;-10.4768;
0.0153509;4.88997;-10.4768;
0.0153609;4.95431;-10.4768;
0.0153709;5.01865;-10.4768;
0.0153809;5.08298;-10.4768;
0.0153909;5.14731;-10.4768;
0.0154009;5.21162;-10.4768;
0.0154109;5.27594;-10.4768;
0.0154209;5.34024;-10.4768;
0.0154309;5.40454;-10.4768;
0.0154409;5.46884;-10.4768;
0.0154509;5.53312;-10.4768;
0.0154609;5.5974;-10.4767;
0.0154709;5.66168;-10.4766;
0.0154809;5.72594;-10.4762;
0.0154909;5.79021;-10.4757;
0.0155009;5.85446;-10.475;
0.0155109;5.91871;-10.4741;
0.0155209;5.98295;-10.4731;
0.0155309;6.04718;-10.4719;
0.0155409;6.11141;-10.4706;
0.0155509;6.17563;-10.469;
0.0155609;6.23985;-10.4672;
0.0155709;6.30405;-10.4652;
0.0155809;6.36825;-10.4629;
0.0155909;6.43245;-10.4602;
0.0156009;6.49664;-10.4571;
0.0156109;6.56082;-10.4535;
0.0156209;6.62499;-10.4492;
0.0156309;6.68916;-10.4438;
0.0156409;6.75332;-10.4368;
0.0156509;6.81747;-10.4265;
0.0156609;6.88161;-10.4075;
0.0156619;6.88827;-10.4041;
0.015664;6.90158;-10.395;
0.0156643;6.90324;-10.3935;
0.0156648;6.90657;-10.3902;
0.0156658;6.91322;-10.3811;
0.0156665;6.91734;-10.3721;
0.0156669;6.92001;-10.3627;
0.0156672;6.92182;-10.3522;
0.0156673;6.92277;-10.3435;
0.0156674;6.92341;-10.3351;
0.0156675;6.92389;-10.3264;
0.0156675;6.92431;-10.3162;
0.0156676;6.92471;-10.3032;
0.0156676;6.92517;-10.2839;
0.0156677;6.92579;-10.2499;
0.0156677;6.92653;-10.1957;
0.0156678;6.92758;-10.0825;
0.0156679;6.9292;-9.8467;
0.015668;6.93113;-9.51654;
0.0156681;6.9336;-8.98941;
0.0156681;6.935;-8.57418;
0.0156682;6.9356;-8.2116;
0.0156682;6.93537;-7.81243;
0.0156682;6.93418;-7.33241;
0.0156683;6.93272;-6.83249;
0.0156683;6.93194;-6.47825;
0.0156684;6.93138;-6.07887;
0.0156684;6.93107;-5.66865;
0.0156684;6.93093;-5.27786;
0.0156685;6.93086;-4.79733;
0.0156685;6.93086;-4.27169;
0.0156686;6.93093;-3.59417;
0.0156687;6.93109;-2.73349;
0.0156688;6.93135;-1.55975;
0.0156689;6.93148;-0.577995;
0.015669;6.93141;-0.210623;
0.015669;6.93443;-0.0574092;
0.015669;6.94383;0.0180818;
0.015669;6.95402;0.0739227;
0.015669;6.96597;0.134842;
0.015669;6.97771;0.195081;
0.015669;6.99436;0.286675;
0.015669;7.01264;0.408285;
0.015669;7.02535;0.532711;
0.015669;7.03162;0.677201;
0.015669;7.03021;0.804322;
0.015669;7.02483;0.918262;
0.015669;7.01626;1.04189;
0.0156691;7.00677;1.15844;
0.0156691;6.9954;1.29268;
0.0156691;6.98303;1.44436;
0.0156691;6.97111;1.60683;
0.0156691;6.96487;1.69833;
0.0156691;6.95994;1.7622;
0.0156691;6.95499;1.81171;
0.0156691;6.94827;1.86488;
0.0156691;6.93907;1.927;
0.0156691;6.92271;2.02963;
0.0156691;6.90872;2.12623;
0.0156691;6.90438;2.1809;
0.0156691;6.90373;2.22963;
0.0156692;6.90452;2.28202;
0.0156692;6.90585;2.33647;
0.0156692;6.90814;2.41273;
0.0156692;6.91151;2.5131;
0.0156692;6.9149;2.61215;
0.0156692;6.91852;2.72393;
0.0156692;6.92173;2.83678;
0.0156692;6.92469;2.96462;
0.0156692;6.92694;3.09443;
0.0156692;6.92864;3.23815;
0.0156693;6.92968;3.38781;
0.0156693;6.93024;3.56223;
0.0156693;6.93032;3.7051;
0.0156693;6.93024;3.842;
0.0156693;6.93003;3.99923;
0.0156693;6.92976;4.17572;
0.0156694;6.92948;4.35936;
0.0156694;6.92921;4.56791;
0.0156694;6.92896;4.80929;
0.0156694;6.92869;5.12696;
0.0156695;6.92841;5.49956;
0.0156695;6.92808;5.90712;
0.0156696;6.92768;6.38238;
0.0156696;6.92719;6.96342;
0.0156697;6.92653;7.74285;
0.0156698;6.92558;8.8808;
0.0156699;6.92513;9.41065;
0.0156699;6.92486;9.74169;
0.0156699;6.92466;9.98005;
0.0156699;6.92455;10.1143;
0.0156699;6.92441;10.2338;
0.01567;6.92405;10.2915;
0.01567;6.92308;10.3243;
0.01567;6.92139;10.3448;
0.01567;6.91927;10.3585;
0.01567;6.91711;10.3684;
0.01567;6.9152;10.3759;
0.01567;6.91364;10.382;
0.01567;6.91235;10.3882;
0.01567;6.91174;10.394;
0.01567;6.91219;10.4002;
0.0156701;6.91358;10.4052;
0.0156701;6.91576;10.4102;
0.0156701;6.91766;10.4139;
0.0156701;6.91901;10.4166;
0.0156701;6.91989;10.4187;
0.0156702;6.92051;10.4205;
0.0156702;6.92094;10.4221;
0.0156702;6.92123;10.4237;
0.0156702;6.92137;10.4253;
0.0156702;6.9214;10.4269;
0.0156702;6.92132;10.4286;
0.0156702;6.92115;10.4304;
0.0156703;6.92089;10.4323;
0.0156703;6.92058;10.4345;
0.0156703;6.9203;10.4365;
0.0156704;6.91999;10.4389;
0.0156704;6.91963;10.4418;
0.0156705;6.91913;10.4453;
0.0156706;6.91857;10.4485;
0.0156707;6.91782;10.4519;
0.0156709;6.91633;10.4571;
0.0156711;6.91493;10.4607;
0.0156715;6.91247;10.4652;
0.0156719;6.90991;10.4683;
0.0156727;6.90478;10.4721;
0.0156735;6.89926;10.4742;
0.0156749;6.88987;10.4759;
0.0156764;6.88003;10.4764;
0.0156787;6.86519;10.4766;
0.0156814;6.84756;10.4767;
0.0156862;6.81549;10.4767;
0.015694;6.76425;10.4767;
0.015704;6.6984;10.4767;
0.015714;6.63255;10.4767;
0.015724;6.56671;10.4767;
0.015734;6.50088;10.4767;
0.015744;6.43505;10.4767;
0.015754;6.36923;10.4767;
0.015764;6.30341;10.4767;
0.015774;6.23761;10.4767;
0.015784;6.17181;10.4767;
0.015794;6.10601;10.4767;
0.015804;6.04022;10.4767;
0.015814;5.97444;10.4767;
0.015824;5.90867;10.4767;
0.015834;5.8429;10.4767;
0.015844;5.77714;10.4767;
0.015854;5.71139;10.4767;
0.015864;5.64564;10.4767;
0.015874;5.5799;10.4767;
0.015884;5.51416;10.4767;
0.015894;5.44843;10.4767;
0.015904;5.38271;10.4767;
0.015914;5.317;10.4767;
0.015924;5.25129;10.4767;
0.015934;5.18559;10.4767;
0.015944;5.11989;10.4767;
0.015954;5.0542;10.4767;
0.015964;4.98852;10.4767;
0.015974;4.92285;10.4767;
0.015984;4.85718;10.4767;
0.015994;4.79152;10.4767;
0.016004;4.72586;10.4767;
0.016014;4.66021;10.4767;
0.016024;4.59457;10.4767;
0.016034;4.52894;10.4767;
0.016044;4.46331;10.4767;
0.016054;4.39768;10.4767;
0.016064;4.33207;10.4767;
0.016074;4.26646;10.4767;
0.016084;4.20086;10.4767;
0.016094;4.13526;10.4767;
0.016104;4.06967;10.4767;
0.016114;4.00409;10.4767;
0.016124;3.93851;10.4767;
0.016134;3.87294;10.4767;
0.016144;3.80738;10.4767;
0.016154;3.74182;10.4767;
0.016164;3.67627;10.4767;
0.016174;3.61073;10.4767;
0.016184;3.54519;10.4767;
0.016194;3.47966;10.4767;
0.016204;3.41414;10.4767;
0.016214;3.34862;10.4767;
0.016224;3.28311;10.4767;
0.016234;3.21761;10.4767;
0.016244;3.15211;10.4767;
0.016254;3.08662;10.4767;
0.016264;3.02113;10.4767;
0.016274;2.95566;10.4767;
0.016284;2.89019;10.4767;
0.016294;2.82472;10.4767;
0.016304;2.75926;10.4767;
0.016314;2.69381;10.4767;
0.016324;2.62837;10.4767;
0.016334;2.56293;10.4767;
0.016344;2.4975;10.4767;
0.016354;2.43207;10.4767;
0.016364;2.36665;10.4767;
0.016374;2.30124;10.4767;
0.016384;2.23584;10.4767;
0.016394;2.17044;10.4767;
0.016404;2.10505;10.4767;
0.016414;2.03966;10.4767;
0.016424;1.97428;10.4767;
0.016434;1.90891;10.4767;
0.016444;1.84354;10.4767;
0.016454;1.77819;10.4767;
0.016464;1.71283;10.4767;
0.016474;1.64749;10.4767;
0.016484;1.58215;10.4767;
0.016494;1.51682;10.4767;
0.016504;1.45149;10.4767;
0.016514;1.38617;10.4767;
0.016524;1.32086;10.4767;
0.016534;1.25555;10.4767;
0.016544;1.19025;10.4767;
0.016554;1.12496;10.4767;
0.016564;1.05967;10.4767;
0.016574;0.994388;10.4767;
0.016584;0.929114;10.4767;
0.016594;0.863847;10.4767;
0.016604;0.798586;10.4767;
0.016614;0.733332;10.4767;
0.016624;0.668084;10.4767;
0.016634;0.602843;10.4767;
0.016644;0.537609;10.4767;
0.016654;0.472381;10.4767;
0.016664;0.407159;10.4767;
0.016674;0.341945;10.4767;
0.016684;0.276736;10.4767;
0.016694;0.211535;10.4767;
0.016704;0.146339;10.4767;
0.016714;0.0811511;10.4767;
0.016724;0.0159688;10.4767;
0.016734;-0.0492065;10.4767;
0.016744;-0.114376;10.4767;
0.016754;-0.179538;10.4767;
0.016764;-0.244694;10.4767;
0.016774;-0.309843;10.4767;
0.016784;-0.374986;10.4767;
0.016794;-0.440122;10.4767;
0.016804;-0.505252;10.4767;
0.016814;-0.570375;10.4767;
0.016824;-0.635492;10.4767;
0.016834;-0.700601;10.4767;
0.016844;-0.765705;10.4767;
0.016854;-0.830802;10.4767;
0.016864;-0.895892;10.4767;
0.016874;-0.960976;10.4767;
0.016884;-1.02605;10.4767;
0.016894;-1.09112;10.4767;
0.016904;-1.15619;10.4767;
0.016914;-1.22125;10.4767;
0.016924;-1.2863;10.4767;
0.016934;-1.35134;10.4767;
0.016944;-1.41638;10.4767;
0.016954;-1.48141;10.4767;
0.016964;-1.54644;10.4767;
0.016974;-1.61146;10.4767;
0.016984;-1.67647;10.4767;
0.016994;-1.74147;10.4767;
0.017004;-1.80647;10.4767;
0.017014;-1.87146;10.4767;
0.017024;-1.93645;10.4767;
0.017034;-2.00143;10.4767;
0.017044;-2.0664;10.4767;
0.017054;-2.13137;10.4767;
0.017064;-2.19633;10.4767;
0.017074;-2.26128;10.4767;
0.017084;-2.32623;10.4767;
0.017094;-2.39117;10.4767;
0.017104;-2.4561;10.4767;
0.017114;-2.52103;10.4767;
0.017124;-2.58595;10.4767;
0.017134;-2.65086;10.4767;
0.017144;-2.71577;10.4767;
0.017154;-2.78067;10.4767;
0.017164;-2.84557;10.4767;
0.017174;-2.91045;10.4767;
0.017184;-2.97534;10.4767;
0.017194;-3.04021;10.4767;
0.017204;-3.10508;10.4767;
0.017214;-3.16994;10.4767;
0.017224;-3.2348;10.4767;
0.017234;-3.29964;10.4767;
0.017244;-3.36449;10.4767;
0.017254;-3.42932;10.4767;
0.017264;-3.49415;10.4767;
0.017274;-3.55897;10.4767;
0.017284;-3.62379;10.4767;
0.017294;-3.6886;10.4767;
0.017304;-3.7534;10.4767;
0.017314;-3.8182;10.4767;
0.017324;-3.88299;10.4767;
0.017334;-3.94777;10.4767;
0.017344;-4.01255;10.4767;
0.017354;-4.07732;10.4767;
0.017364;-4.14209;10.4767;
0.017374;-4.20684;10.4767;
0.017384;-4.2716;10.4767;
0.017394;-4.33634;10.4767;
0.017404;-4.40108;10.4767;
0.017414;-4.46581;10.4767;
0.017424;-4.53053;10.4767;
0.017434;-4.59525;10.4767;
0.017444;-4.65997;10.4767;
0.017454;-4.72467;10.4767;
0.017464;-4.78937;10.4767;
0.017474;-4.85406;10.4767;
0.017484;-4.91875;10.4767;
0.017494;-4.98343;10.4767;
0.017504;-5.0481;10.4767;
0.017514;-5.11277;10.4767;
0.017524;-5.17743;10.4767;
0.017534;-5.24208;10.4767;
0.017544;-5.30673;10.4767;
0.017554;-5.37137;10.4767;
0.017564;-5.436;10.4767;
0.017574;-5.50063;10.4767;
0.017584;-5.56525;10.4767;
0.017594;-5.62987;10.4766;
0.017604;-5.69447;10.4763;
0.017614;-5.75908;10.4759;
0.017624;-5.82367;10.4753;
0.017634;-5.88826;10.4745;
0.017644;-5.95284;10.4736;
0.017654;-6.01742;10.4725;
0.017664;-6.08199;10.4712;
0.017674;-6.14655;10.4697;
0.017684;-6.2111;10.468;
0.017694;-6.27565;10.4661;
0.017704;-6.34019;10.4639;
0.017714;-6.40473;10.4614;
0.017724;-6.46926;10.4585;
0.017734;-6.53378;10.4551;
0.017744;-6.59829;10.4511;
0.017754;-6.6628;10.4462;
0.017764;-6.7273;10.4399;
0.017774;-6.79179;10.4313;
0.017784;-6.85628;10.4171;
0.0177853;-6.86434;10.4145;
0.0177878;-6.88046;10.4081;
0.0177904;-6.8975;10.3984;
0.0177908;-6.90003;10.3964;
0.0177916;-6.9051;10.3919;
0.0177925;-6.91116;10.3846;
0.0177932;-6.91565;10.3767;
0.0177937;-6.91881;10.368;
0.0177941;-6.92098;10.3586;
0.0177943;-6.92243;10.3485;
0.0177944;-6.92322;10.34;
0.0177945;-6.92377;10.3316;
0.0177945;-6.9242;10.3227;
0.0177946;-6.92458;10.312;
0.0177946;-6.92499;10.2967;
0.0177947;-6.92547;10.2728;
0.0177947;-6.92607;10.2325;
0.0177948;-6.92675;10.164;
0.0177949;-6.9278;10.0018;
0.017795;-6.92896;9.77766;
0.0177951;-6.93052;9.42708;
0.0177951;-6.93224;8.90466;
0.0177952;-6.93295;8.58549;
0.0177952;-6.93324;8.25493;
0.0177952;-6.93291;7.88843;
0.0177953;-6.93192;7.46154;
0.0177953;-6.9312;7.17546;
0.0177953;-6.93078;6.95089;
0.0177954;-6.9305;6.67402;
0.0177954;-6.93043;6.37859;
0.0177954;-6.9306;5.93934;
0.0177955;-6.93083;5.56816;
0.0177955;-6.93111;5.11813;
0.0177956;-6.93133;4.70536;
0.0177956;-6.93163;4.05342;
0.0177957;-6.9321;2.99611;
0.0177958;-6.93261;1.84775;
0.0177959;-6.93281;1.32062;
0.0177959;-6.93291;0.997771;
0.0177959;-6.93295;0.813975;
0.017796;-6.93299;0.597037;
0.017796;-6.93307;0.494813;
0.017796;-6.93329;0.431718;
0.017796;-6.93367;0.393722;
0.017796;-6.93456;0.356955;
0.017796;-6.93592;0.330872;
0.017796;-6.93843;0.304387;
0.017796;-6.94294;0.272904;
0.017796;-6.94974;0.234654;
0.017796;-6.95925;0.186189;
0.017796;-6.97141;0.125733;
0.017796;-6.98411;0.0604142;
0.017796;-7.00002;-0.0297882;
0.017796;-7.01297;-0.116885;
0.017796;-7.02365;-0.209427;
0.017796;-7.03056;-0.29661;
0.017796;-7.0352;-0.425078;
0.0177961;-7.03311;-0.576435;
0.0177961;-7.02466;-0.733917;
0.0177961;-7.01318;-0.88612;
0.0177961;-6.99953;-1.05212;
0.0177961;-6.98559;-1.22896;
0.0177961;-6.97349;-1.40437;
0.0177961;-6.9632;-1.58637;
0.0177961;-6.95361;-1.77348;
0.0177962;-6.94531;-1.87149;
0.0177962;-6.93286;-1.96671;
0.0177962;-6.92583;-2.01414;
0.0177962;-6.91877;-2.06261;
0.0177962;-6.91186;-2.11909;
0.0177962;-6.90879;-2.17211;
0.0177962;-6.90878;-2.21662;
0.0177962;-6.90982;-2.26441;
0.0177962;-6.91135;-2.31666;
0.0177962;-6.91332;-2.37485;
0.0177962;-6.916;-2.447;
0.0177962;-6.91862;-2.51438;
0.0177962;-6.92221;-2.60791;
0.0177962;-6.92597;-2.71203;
0.0177962;-6.92955;-2.8251;
0.0177963;-6.93244;-2.93578;
0.0177963;-6.93471;-3.0475;
0.0177963;-6.93624;-3.14986;
0.0177963;-6.93728;-3.25203;
0.0177963;-6.93803;-3.38804;
0.0177963;-6.93811;-3.62769;
0.0177963;-6.93719;-3.86901;
0.0177964;-6.93601;-4.08672;
0.0177964;-6.93462;-4.3402;
0.0177964;-6.93352;-4.57105;
0.0177964;-6.93245;-4.85291;
0.0177965;-6.93158;-5.15844;
0.0177965;-6.93061;-5.63063;
0.0177966;-6.93;-6.028;
0.0177966;-6.92942;-6.45227;
0.0177966;-6.92882;-6.91723;
0.0177967;-6.92811;-7.52231;
0.0177968;-6.92712;-8.42602;
0.0177969;-6.9257;-9.81143;
0.017797;-6.92483;-10.2961;
0.017797;-6.9204;-10.3581;
0.017797;-6.91723;-10.3712;
0.017797;-6.91537;-10.3778;
0.017797;-6.91363;-10.3834;
0.017797;-6.91223;-10.3881;
0.017797;-6.91086;-10.3934;
0.017797;-6.91002;-10.3985;
0.0177971;-6.9099;-10.404;
0.0177971;-6.91052;-10.4083;
0.0177971;-6.91198;-10.4132;
0.0177971;-6.91375;-10.4176;
0.0177972;-6.91549;-10.4215;
0.0177972;-6.91679;-10.4248;
0.0177972;-6.91785;-10.4281;
0.0177973;-6.91863;-10.4316;
0.0177973;-6.91904;-10.4345;
0.0177973;-6.91924;-10.4369;
0.0177974;-6.91935;-10.4394;
0.0177974;-6.91935;-10.4417;
0.0177975;-6.91924;-10.4442;
0.0177975;-6.91907;-10.4462;
0.0177976;-6.91884;-10.4481;
0.0177976;-6.91859;-10.4498;
0.0177977;-6.91824;-10.4517;
0.0177977;-6.91783;-10.4536;
0.0177978;-6.9173;-10.4557;
0.0177979;-6.91669;-10.4577;
0.017798;-6.91587;-10.46;
0.0177982;-6.91485;-10.4624;
0.0177984;-6.91339;-10.4651;
0.0177987;-6.91134;-10.468;
0.0177992;-6.90801;-10.4712;
0.0178;-6.90307;-10.474;
0.0178012;-6.89546;-10.4761;
0.0178026;-6.88595;-10.4772;
0.0178044;-6.87417;-10.4776;
0.0178067;-6.85883;-10.4777;
0.0178102;-6.83605;-10.4777;
0.017816;-6.7983;-10.4777;
0.017826;-6.73278;-10.4777;
0.017836;-6.66726;-10.4777;
0.017846;-6.60176;-10.4777;
0.017856;-6.53626;-10.4777;
0.017866;-6.47076;-10.4777;
0.017876;-6.40528;-10.4777;
0.017886;-6.3398;-10.4777;
0.017896;-6.27432;-10.4777;
0.017906;-6.20886;-10.4777;
0.017916;-6.1434;-10.4776;
0.017926;-6.07794;-10.4776;
0.017936;-6.0125;-10.4776;
0.017946;-5.94705;-10.4776;
0.017956;-5.88162;-10.4776;
0.017966;-5.81619;-10.4776;
0.017976;-5.75077;-10.4776;
0.017986;-5.68536;-10.4776;
0.017996;-5.61995;-10.4776;
0.018006;-5.55455;-10.4776;
0.018016;-5.48915;-10.4776;
0.018026;-5.42377;-10.4776;
0.018036;-5.35838;-10.4776;
0.018046;-5.29301;-10.4776;
0.018056;-5.22764;-10.4776;
0.018066;-5.16228;-10.4776;
0.018076;-5.09692;-10.4776;
0.018086;-5.03158;-10.4776;
0.018096;-4.96623;-10.4776;
0.018106;-4.9009;-10.4776;
0.018116;-4.83557;-10.4776;
0.018126;-4.77025;-10.4775;
0.018136;-4.70493;-10.4775;
0.018146;-4.63962;-10.4775;
0.018156;-4.57432;-10.4775;
0.018166;-4.50902;-10.4775;
0.018176;-4.44373;-10.4775;
0.018186;-4.37845;-10.4775;
0.018196;-4.31317;-10.4775;
0.018206;-4.2479;-10.4775;
0.018216;-4.18264;-10.4775;
0.018226;-4.11738;-10.4775;
0.018236;-4.05213;-10.4775;
0.018246;-3.98689;-10.4775;
0.018256;-3.92165;-10.4775;
0.018266;-3.85642;-10.4775;
0.018276;-3.7912;-10.4775;
0.018286;-3.72598;-10.4775;
0.018296;-3.66077;-10.4775;
0.018306;-3.59557;-10.4775;
0.018316;-3.53037;-10.4775;
0.018326;-3.46518;-10.4775;
0.018336;-3.39999;-10.4774;
0.018346;-3.33482;-10.4774;
0.018356;-3.26964;-10.4774;
0.018366;-3.20448;-10.4774;
0.018376;-3.13932;-10.4774;
0.018386;-3.07417;-10.4774;
0.018396;-3.00902;-10.4774;
0.018406;-2.94388;-10.4774;
0.018416;-2.87875;-10.4774;
0.018426;-2.81363;-10.4774;
0.018436;-2.74851;-10.4774;
0.018446;-2.68339;-10.4774;
0.018456;-2.61829;-10.4774;
0.018466;-2.55319;-10.4774;
0.018476;-2.4881;-10.4774;
0.018486;-2.42301;-10.4774;
0.018496;-2.35793;-10.4774;
0.018506;-2.29286;-10.4774;
0.018516;-2.22779;-10.4774;
0.018526;-2.16273;-10.4774;
0.018536;-2.09768;-10.4773;
0.018546;-2.03263;-10.4773;
0.018556;-1.96759;-10.4773;
0.018566;-1.90255;-10.4773;
0.018576;-1.83753;-10.4773;
0.018586;-1.77251;-10.4773;
0.018596;-1.70749;-10.4773;
0.018606;-1.64248;-10.4773;
0.018616;-1.57748;-10.4773;
0.018626;-1.51249;-10.4773;
0.018636;-1.4475;-10.4773;
0.018646;-1.38252;-10.4773;
0.018656;-1.31754;-10.4773;
0.018666;-1.25257;-10.4773;
0.018676;-1.18761;-10.4773;
0.018686;-1.12265;-10.4773;
0.018696;-1.0577;-10.4773;
0.018706;-0.992762;-10.4773;
0.018716;-0.927826;-10.4773;
0.018726;-0.862896;-10.4773;
0.018736;-0.797973;-10.4773;
0.018746;-0.733057;-10.4772;
0.018756;-0.668146;-10.4772;
0.018766;-0.603243;-10.4772;
0.018776;-0.538346;-10.4772;
0.018786;-0.473456;-10.4772;
0.018796;-0.408572;-10.4772;
0.018806;-0.343694;-10.4772;
0.018816;-0.278823;-10.4772;
0.018826;-0.213959;-10.4772;
0.018836;-0.149101;-10.4772;
0.018846;-0.0842497;-10.4772;
0.018856;-0.0194048;-10.4772;
0.018866;0.0454335;-10.4772;
0.018876;0.110265;-10.4772;
0.018886;0.175091;-10.4772;
0.018896;0.239909;-10.4772;
0.018906;0.304722;-10.4772;
0.018916;0.369527;-10.4772;
0.018926;0.434327;-10.4772;
0.018936;0.499119;-10.4772;
0.018946;0.563905;-10.4771;
0.018956;0.628685;-10.4771;
0.018966;0.693458;-10.4771;
0.018976;0.758225;-10.4771;
0.018986;0.822985;-10.4771;
0.018996;0.887739;-10.4771;
0.019006;0.952486;-10.4771;
0.019016;1.01723;-10.4771;
0.019026;1.08196;-10.4771;
0.019036;1.14669;-10.4771;
0.019046;1.21141;-10.4771;
0.019056;1.27612;-10.4771;
0.019066;1.34083;-10.4771;
0.019076;1.40553;-10.4771;
0.019086;1.47023;-10.4771;
0.019096;1.53492;-10.4771;
0.019106;1.5996;-10.4771;
0.019116;1.66428;-10.4771;
0.019126;1.72894;-10.4771;
0.019136;1.79361;-10.4771;
0.019146;1.85826;-10.4771;
0.019156;1.92291;-10.477;
0.019166;1.98756;-10.477;
0.019176;2.05219;-10.477;
0.019186;2.11682;-10.477;
0.019196;2.18145;-10.477;
0.019206;2.24606;-10.477;
0.019216;2.31067;-10.477;
0.019226;2.37528;-10.477;
0.019236;2.43988;-10.477;
0.019246;2.50447;-10.477;
0.019256;2.56905;-10.477;
0.019266;2.63363;-10.477;
0.019276;2.6982;-10.477;
0.019286;2.76277;-10.477;
0.019296;2.82733;-10.477;
0.019306;2.89188;-10.477;
0.019316;2.95642;-10.477;
0.019326;3.02096;-10.477;
0.019336;3.0855;-10.477;
0.019346;3.15002;-10.477;
0.019356;3.21454;-10.4769;
0.019366;3.27905;-10.4769;
0.019376;3.34356;-10.4769;
0.019386;3.40806;-10.4769;
0.019396;3.47256;-10.4769;
0.019406;3.53704;-10.4769;
0.019416;3.60152;-10.4769;
0.019426;3.666;-10.4769;
0.019436;3.73047;-10.4769;
0.019446;3.79493;-10.4769;
0.019456;3.85938;-10.4769;
0.019466;3.92383;-10.4769;
0.019476;3.98827;-10.4769;
0.019486;4.05271;-10.4769;
0.019496;4.11714;-10.4769;
0.019506;4.18156;-10.4769;
0.019516;4.24598;-10.4769;
0.019526;4.31039;-10.4769;
0.019536;4.37479;-10.4769;
0.019546;4.43919;-10.4769;
0.019556;4.50358;-10.4769;
0.019566;4.56796;-10.4768;
0.019576;4.63234;-10.4768;
0.019586;4.69671;-10.4768;
0.019596;4.76107;-10.4768;
0.019606;4.82543;-10.4768;
0.019616;4.88978;-10.4768;
0.019626;4.95413;-10.4768;
0.019636;5.01847;-10.4768;
0.019646;5.0828;-10.4768;
0.019656;5.14712;-10.4768;
0.019666;5.21144;-10.4768;
0.019676;5.27575;-10.4768;
0.019686;5.34006;-10.4768;
0.019696;5.40436;-10.4768;
0.019706;5.46865;-10.4768;
0.019716;5.53294;-10.4768;
0.019726;5.59722;-10.4767;
0.019736;5.66149;-10.4766;
0.019746;5.72576;-10.4762;
0.019756;5.79002;-10.4757;
0.019766;5.85428;-10.475;
0.019776;5.91852;-10.4741;
0.019786;5.98276;-10.4731;
0.019796;6.047;-10.4719;
0.019806;6.11123;-10.4706;
0.019816;6.17545;-10.469;
0.019826;6.23966;-10.4672;
0.019836;6.30387;-10.4652;
0.019846;6.36807;-10.4629;
0.019856;6.43227;-10.4602;
0.019866;6.49645;-10.4572;
0.019876;6.56063;-10.4535;
0.019886;6.62481;-10.4492;
0.019896;6.68897;-10.4438;
0.019906;6.75313;-10.4368;
0.019916;6.81728;-10.4266;
0.019926;6.88143;-10.4076;
0.019927;6.88816;-10.4041;
0.0199291;6.90163;-10.395;
0.0199294;6.90326;-10.3935;
0.0199299;6.90654;-10.3902;
0.0199309;6.91308;-10.3813;
0.0199316;6.91721;-10.3724;
0.019932;6.91991;-10.3631;
0.0199323;6.92177;-10.3525;
0.0199324;6.92277;-10.3435;
0.0199325;6.92342;-10.335;
0.0199326;6.92389;-10.3263;
0.0199327;6.92431;-10.316;
0.0199327;6.92472;-10.303;
0.0199328;6.92518;-10.2835;
0.0199328;6.92588;-10.2444;
0.0199329;6.9266;-10.1899;
0.0199329;6.92775;-10.0607;
0.019933;6.92936;-9.82135;
0.0199331;6.93137;-9.47247;
0.0199332;6.93387;-8.91908;
0.0199333;6.93512;-8.52425;
0.0199333;6.93563;-8.15696;
0.0199333;6.93525;-7.74342;
0.0199334;6.934;-7.27255;
0.0199334;6.93275;-6.84432;
0.0199335;6.93199;-6.50257;
0.0199335;6.93142;-6.11031;
0.0199335;6.93108;-5.67592;
0.0199336;6.93093;-5.28383;
0.0199336;6.93086;-4.80939;
0.0199337;6.93086;-4.27726;
0.0199337;6.93093;-3.60524;
0.0199338;6.93109;-2.74422;
0.0199339;6.93134;-1.58986;
0.019934;6.93148;-0.550074;
0.0199341;6.9314;-0.222695;
0.0199341;6.93312;-0.0766688;
0.0199341;6.93992;-0.00758177;
0.0199341;6.94788;0.0404386;
0.0199341;6.95834;0.095495;
0.0199341;6.97153;0.162638;
0.0199341;6.98457;0.23107;
0.0199341;7.00312;0.340188;
0.0199341;7.01861;0.458108;
0.0199341;7.02925;0.595256;
0.0199342;7.03172;0.740654;
0.0199342;7.02797;0.861467;
0.0199342;7.02127;0.974091;
0.0199342;7.01215;1.09394;
0.0199342;7.00182;1.21719;
0.0199342;6.98997;1.35801;
0.0199342;6.97634;1.53316;
0.0199342;6.96393;1.70989;
0.0199342;6.95702;1.7916;
0.0199342;6.95008;1.85099;
0.0199342;6.94129;1.91233;
0.0199343;6.92664;2.00492;
0.0199343;6.91069;2.10994;
0.0199343;6.90514;2.16556;
0.0199343;6.90372;2.21613;
0.0199343;6.90425;2.2672;
0.0199343;6.90536;2.31676;
0.0199343;6.90732;2.38545;
0.0199343;6.91039;2.47947;
0.0199343;6.91377;2.57772;
0.0199343;6.91739;2.68656;
0.0199343;6.92069;2.79711;
0.0199343;6.9238;2.92163;
0.0199344;6.92626;3.04921;
0.0199344;6.92817;3.18948;
0.0199344;6.9294;3.33531;
0.0199344;6.93011;3.50039;
0.0199344;6.93034;3.71184;
0.0199344;6.93022;3.87136;
0.0199345;6.93;4.02769;
0.0199345;6.92972;4.20477;
0.0199345;6.92944;4.38742;
0.0199345;6.92917;4.60274;
0.0199345;6.92892;4.85006;
0.0199346;6.92864;5.18836;
0.0199346;6.92836;5.5557;
0.0199347;6.92802;5.98111;
0.0199347;6.92762;6.45959;
0.0199348;6.92709;7.07612;
0.0199348;6.92641;7.8845;
0.019935;6.92537;9.12725;
0.019935;6.92489;9.70148;
0.0199351;6.9246;10.052;
0.0199351;6.92435;10.2522;
0.0199351;6.92295;10.3267;
0.0199351;6.92128;10.346;
0.0199351;6.91894;10.3604;
0.0199351;6.91661;10.3706;
0.0199351;6.91457;10.3785;
0.0199351;6.91315;10.3843;
0.0199351;6.91204;10.3905;
0.0199352;6.91177;10.3962;
0.0199352;6.91265;10.4023;
0.0199352;6.91427;10.407;
0.0199352;6.91639;10.4115;
0.0199352;6.9182;10.415;
0.0199353;6.91935;10.4174;
0.0199353;6.92013;10.4193;
0.0199353;6.92068;10.4211;
0.0199353;6.92105;10.4227;
0.0199353;6.92128;10.4242;
0.0199353;6.92139;10.4258;
0.0199353;6.92139;10.4274;
0.0199354;6.92128;10.4291;
0.0199354;6.92107;10.431;
0.0199354;6.9208;10.433;
0.0199354;6.9205;10.4351;
0.0199355;6.9202;10.4373;
0.0199355;6.91989;10.4397;
0.0199356;6.91945;10.4431;
0.0199357;6.91895;10.4464;
0.0199358;6.91834;10.4496;
0.0199359;6.91747;10.4533;
0.0199361;6.91604;10.458;
0.0199364;6.91433;10.462;
0.0199368;6.91167;10.4663;
0.0199372;6.90856;10.4695;
0.0199381;6.90266;10.473;
0.0199391;6.89633;10.4749;
0.0199407;6.88557;10.4762;
0.0199423;6.87515;10.4765;
0.0199449;6.85805;10.4767;
0.019948;6.83781;10.4767;
0.0199541;6.79733;10.4767;
0.0199641;6.73147;10.4767;
0.0199741;6.66562;10.4767;
0.0199841;6.59978;10.4767;
0.0199941;6.53394;10.4767;
0.02;6.49526;10.4767;
