time;V(U_a);V(U_e);
0;8,49064;0;
2e-11;8,49064;0;
4e-11;8,49064;0;
8e-11;8,49064;0;
1,6e-10;8,49064;0;
3,2e-10;8,49064;0;
6,4e-10;8,49064;0;
1,28e-09;8,49064;0;
2e-09;8,49064;0;
2,01187e-09;8,49064;0,0712412;
2,03562e-09;8,49064;0,213724;
2,08311e-09;8,49065;0,498689;
2,14935e-09;8,49066;0,896111;
2,28183e-09;8,4908;1,69095;
2,45816e-09;8,49121;2,74895;
2,62278e-09;8,4915;3,73665;
2,85165e-09;8,49121;5,10988;
3,19947e-09;8,48819;7,19683;
3,54867e-09;8,47941;9,29201;
3,92253e-09;8,46063;11,5352;
4e-09;8,45539;12;
4,04175e-09;8,45229;12;
4,12526e-09;8,4458;12;
4,29227e-09;8,43112;12;
4,50087e-09;8,40951;12;
4,71673e-09;8,38322;12;
4,99045e-09;8,34415;12;
5,33492e-09;8,28628;12;
5,7384e-09;8,20736;12;
6,1519e-09;8,11588;12;
6,8103e-09;7,95667;12;
7,82394e-09;7,73577;12;
8,98206e-09;7,66369;12;
1,06378e-08;8,04369;12;
1,16521e-08;8,41065;12;
1,25822e-08;8,68915;12;
1,35175e-08;8,95457;12;
1,43919e-08;9,20981;12;
1,52522e-08;9,44679;12;
1,61793e-08;9,67455;12;
1,71317e-08;9,88056;12;
1,82308e-08;10,0871;12;
1,96311e-08;10,3085;12;
2,1521e-08;10,5465;12;
2,41945e-08;10,7929;12;
2,81755e-08;11,0285;12;
3,28658e-08;11,185;12;
3,78246e-08;11,2744;12;
4,27085e-08;11,3232;12;
4,73484e-08;11,3509;12;
5,17803e-08;11,368;12;
5,81043e-08;11,3835;12;
6,50961e-08;11,3939;12;
7,54799e-08;11,4036;12;
8,69712e-08;11,4106;12;
1,06747e-07;11,4192;12;
1,32184e-07;11,4272;12;
1,83057e-07;11,4384;12;
2,12645e-07;9,37073;12;
2,37157e-07;0,0892163;12;
2,54448e-07;0,0156894;12;
2,68187e-07;0,0563274;12;
2,79335e-07;0,0148268;12;
2,85812e-07;0,0275489;12;
2,90316e-07;0,0144206;12;
2,93777e-07;0,0272365;12;
2,96913e-07;0,0149996;12;
3,00087e-07;0,0266308;12;
3,0374e-07;0,0153876;12;
3,0905e-07;0,0262858;12;
3,16569e-07;0,0155374;12;
3,25364e-07;0,0261032;12;
3,42955e-07;0,0156148;12;
3,78137e-07;0,0260598;12;
4,37773e-07;0,0156336;12;
5,57045e-07;0,0260261;12;
7,33443e-07;0,0156686;12;
1,01257e-06;0,0260017;12;
1,46133e-06;0,0156826;12;
2,02772e-06;0,0259746;12;
2,65022e-06;0,0156906;12;
3,14018e-06;0,0259895;12;
3,65008e-06;0,0156925;12;
4,11783e-06;0,0259872;12;
4,6601e-06;0,0156939;12;
5,6601e-06;0,0259855;12;
6,6601e-06;0,0156948;12;
7,6601e-06;0,0259767;12;
8,6601e-06;0,0156955;12;
9,6601e-06;0,0260725;12;
1,05531e-05;0,0153523;12;
1,09074e-05;0,0262266;12;
1,12672e-05;0,015467;12;
1,16683e-05;0,0261687;12;
1,23871e-05;0,0154745;12;
1,3163e-05;0,0261691;12;
1,4163e-05;0,0154744;12;
1,5163e-05;0,0261707;12;
1,6163e-05;0,0154761;12;
1,7163e-05;0,0261694;12;
1,8163e-05;0,0154769;12;
1,9163e-05;0,0261681;12;
2,0163e-05;0,0154777;12;
2,1163e-05;0,0261668;12;
2,2163e-05;0,0154786;12;
2,3163e-05;0,0261655;12;
2,4163e-05;0,0154794;12;
2,5163e-05;0,0261643;12;
2,6163e-05;0,0154802;12;
2,7163e-05;0,026163;12;
2,8163e-05;0,015481;12;
2,9163e-05;0,0261617;12;
3,0163e-05;0,0154818;12;
3,1163e-05;0,0261604;12;
3,2163e-05;0,0154826;12;
3,3163e-05;0,0261591;12;
3,4163e-05;0,0154834;12;
3,5163e-05;0,0261578;12;
3,6163e-05;0,0154843;12;
3,7163e-05;0,0261565;12;
3,8163e-05;0,0154851;12;
3,9163e-05;0,0261552;12;
4,0163e-05;0,0154859;12;
4,1163e-05;0,026154;12;
4,2163e-05;0,0154867;12;
4,3163e-05;0,0261527;12;
4,4163e-05;0,0154875;12;
4,5163e-05;0,0261514;12;
4,6163e-05;0,0154883;12;
4,7163e-05;0,0261501;12;
4,8163e-05;0,0154891;12;
4,9163e-05;0,0261488;12;
5,0163e-05;0,0154899;12;
5,1163e-05;0,0261476;12;
5,2163e-05;0,0154907;12;
5,3163e-05;0,0261463;12;
5,4163e-05;0,0154915;12;
5,5163e-05;0,026145;12;
5,6163e-05;0,0154923;12;
5,7163e-05;0,0261438;12;
5,8163e-05;0,0154931;12;
5,9163e-05;0,0261425;12;
6,0163e-05;0,0154939;12;
6,1163e-05;0,0261412;12;
6,2163e-05;0,0154947;12;
6,3163e-05;0,02614;12;
6,4163e-05;0,0154955;12;
6,5163e-05;0,0261387;12;
6,6163e-05;0,0154963;12;
6,7163e-05;0,0261374;12;
6,8163e-05;0,0154971;12;
6,9163e-05;0,0261362;12;
7,0163e-05;0,0154979;12;
7,1163e-05;0,0261349;12;
7,2163e-05;0,0154987;12;
7,3163e-05;0,0261336;12;
7,4163e-05;0,0154995;12;
7,5163e-05;0,0261324;12;
7,6163e-05;0,0155003;12;
7,7163e-05;0,0261311;12;
7,8163e-05;0,0155011;12;
7,9163e-05;0,0261299;12;
8,0163e-05;0,0155019;12;
8,1163e-05;0,0261286;12;
8,2163e-05;0,0155027;12;
8,3163e-05;0,0261274;12;
8,4163e-05;0,0155035;12;
8,5163e-05;0,0261261;12;
8,6163e-05;0,0155043;12;
8,7163e-05;0,0261249;12;
8,8163e-05;0,015505;12;
8,9163e-05;0,0261236;12;
9,0163e-05;0,0155058;12;
9,1163e-05;0,0261224;12;
9,2163e-05;0,0155066;12;
9,3163e-05;0,0261211;12;
9,4163e-05;0,0155074;12;
9,5163e-05;0,0261199;12;
9,6163e-05;0,0155082;12;
9,7163e-05;0,0261187;12;
9,8163e-05;0,015509;12;
9,9163e-05;0,0261174;12;
0,000100163;0,0155098;12;
0,000101163;0,0261162;12;
0,000102163;0,0155106;12;
0,000103163;0,0261149;12;
0,000104163;0,0155114;12;
0,000105163;0,0261137;12;
0,000106163;0,0155121;12;
0,000107163;0,0261125;12;
0,000108163;0,0155129;12;
0,000109163;0,0261112;12;
0,000110163;0,0155137;12;
0,000111163;0,02611;12;
0,000112163;0,0155145;12;
0,000113163;0,0261088;12;
0,000114163;0,0155153;12;
0,000115163;0,0261076;12;
0,000116163;0,0155161;12;
0,000117163;0,0261063;12;
0,000118163;0,0155168;12;
0,000119163;0,0261051;12;
0,000120163;0,0155176;12;
0,000121163;0,0261039;12;
0,000122163;0,0155184;12;
0,000123163;0,0261027;12;
0,000124163;0,0155192;12;
0,000125163;0,0261014;12;
0,000126163;0,01552;12;
0,000127163;0,0261002;12;
0,000128163;0,0155207;12;
0,000129163;0,026099;12;
0,000130163;0,0155215;12;
0,000131163;0,0260978;12;
0,000132163;0,0155223;12;
0,000133163;0,0260965;12;
0,000134163;0,0155231;12;
0,000135163;0,0260953;12;
0,000136163;0,0155239;12;
0,000137163;0,0260941;12;
0,000138163;0,0155246;12;
0,000139163;0,0260929;12;
0,000140163;0,0155254;12;
0,000141163;0,0260917;12;
0,000142163;0,0155262;12;
0,000143163;0,0260905;12;
0,000144163;0,015527;12;
0,000145004;0,026093;12;
0,000145004;0,0208565;10,8;
0,000145005;0,0199382;8,4;
0,000145005;0,0206604;6,20052;
0,000145005;0,020135;4,19329;
0,000145006;0,0205835;2,11654;
0,000145006;0,0202814;0,297529;
0,000145006;0,0204602;0;
0,000145006;0,0204427;0;
0,000145006;0,0204312;0;
0,000145006;0,0204458;0;
0,000145006;0,0204675;0;
0,000145006;0,0204931;0;
0,000145007;0,0205179;0;
0,000145007;0,0205373;0;
0,000145007;0,0205428;0;
0,000145007;0,0205351;0;
0,000145008;0,0205146;0;
0,000145008;0,0204881;0;
0,000145008;0,0204644;0;
0,000145008;0,0204399;0;
0,000145009;0,020409;0;
0,000145009;0,020379;0;
0,000145009;0,0203411;0;
0,00014501;0,0203143;0;
0,000145011;0,0202902;0;
0,000145012;0,0202893;0;
0,000145015;0,0203036;0;
0,000145019;0,0203164;0;
0,000145024;0,0203226;0;
0,000145033;0,0203236;0;
0,000145043;0,0203143;0;
0,000145052;2,70911;0;
0,000145058;7,06072;0;
0,000145063;9,43529;0;
0,000145065;9,81679;0;
0,000145066;10,0625;0;
0,000145067;10,25;0;
0,000145068;10,3581;0;
0,000145069;10,4698;0;
0,00014507;10,5885;0;
0,000145072;10,7289;0;
0,000145073;10,8649;0;
0,000145076;11,005;0;
0,000145079;11,1273;0;
0,000145083;11,2278;0;
0,000145089;11,3074;0;
0,000145096;11,3532;0;
0,000145105;11,3813;0;
0,000145114;11,3949;0;
0,000145126;11,405;0;
0,00014514;11,4126;0;
0,000145167;11,4234;0;
0,000145204;11,4328;0;
0,000145277;11,4455;0;
0,000145423;11,4603;0;
0,000145715;11,4769;0;
0,000146299;11,494;0;
0,000147299;11,5097;0;
0,000148299;11,5189;0;
0,000149299;11,5258;0;
0,000150002;11,5295;0;
0,000150002;11,5296;1,2;
0,000150003;11,5296;3,6;
0,000150003;11,5295;5,76633;
0,000150003;11,5295;7,70075;
0,000150004;11,5295;9,55966;
0,000150004;11,5296;12;
0,000150004;11,5296;12;
0,000150004;11,5296;12;
0,000150004;11,5296;12;
0,000150005;11,5296;12;
0,000150005;11,5296;12;
0,000150005;11,5296;12;
0,000150005;11,5296;12;
0,000150006;11,5296;12;
0,000150006;11,5296;12;
0,000150007;11,5296;12;
0,000150008;11,5296;12;
0,00015001;11,5296;12;
0,000150012;11,5297;12;
0,000150015;11,5297;12;
0,000150021;11,5297;12;
0,000150029;11,5298;12;
0,000150036;11,5298;12;
0,000150043;11,5298;12;
0,000150051;11,5299;12;
0,000150063;11,5299;12;
0,000150081;11,53;12;
0,000150108;11,5301;12;
0,000150146;11,5303;12;
0,000150201;11,5306;12;
0,000150281;11,531;12;
0,00015041;11,5316;12;
0,000150642;11,5327;12;
0,000151107;11,5347;12;
0,000151404;11,5359;12;
0,00015172;11,5372;12;
0,000151808;11,5375;12;
0,000151905;11,5379;12;
0,000152002;11,5382;12;
0,000152069;11,5385;12;
0,000152142;11,5387;12;
0,000152211;11,539;12;
0,000152276;11,5392;12;
0,000152347;11,5394;12;
0,000152418;11,5397;12;
0,000152489;11,5399;12;
0,000152558;11,5402;12;
0,00015263;11,5404;12;
0,000152705;11,5407;12;
0,000152786;11,5409;12;
0,000152873;11,5412;12;
0,000152972;11,5415;12;
0,000153083;11,5419;12;
0,000153212;11,5423;12;
0,000153362;11,5428;12;
0,000153541;11,5433;12;
0,000153756;11,5439;12;
0,00015404;11,5448;12;
0,000154448;11,5459;12;
0,000155084;11,5476;12;
0,000156084;11,55;12;
0,000157084;11,5522;12;
0,000158084;11,5543;12;
0,000159084;11,5562;12;
0,000160084;11,5579;12;
0,000161084;11,5596;12;
0,000162084;11,5611;12;
0,000163084;11,5626;12;
0,000164084;11,564;12;
0,000165084;11,5653;12;
0,000166084;11,5666;12;
0,000167084;11,5678;12;
0,000168084;11,5689;12;
0,000169084;11,57;12;
0,000170084;11,571;12;
0,000171084;11,572;12;
0,000172084;11,573;12;
0,000173084;11,5739;12;
0,000174084;11,5748;12;
0,000175084;11,5757;12;
0,000176084;11,5765;12;
0,000177084;11,5774;12;
0,000178084;11,5782;12;
0,000179084;11,5789;12;
0,000180084;11,5797;12;
0,000181084;11,5804;12;
0,000182084;11,5811;12;
0,000183084;11,5818;12;
0,000184084;11,5824;12;
0,000185084;11,5831;12;
0,000186084;11,5837;12;
0,000187084;11,5843;12;
0,000188084;11,5849;12;
0,000189084;11,5855;12;
0,000190084;11,5861;12;
0,000191084;11,5867;12;
0,000192084;11,5872;12;
0,000193084;11,5877;12;
0,000194084;11,5883;12;
0,000195084;11,5888;12;
0,000196084;11,5893;12;
0,000197084;11,5898;12;
0,000198084;11,5903;12;
0,000199084;11,5908;12;
0,000200084;11,5912;12;
0,000201084;11,5917;12;
0,000202084;11,5921;12;
0,000203084;11,5926;12;
0,000204084;11,593;12;
0,000205084;11,5934;12;
0,000206084;11,5939;12;
0,000207084;11,5943;12;
0,000208084;11,5947;12;
0,000209084;11,5951;12;
0,000210084;11,5955;12;
0,000211084;11,5959;12;
0,000212084;11,5963;12;
0,000213084;11,5966;12;
0,000214084;11,597;12;
0,000215084;11,5974;12;
0,000216084;11,5977;12;
0,000217084;11,5981;12;
0,000218084;11,5984;12;
0,000219084;11,5988;12;
0,000220084;11,5991;12;
0,000221084;11,5995;12;
0,000222084;11,5998;12;
0,000223084;11,6001;12;
0,000224084;11,6004;12;
0,000225084;11,6008;12;
0,000226084;11,6011;12;
0,000227084;11,6014;12;
0,000228084;11,6017;12;
0,000229084;11,602;12;
0,000230084;11,6023;12;
0,000231084;11,6026;12;
0,000232084;11,6029;12;
0,000233084;11,6032;12;
0,000234084;11,6035;12;
0,000235084;11,6038;12;
0,000236084;11,604;12;
0,000237084;11,6043;12;
0,000238084;11,6046;12;
0,000239084;11,6049;12;
0,000240084;11,6051;12;
0,000241084;11,6054;12;
0,000242084;11,6056;12;
0,000243084;11,6059;12;
0,000244084;11,6062;12;
0,000245084;11,6064;12;
0,000246084;11,6067;12;
0,000247084;11,6069;12;
0,000248084;11,6072;12;
0,000249084;11,6074;12;
0,000250084;11,6077;12;
0,000251084;11,6079;12;
0,000252084;11,6081;12;
0,000253084;11,6084;12;
0,000254084;11,6086;12;
0,000255084;0,0205595;12;
0,000255741;0,0201948;12;
0,000256339;0,0205604;12;
0,000256988;0,0201938;12;
0,000257781;0,0205607;12;
0,000258781;0,0201933;12;
0,000259781;0,0205615;12;
0,000260781;0,0201925;12;
0,000261781;0,0205621;12;
0,000262781;0,0201919;12;
0,000263781;0,0205486;12;
0,000264781;0,0201332;12;
0,000265478;0,0204888;12;
0,000265797;0,0201405;12;
0,000266145;0,020503;12;
0,000266841;0,0201473;12;
0,000267476;0,0205066;12;
0,000268245;0,020146;12;
0,000269245;0,0205071;12;
0,000270245;0,0201455;12;
0,000271245;0,0205078;12;
0,000272245;0,0201449;12;
0,000273245;0,0205083;12;
0,000274245;0,0201443;12;
0,000275245;0,0205088;12;
0,000276245;0,0201437;12;
0,000277245;0,0205094;12;
0,000278245;0,0201431;12;
0,000279245;0,0205099;12;
0,000280245;0,0201425;12;
0,000281245;0,0205105;12;
0,000282245;0,020142;12;
0,000283245;0,020511;12;
0,000284245;0,0201414;12;
0,000285245;0,0205115;12;
0,000286245;0,0201408;12;
0,000287245;0,0205121;12;
0,000288245;0,0201402;12;
0,000289245;0,0205126;12;
0,000290245;0,0201396;12;
0,000291245;0,0205132;12;
0,000292245;0,020139;12;
0,000293245;0,0205137;12;
0,000294245;0,0201385;12;
0,000295004;0,0205143;12;
0,000295004;0,0202883;10,8;
0,000295005;0,0202563;8,4;
0,000295005;0,0203183;6,20564;
0,000295005;0,0203285;4,20043;
0,000295006;0,020386;2,12726;
0,000295006;0,0204059;0,31891;
0,000295006;0,0204191;0;
0,000295006;0,0204204;0;
0,000295006;0,0204243;0;
0,000295006;0,0204359;0;
0,000295006;0,0204619;0;
0,000295006;0,0204878;0;
0,000295007;0,020515;0;
0,000295007;0,0205345;0;
0,000295007;0,0205408;0;
0,000295007;0,0205326;0;
0,000295008;0,0205122;0;
0,000295008;0,0204853;0;
0,000295008;0,0204618;0;
0,000295008;0,0204368;0;
0,000295009;0,0204059;0;
0,000295009;0,0203759;0;
0,000295009;0,0203385;0;
0,00029501;0,0203124;0;
0,000295011;0,0202898;0;
0,000295012;0,0202899;0;
0,000295015;0,0203048;0;
0,000295019;0,0203168;0;
0,000295025;0,0203229;0;
0,000295034;0,0203235;0;
0,000295035;0,0203234;0;
0,000295038;0,0203227;0;
0,000295041;0,0203181;0;
0,000295045;0,0203243;0;
0,000295048;0,675924;0;
0,00029505;2,70813;0;
0,000295051;3,85494;0;
0,000295052;4,62317;0;
0,000295053;5,1719;0;
0,000295054;5,64373;0;
0,000295054;6,1419;0;
0,000295055;6,67627;0;
0,000295056;7,22318;0;
0,000295057;7,7595;0;
0,000295059;8,38112;0;
0,000295061;9,01028;0;
0,000295063;9,67393;0;
0,000295067;10,3162;0;
0,000295072;10,8708;0;
0,000295078;11,1272;0;
0,000295082;11,2386;0;
0,000295087;11,296;0;
0,000295091;11,335;0;
0,000295097;11,3629;0;
0,000295103;11,3788;0;
0,00029511;11,3909;0;
0,00029512;11,4015;0;
0,000295131;11,4082;0;
0,000295153;11,4192;0;
0,00029518;11,4268;0;
0,000295233;11,4391;0;
0,000295339;11,4526;0;
0,000295551;11,4693;0;
0,000295976;11,4857;0;
0,000296826;11,5038;0;
0,000297826;11,5146;0;
0,000298826;11,5231;0;
0,000299826;11,5284;0;
0,000300002;11,53;0;
0,000300002;11,5297;1,2;
0,000300003;11,5295;3,6;
0,000300003;11,5295;5,76315;
0,000300003;11,5295;7,69629;
0,000300004;11,5295;9,5563;
0,000300004;11,5295;12;
0,000300004;11,5295;12;
0,000300004;11,5295;12;
0,000300004;11,5296;12;
0,000300005;11,5296;12;
0,000300005;11,5296;12;
0,000300005;11,5296;12;
0,000300005;11,5296;12;
0,000300006;11,5296;12;
0,000300006;11,5296;12;
0,000300007;11,5296;12;
0,000300008;11,5296;12;
0,00030001;11,5296;12;
0,000300012;11,5297;12;
0,000300015;11,5297;12;
0,000300021;11,5297;12;
0,000300029;11,5298;12;
0,000300036;11,5298;12;
0,000300043;11,5298;12;
0,000300051;11,5299;12;
0,000300063;11,5299;12;
0,000300082;11,53;12;
0,000300108;11,5302;12;
0,000300146;11,5303;12;
0,000300201;11,5306;12;
0,000300281;11,531;12;
0,000300413;11,5316;12;
0,000300655;11,5328;12;
0,000301138;11,5348;12;
0,000301437;11,5361;12;
0,000301751;11,5373;12;
0,00030193;11,538;12;
0,000302072;11,5385;12;
0,00030221;11,539;12;
0,000302436;11,5398;12;
0,000302645;11,5405;12;
0,000302926;11,5414;12;
0,000303288;11,5425;12;
0,000303752;11,5439;12;
0,000304435;11,5459;12;
0,000305435;11,5485;12;
0,000306435;11,5508;12;
0,000307435;11,553;12;
0,000308435;11,555;12;
0,000309435;11,5568;12;
0,000310435;11,5585;12;
0,000311435;11,5602;12;
0,000312435;11,5617;12;
0,000313435;11,5631;12;
0,000314435;11,5645;12;
0,000315435;11,5658;12;
0,000316435;11,567;12;
0,000317435;11,5682;12;
0,000318435;11,5693;12;
0,000319435;11,5704;12;
0,000320435;11,5714;12;
0,000321435;11,5724;12;
0,000322435;11,5733;12;
0,000323435;11,5743;12;
0,000324435;11,5752;12;
0,000325435;11,576;12;
0,000326435;11,5768;12;
0,000327435;11,5776;12;
0,000328435;11,5784;12;
0,000329435;11,5792;12;
0,000330435;11,5799;12;
0,000331435;11,5806;12;
0,000332435;11,5813;12;
0,000333435;11,582;12;
0,000334435;11,5827;12;
0,000335435;11,5833;12;
0,000336435;11,5839;12;
0,000337435;11,5845;12;
0,000338435;11,5851;12;
0,000339435;11,5857;12;
0,000340435;11,5863;12;
0,000341435;11,5869;12;
0,000342435;11,5874;12;
0,000343435;11,5879;12;
0,000344435;11,5885;12;
0,000345435;11,589;12;
0,000346435;11,5895;12;
0,000347435;11,59;12;
0,000348435;11,5905;12;
0,000349435;11,5909;12;
0,000350435;11,5914;12;
0,000351435;11,5918;12;
0,000352349;11,5923;12;
0,00035327;11,5927;12;
0,000354141;11,593;12;
0,000354991;11,5934;12;
0,000355819;11,5938;12;
0,000356621;11,5941;12;
0,000357489;11,5945;12;
0,00035845;11,5948;12;
0,00035945;11,5952;12;
0,00036045;11,5956;12;
0,00036145;11,596;12;
0,00036245;11,5964;12;
0,00036345;11,5968;12;
0,00036445;11,5971;12;
0,00036545;11,5975;12;
0,00036645;11,5979;12;
0,00036745;11,5982;12;
0,00036845;11,5986;12;
0,00036945;11,5989;12;
0,00037045;11,5993;12;
0,00037145;11,5996;12;
0,00037245;11,5999;12;
0,00037345;11,6002;12;
0,00037445;11,6006;12;
0,00037545;11,6009;12;
0,00037645;11,6012;12;
0,00037745;11,6015;12;
0,00037845;11,6018;12;
0,00037945;11,6021;12;
0,00038045;11,6024;12;
0,00038145;11,6027;12;
0,00038245;11,603;12;
0,00038345;11,6033;12;
0,00038445;11,6036;12;
0,00038545;11,6039;12;
0,00038645;11,6041;12;
0,00038745;11,6044;12;
0,00038845;11,6047;12;
0,00038945;11,605;12;
0,00039045;11,6052;12;
0,00039145;11,6055;12;
0,00039245;11,6057;12;
0,00039345;11,606;12;
0,00039445;11,6063;12;
0,00039545;11,6065;12;
0,00039645;11,6068;12;
0,00039745;11,607;12;
0,00039845;11,6073;12;
0,00039945;11,6075;12;
0,00040045;11,6077;12;
0,00040145;11,608;12;
0,00040245;11,6082;12;
0,00040345;11,6084;12;
0,00040445;0,0205568;12;
0,000405115;0,0201947;12;
0,000405722;0,0205606;12;
0,000406405;0,0201937;12;
0,000407252;0,0205608;12;
0,000408252;0,0201933;12;
0,000409252;0,0205616;12;
0,000410252;0,0201925;12;
0,000411252;0,0205622;12;
0,000412252;0,0201919;12;
0,000413252;0,020537;12;
0,000414126;0,020135;12;
0,000414581;0,0204948;12;
0,000414889;0,0201464;12;
0,000415252;0,020505;12;
0,000415835;0,0201474;12;
0,000416466;0,0205063;12;
0,000417466;0,0201465;12;
0,000418466;0,0205068;12;
0,000419466;0,0201459;12;
0,000420466;0,0205074;12;
0,000421466;0,0201453;12;
0,000422466;0,020508;12;
0,000423466;0,0201447;12;
0,000424466;0,0205085;12;
0,000425466;0,0201441;12;
0,000426466;0,0205091;12;
0,000427466;0,0201435;12;
0,000428466;0,0205096;12;
0,000429466;0,0201429;12;
0,000430466;0,0205102;12;
0,000431466;0,0201423;12;
0,000432466;0,0205107;12;
0,000433466;0,0201417;12;
0,000434466;0,0205113;12;
0,000435466;0,0201411;12;
0,000436466;0,0205118;12;
0,000437466;0,0201405;12;
0,000438466;0,0205124;12;
0,000439466;0,0201399;12;
0,000440466;0,0205129;12;
0,000441466;0,0201393;12;
0,000442466;0,0205135;12;
0,000443466;0,0201387;12;
0,000444466;0,020514;12;
0,000445004;0,0201379;12;
0,000445012;0,0203711;0;
0,000445012;0,020372;0;
0,000445012;0,0203729;0;
0,000445012;0,020371;0;
0,000445013;0,0203685;0;
0,000445013;0,0203645;0;
0,000445013;0,0203587;0;
0,000445013;0,0203515;0;
0,000445013;0,0203432;0;
0,000445014;0,0203318;0;
0,000445014;0,0203208;0;
0,000445015;0,0203081;0;
0,000445015;0,0203012;0;
0,000445017;0,0202992;0;
0,000445019;0,0203061;0;
0,000445022;0,0203175;0;
0,000445026;0,0203218;0;
0,000445034;0,0203236;0;
0,000445044;0,0203176;0;
0,000445054;3,04099;0;
0,000445061;7,75028;0;
0,000445064;9,12604;0;
0,000445066;9,60539;0;
0,000445067;9,85166;0;
0,000445068;10,0496;0;
0,000445069;10,1685;0;
0,00044507;10,2672;0;
0,00044507;10,367;0;
0,000445071;10,4775;0;
0,000445072;10,5945;0;
0,000445074;10,7148;0;
0,000445075;10,8411;0;
0,000445077;10,9647;0;
0,00044508;11,0825;0;
0,000445084;11,1895;0;
0,000445089;11,2859;0;
0,000445096;11,3382;0;
0,000445103;11,3702;0;
0,000445111;11,387;0;
0,000445118;11,3965;0;
0,000445128;11,4043;0;
0,000445141;11,4123;0;
0,000445156;11,4185;0;
0,000445186;11,4278;0;
0,000445217;11,4349;0;
0,000445279;11,4452;0;
0,000445386;11,4567;0;
0,000445568;11,4692;0;
0,000445888;11,4825;0;
0,000446469;11,4969;0;
0,000447428;11,5106;0;
0,000448428;11,5196;0;
0,000449428;11,5263;0;
0,000450002;11,5294;0;
0,00045001;11,5294;12;
0,000450026;11,5295;12;
0,000450035;11,5296;12;
0,000450043;11,5296;12;
0,000450052;11,5297;12;
0,00045006;11,5297;12;
0,000450067;11,5297;12;
0,000450075;11,5298;12;
0,000450083;11,5298;12;
0,000450091;11,5298;12;
0,000450101;11,5299;12;
0,000450112;11,5299;12;
0,000450124;11,53;12;
0,000450138;11,5301;12;
0,000450155;11,5302;12;
0,000450176;11,5303;12;
0,000450202;11,5304;12;
0,000450238;11,5306;12;
0,000450288;11,5308;12;
0,000450365;11,5312;12;
0,000450481;11,5318;12;
0,000450699;11,5327;12;
0,000451133;11,5347;12;
0,000452003;11,5381;12;
0,000452867;11,5411;12;
0,000453867;11,5441;12;
0,000454867;11,5469;12;
0,000455867;11,5494;12;
0,000456867;11,5517;12;
0,000457867;11,5538;12;
0,000458867;11,5557;12;
0,000459867;11,5575;12;
0,000460867;11,5592;12;
0,000461867;11,5608;12;
0,000462867;11,5623;12;
0,000463867;11,5636;12;
0,000464867;11,565;12;
0,000465867;11,5662;12;
0,000466867;11,5675;12;
0,000467867;11,5686;12;
0,000468867;11,5697;12;
0,000469867;11,5708;12;
0,000470867;11,5718;12;
0,000471867;11,5728;12;
0,000472867;11,5737;12;
0,000473867;11,5746;12;
0,00047466;11,5753;12;
0,000475026;11,5756;12;
0,000475326;11,5759;12;
0,000475576;11,5761;12;
0,000475817;11,5763;12;
0,000476058;11,5765;12;
0,000476313;11,5767;12;
0,000476606;11,5769;12;
0,000476961;11,5772;12;
0,000477428;11,5776;12;
0,000478096;11,5781;12;
0,000479096;11,5789;12;
0,000480096;11,5797;12;
0,000481096;11,5804;12;
0,000482096;11,5811;12;
0,000483096;11,5817;12;
0,000484096;11,5824;12;
0,000485096;11,5831;12;
0,000486096;11,5837;12;
0,000487096;11,5843;12;
0,000488096;11,5849;12;
0,000489096;11,5855;12;
0,000490096;11,5861;12;
0,000491096;11,5866;12;
0,000492096;11,5872;12;
0,000493096;11,5877;12;
0,000494096;11,5883;12;
0,000495096;11,5888;12;
0,000496096;11,5893;12;
0,000497096;11,5898;12;
0,000498096;11,5903;12;
0,000499096;11,5907;12;
0,000500096;11,5912;12;
0,000501096;11,5917;12;
0,000502096;11,5921;12;
0,000503096;11,5926;12;
0,000504096;11,593;12;
0,000505096;11,5934;12;
0,000506096;11,5939;12;
0,000507096;11,5943;12;
0,000508096;11,5947;12;
0,000509096;11,5951;12;
0,000510096;11,5955;12;
0,000511096;11,5959;12;
0,000512096;11,5963;12;
0,000513096;11,5966;12;
0,000514096;11,597;12;
0,000515096;11,5974;12;
0,000516096;11,5977;12;
0,000517096;11,5981;12;
0,000518096;11,5984;12;
0,000519096;11,5988;12;
0,000520096;11,5991;12;
0,000521096;11,5994;12;
0,000522096;11,5998;12;
0,000523096;11,6001;12;
0,000524096;11,6005;12;
0,000525096;11,6008;12;
0,000526096;11,6011;12;
0,000527096;11,6014;12;
0,000528096;11,6017;12;
0,000529096;11,602;12;
0,000530096;11,6023;12;
0,000531096;11,6026;12;
0,000532096;11,6029;12;
0,000533096;11,6032;12;
0,000534096;11,6035;12;
0,000535096;11,6037;12;
0,000536096;11,604;12;
0,000537096;11,6043;12;
0,000538096;11,6046;12;
0,000539096;11,6048;12;
0,000540096;11,6051;12;
0,000541096;11,6054;12;
0,000542096;11,6057;12;
0,000543096;11,6059;12;
0,000544096;11,6062;12;
0,000545096;11,6064;12;
0,000546096;11,6067;12;
0,000547096;11,6069;12;
0,000548096;11,6072;12;
0,000549096;11,6074;12;
0,000550096;11,6077;12;
0,000551096;11,6079;12;
0,000552096;11,6081;12;
0,000553096;11,6083;12;
0,000554096;11,6086;12;
0,000554198;11,6086;12;
0,000554359;11,6086;12;
0,000554464;11,6087;12;
0,000554564;0,0251583;12;
0,000554632;0,0187898;12;
0,000554688;0,0243815;12;
0,000554743;0,0186533;12;
0,000554794;0,0238536;12;
0,000554849;0,0185255;12;
0,000554914;0,0235288;12;
0,000554983;0,018434;12;
0,000555055;0,0233226;12;
0,000555137;0,0183639;12;
0,000555233;0,0232058;12;
0,000555352;0,0183175;12;
0,000555514;0,0231442;12;
0,00055575;0,0183101;12;
0,00055613;0,0231148;12;
0,000556756;0,0182836;12;
0,000557756;0,0231078;12;
0,000558756;0,018279;12;
0,000559756;0,0231084;12;
0,000560756;0,0182756;12;
0,000561756;0,0231022;12;
0,000562756;0,018279;12;
0,000563756;0,0230075;12;
0,000564756;0,0180186;12;
0,000565374;0,0227345;12;
0,000565678;0,0181555;12;
0,000566041;0,022792;12;
0,00056661;0,0181709;12;
0,000567249;0,0228014;12;
0,000567998;0,018165;12;
0,000568998;0,0228012;12;
0,000569998;0,0181607;12;
0,000570998;0,0228021;12;
0,000571998;0,0181564;12;
0,000572998;0,0228023;12;
0,000573998;0,0181522;12;
0,000574998;0,0228026;12;
0,000575998;0,0181481;12;
0,000576998;0,022803;12;
0,000577998;0,018145;12;
0,000578998;0,0228033;12;
0,000579998;0,0181402;12;
0,000580998;0,0228038;12;
0,000581998;0,0181361;12;
0,000582998;0,0228042;12;
0,000583998;0,0181423;12;
0,000584998;0,0228047;12;
0,000585998;0,0181316;12;
0,000586998;0,0228053;12;
0,000587998;0,0181256;12;
0,000588998;0,0228059;12;
0,000589998;0,0181211;12;
0,000590998;0,0228065;12;
0,000591998;0,0181172;12;
0,000592998;0,0228072;12;
0,000593998;0,0181134;12;
0,000594998;0,0228079;12;
0,000595004;0,0178973;12;
0,000595004;0,0198079;11,5148;
0,000595004;0,0206399;10,5445;
0,000595005;0,0202616;8,99216;
0,000595005;0,0205845;7,3764;
0,000595005;0,0203479;5,16284;
0,000595006;0,0205332;2,52335;
0,000595006;0,0203935;0;
0,000595006;0,020452;0;
0,000595006;0,0204893;0;
0,000595006;0,0205011;0;
0,000595007;0,0205396;0;
0,000595007;0,0205488;0;
0,000595007;0,0205621;0;
0,000595007;0,020549;0;
0,000595007;0,0205338;0;
0,000595008;0,020507;0;
0,000595008;0,0204837;0;
0,000595008;0,0204581;0;
0,000595008;0,0204384;0;
0,000595009;0,0204113;0;
0,000595009;0,0203862;0;
0,000595009;0,0203485;0;
0,00059501;0,0203218;0;
0,000595011;0,0202931;0;
0,000595012;0,0202885;0;
0,000595014;0,0202978;0;
0,000595018;0,0203162;0;
0,000595022;0,0203209;0;
0,00059503;0,0203241;0;
0,000595041;0,0203207;0;
0,000595052;3,21834;0;
0,000595059;8,08717;0;
0,000595063;9,48584;0;
0,000595065;9,98958;0;
0,000595067;10,2283;0;
0,000595068;10,4098;0;
0,000595069;10,516;0;
0,00059507;10,598;0;
0,00059507;10,669;0;
0,000595071;10,7367;0;
0,000595072;10,828;0;
0,000595073;10,9031;0;
0,000595075;10,9911;0;
0,000595077;11,0736;0;
0,000595079;11,1521;0;
0,000595083;11,225;0;
0,000595087;11,289;0;
0,000595093;11,3385;0;
0,000595101;11,3731;0;
0,000595109;11,3883;0;
0,000595117;11,3977;0;
0,000595126;11,4049;0;
0,000595141;11,4135;0;
0,000595156;11,4194;0;
0,000595185;11,4283;0;
0,000595217;11,4355;0;
0,000595282;11,446;0;
0,000595388;11,4571;0;
0,000595587;11,4704;0;
0,000595984;11,4857;0;
0,000596779;11,5025;0;
0,000597779;11,5143;0;
0,000598779;11,5223;0;
0,000599779;11,5283;0;
0,000600002;11,5295;0;
0,000600002;11,5295;1,2;
0,000600003;11,5295;3,6;
0,000600003;11,5294;5,76485;
0,000600003;11,5294;7,69872;
0,000600004;11,5294;9,55811;
0,000600004;11,5295;12;
0,000600004;11,5295;12;
0,000600004;11,5295;12;
0,000600004;11,5295;12;
0,000600005;11,5295;12;
0,000600005;11,5295;12;
0,000600005;11,5295;12;
0,000600005;11,5295;12;
0,000600006;11,5295;12;
0,000600006;11,5295;12;
0,000600007;11,5295;12;
0,000600008;11,5295;12;
0,00060001;11,5295;12;
0,000600012;11,5296;12;
0,000600015;11,5296;12;
0,000600021;11,5296;12;
0,000600029;11,5297;12;
0,000600036;11,5297;12;
0,000600043;11,5297;12;
0,000600051;11,5298;12;
0,000600063;11,5298;12;
0,000600081;11,5299;12;
0,000600107;11,53;12;
0,000600145;11,5302;12;
0,000600201;11,5305;12;
0,00060028;11,5309;12;
0,000600413;11,5315;12;
0,000600655;11,5327;12;
0,00060114;11,5348;12;
0,00060144;11,536;12;
0,000601755;11,5372;12;
0,000601946;11,5379;12;
0,000602096;11,5385;12;
0,00060224;11,539;12;
0,000602486;11,5399;12;
0,000602716;11,5406;12;
0,000603035;11,5417;12;
0,000603463;11,543;12;
0,000604039;11,5447;12;
0,00060494;11,5472;12;
0,00060594;11,5496;12;
0,00060694;11,5519;12;
0,00060794;11,554;12;
0,00060894;11,5559;12;
0,00060994;11,5577;12;
0,00061094;11,5593;12;
0,00061194;11,5609;12;
0,00061294;11,5624;12;
0,00061394;11,5638;12;
0,00061494;11,5651;12;
0,00061594;11,5664;12;
0,00061694;11,5676;12;
0,00061794;11,5687;12;
0,00061894;11,5698;12;
0,00061994;11,5709;12;
0,00062094;11,5719;12;
0,00062194;11,5728;12;
0,00062294;11,5738;12;
0,00062394;11,5747;12;
0,00062494;11,5756;12;
0,00062594;11,5764;12;
0,00062694;11,5772;12;
0,00062794;11,578;12;
0,00062894;11,5788;12;
0,00062994;11,5795;12;
0,00063094;11,5803;12;
0,00063194;11,581;12;
0,00063294;11,5817;12;
0,00063394;11,5823;12;
0,00063494;11,583;12;
0,00063594;11,5836;12;
0,00063694;11,5842;12;
0,00063794;11,5848;12;
0,00063894;11,5854;12;
0,00063994;11,586;12;
0,00064094;11,5866;12;
0,00064194;11,5871;12;
0,00064294;11,5877;12;
0,00064394;11,5882;12;
0,00064494;11,5887;12;
0,00064594;11,5892;12;
0,00064694;11,5897;12;
0,00064794;11,5902;12;
0,00064894;11,5907;12;
0,00064994;11,5911;12;
0,00065094;11,5916;12;
0,00065194;11,5921;12;
0,00065294;11,5925;12;
0,00065394;11,5929;12;
0,00065494;11,5934;12;
0,00065594;11,5938;12;
0,00065694;11,5942;12;
0,000657844;11,5946;12;
0,00065876;11,595;12;
0,00065962;11,5953;12;
0,000660461;11,5956;12;
0,000661276;11,5959;12;
0,000662064;11,5962;12;
0,000662925;11,5966;12;
0,000663879;11,5969;12;
0,000664879;11,5973;12;
0,000665879;11,5977;12;
0,000666879;11,598;12;
0,000667879;11,5984;12;
0,000668879;11,5987;12;
0,000669879;11,5991;12;
0,000670879;11,5994;12;
0,000671879;11,5997;12;
0,000672879;11,6001;12;
0,000673879;11,6004;12;
0,000674879;11,6007;12;
0,000675879;11,601;12;
0,000676879;11,6013;12;
0,000677879;11,6016;12;
0,000678879;11,6019;12;
0,000679879;11,6022;12;
0,000680879;11,6025;12;
0,000681879;11,6028;12;
0,000682879;11,6031;12;
0,000683879;11,6034;12;
0,000684879;11,6037;12;
0,000685879;11,604;12;
0,000686879;11,6042;12;
0,000687879;11,6045;12;
0,000688879;11,6048;12;
0,000689879;11,6051;12;
0,000690879;11,6053;12;
0,000691879;11,6056;12;
0,000692879;11,6059;12;
0,000693879;11,6061;12;
0,000694879;11,6064;12;
0,000695879;11,6066;12;
0,000696879;11,6069;12;
0,000697879;11,6071;12;
0,000698879;11,6074;12;
0,000699879;11,6076;12;
0,000700879;11,6078;12;
0,000701879;11,6081;12;
0,000702879;11,6083;12;
0,000703879;11,6085;12;
0,000704879;0,0205595;12;
0,000705567;0,0201948;12;
0,000706201;0,0205604;12;
0,00070689;0,0201939;12;
0,000707731;0,0205606;12;
0,000708731;0,0201934;12;
0,000709731;0,0205614;12;
0,000710731;0,0201926;12;
0,000711731;0,020562;12;
0,000712731;0,020192;12;
0,000713731;0,0205338;12;
0,000714598;0,0201367;12;
0,000715016;0,0204961;12;
0,000715332;0,0201472;12;
0,000715701;0,020505;12;
0,000716323;0,0201476;12;
0,000716981;0,020506;12;
0,000717981;0,0201468;12;
0,000718981;0,0205066;12;
0,000719981;0,0201462;12;
0,000720981;0,0205071;12;
0,000721981;0,0201456;12;
0,000722981;0,0205077;12;
0,000723981;0,020145;12;
0,000724981;0,0205082;12;
0,000725981;0,0201444;12;
0,000726981;0,0205088;12;
0,000727981;0,0201438;12;
0,000728981;0,0205093;12;
0,000729981;0,0201432;12;
0,000730981;0,0205099;12;
0,000731981;0,0201426;12;
0,000732981;0,0205104;12;
0,000733981;0,020142;12;
0,000734981;0,020511;12;
0,000735981;0,0201414;12;
0,000736981;0,0205115;12;
0,000737981;0,0201408;12;
0,000738981;0,0205121;12;
0,000739981;0,0201402;12;
0,000740981;0,0205126;12;
0,000741981;0,0201396;12;
0,000742981;0,0205132;12;
0,000743981;0,020139;12;
0,000744981;0,0205137;12;
0,000745004;0,0201264;12;
0,000745004;0,0203632;9,97228;
0,000745005;0,0203997;5,91684;
0,000745006;0,0203939;2,79234;
0,000745006;0,02045;0;
0,000745006;0,0204503;0;
0,000745006;0,0204608;0;
0,000745006;0,0204945;0;
0,000745007;0,0205186;0;
0,000745007;0,0205357;0;
0,000745007;0,0205432;0;
0,000745007;0,0205386;0;
0,000745007;0,0205217;0;
0,000745008;0,0205002;0;
0,000745008;0,0204766;0;
0,000745008;0,0204551;0;
0,000745008;0,0204356;0;
0,000745009;0,020412;0;
0,000745009;0,0203877;0;
0,000745009;0,0203522;0;
0,00074501;0,0203249;0;
0,000745011;0,0202955;0;
0,000745012;0,0202881;0;
0,000745014;0,0202959;0;
0,000745018;0,0203146;0;
0,000745021;0,0203206;0;
0,000745029;0,0203236;0;
0,00074504;0,0203202;0;
0,000745051;3,2975;0;
0,000745059;8,26261;0;
0,000745063;9,68116;0;
0,000745065;10,1391;0;
0,000745067;10,3637;0;
0,000745068;10,5231;0;
0,000745069;10,6275;0;
0,00074507;10,7126;0;
0,000745071;10,7805;0;
0,000745072;10,8422;0;
0,000745073;10,9191;0;
0,000745074;10,989;0;
0,000745076;11,0626;0;
0,000745078;11,1338;0;
0,000745081;11,1992;0;
0,000745084;11,2585;0;
0,000745088;11,3071;0;
0,000745094;11,3489;0;
0,000745102;11,3753;0;
0,000745109;11,3898;0;
0,000745118;11,3991;0;
0,000745127;11,4062;0;
0,000745143;11,4148;0;
0,000745158;11,4206;0;
0,000745189;11,4294;0;
0,000745223;11,4368;0;
0,000745293;11,4475;0;
0,000745433;11,4609;0;
0,000745713;11,4765;0;
0,000746272;11,4933;0;
0,000747272;11,5092;0;
0,000748272;11,5187;0;
0,000749272;11,5256;0;
0,000750002;11,5296;0;
0,000750002;11,5296;1,2;
0,000750003;11,5295;3,6;
0,000750003;11,5295;5,76545;
0,000750003;11,5295;7,69971;
0,000750004;11,5295;9,55896;
0,000750004;11,5295;12;
0,000750004;11,5295;12;
0,000750004;11,5295;12;
0,000750004;11,5295;12;
0,000750005;11,5296;12;
0,000750005;11,5296;12;
0,000750005;11,5296;12;
0,000750005;11,5296;12;
0,000750006;11,5296;12;
0,000750006;11,5296;12;
0,000750007;11,5296;12;
0,000750008;11,5296;12;
0,00075001;11,5296;12;
0,000750012;11,5296;12;
0,000750015;11,5296;12;
0,000750021;11,5297;12;
0,000750029;11,5297;12;
0,000750036;11,5298;12;
0,000750043;11,5298;12;
0,000750051;11,5298;12;
0,000750063;11,5299;12;
0,000750082;11,53;12;
0,000750108;11,5301;12;
0,000750146;11,5303;12;
0,000750201;11,5306;12;
0,000750281;11,531;12;
0,000750409;11,5316;12;
0,00075064;11,5327;12;
0,000751102;11,5347;12;
0,0007514;11,5359;12;
0,000751717;11,5371;12;
0,000751813;11,5375;12;
0,00075191;11,5378;12;
0,000752;11,5382;12;
0,000752069;11,5384;12;
0,000752142;11,5387;12;
0,000752213;11,5389;12;
0,000752281;11,5392;12;
0,000752356;11,5395;12;
0,000752429;11,5397;12;
0,000752501;11,54;12;
0,000752574;11,5402;12;
0,000752649;11,5405;12;
0,000752728;11,5407;12;
0,000752813;11,541;12;
0,000752906;11,5413;12;
0,00075301;11,5416;12;
0,000753129;11,542;12;
0,000753266;11,5424;12;
0,000753427;11,5429;12;
0,000753618;11,5435;12;
0,000753862;11,5442;12;
0,000754205;11,5452;12;
0,000754725;11,5466;12;
0,000755604;11,5488;12;
0,000756604;11,5512;12;
0,000757604;11,5533;12;
0,000758604;11,5553;12;
0,000759604;11,5571;12;
0,000760604;11,5588;12;
0,000761604;11,5604;12;
0,000762604;11,5619;12;
0,000763604;11,5633;12;
0,000764604;11,5647;12;
0,000765604;11,566;12;
0,000766604;11,5672;12;
0,000767604;11,5683;12;
0,000768604;11,5695;12;
0,000769604;11,5705;12;
0,000770604;11,5716;12;
0,000771604;11,5725;12;
0,000772604;11,5735;12;
0,000773604;11,5744;12;
0,000774604;11,5753;12;
0,000775604;11,5761;12;
0,000776604;11,577;12;
0,000777604;11,5778;12;
0,000778604;11,5785;12;
0,000779604;11,5793;12;
0,000780604;11,58;12;
0,000781604;11,5807;12;
0,000782604;11,5814;12;
0,000783604;11,5821;12;
0,000784604;11,5828;12;
0,000785604;11,5834;12;
0,000786604;11,584;12;
0,000787604;11,5846;12;
0,000788604;11,5852;12;
0,000789604;11,5858;12;
0,000790604;11,5864;12;
0,000791604;11,5869;12;
0,000792604;11,5875;12;
0,000793604;11,588;12;
0,000794604;11,5885;12;
0,000795604;11,5891;12;
0,000796604;11,5896;12;
0,000797604;11,59;12;
0,000798604;11,5905;12;
0,000799604;11,591;12;
0,000800604;11,5915;12;
0,000801604;11,5919;12;
0,000802604;11,5924;12;
0,000803604;11,5928;12;
0,000804604;11,5932;12;
0,000805604;11,5937;12;
0,000806604;11,5941;12;
0,000807604;11,5945;12;
0,000808604;11,5949;12;
0,000809604;11,5953;12;
0,000810604;11,5957;12;
0,000811604;11,5961;12;
0,000812604;11,5965;12;
0,000813604;11,5968;12;
0,000814604;11,5972;12;
0,000815604;11,5976;12;
0,000816604;11,5979;12;
0,000817604;11,5983;12;
0,000818604;11,5986;12;
0,000819604;11,599;12;
0,000820604;11,5993;12;
0,000821604;11,5996;12;
0,000822604;11,6;12;
0,000823604;11,6003;12;
0,000824604;11,6006;12;
0,000825604;11,6009;12;
0,000826604;11,6012;12;
0,000827604;11,6016;12;
0,000828604;11,6019;12;
0,000829604;11,6022;12;
0,000830604;11,6025;12;
0,000831604;11,6028;12;
0,000832604;11,603;12;
0,000833604;11,6033;12;
0,000834604;11,6036;12;
0,000835604;11,6039;12;
0,000836604;11,6042;12;
0,000837604;11,6045;12;
0,000838604;11,6047;12;
0,000839604;11,605;12;
0,000840604;11,6053;12;
0,000841604;11,6055;12;
0,000842604;11,6058;12;
0,000843604;11,606;12;
0,000844604;11,6063;12;
0,000845604;11,6065;12;
0,000846604;11,6068;12;
0,000847604;11,607;12;
0,000848604;11,6073;12;
0,000849604;11,6075;12;
0,000850604;11,6078;12;
0,000851604;11,608;12;
0,000852604;11,6082;12;
0,000853604;11,6085;12;
0,000854287;11,6086;12;
0,000854938;0,020666;12;
0,000855376;0,0201035;12;
0,000855776;0,0206689;12;
0,000856196;0,0201012;12;
0,000856603;0,0206692;12;
0,000857417;0,0200993;12;
0,000858417;0,0206694;12;
0,000859417;0,0201007;12;
0,000860417;0,0206711;12;
0,000861417;0,0200998;12;
0,000862417;0,020672;12;
0,000863417;0,0200989;12;
0,000864207;0,020589;12;
0,00086508;0,0200611;12;
0,000865337;0,0206049;12;
0,000865755;0,0200569;12;
0,000866462;0,0206061;12;
0,000867187;0,0200555;12;
0,000868187;0,0206071;12;
0,000869187;0,0200546;12;
0,000870187;0,020608;12;
0,000871187;0,0200536;12;
0,000872187;0,0206088;12;
0,000873187;0,0200526;12;
0,000874187;0,0206097;12;
0,000875187;0,0200516;12;
0,000876187;0,0206105;12;
0,000877187;0,0200506;12;
0,000878187;0,0206114;12;
0,000879187;0,0200496;12;
0,000880187;0,0206122;12;
0,000881187;0,0200486;12;
0,000882187;0,0206131;12;
0,000883187;0,0200477;12;
0,000884187;0,0206139;12;
0,000885187;0,0200467;12;
0,000886187;0,0206148;12;
0,000887187;0,0200457;12;
0,000888187;0,0206156;12;
0,000889187;0,0200447;12;
0,000890187;0,0206165;12;
0,000891187;0,0200438;12;
0,000892187;0,0206173;12;
0,000893187;0,0200428;12;
0,000894187;0,0206181;12;
0,000895004;0,0200417;12;
0,000895017;0,0203526;0;
0,000895043;6,04219;0;
0,000895057;11,0632;0;
0,000895065;11,4517;0;
0,000895069;11,4346;0;
0,000895071;11,44;0;
0,000895072;11,4355;0;
0,000895072;11,4343;0;
0,000895073;11,4342;0;
0,000895073;11,4338;0;
0,000895073;11,4331;0;
0,000895074;11,4322;0;
0,000895075;11,4306;0;
0,000895076;11,4286;0;
0,000895078;11,4266;0;
0,00089508;11,4248;0;
0,000895083;11,4228;0;
0,000895089;11,4211;0;
0,000895097;11,4213;0;
0,000895105;11,4229;0;
0,000895115;11,4255;0;
0,000895129;11,4289;0;
0,000895149;11,4335;0;
0,000895181;11,4395;0;
0,000895242;11,448;0;
0,000895362;11,4597;0;
0,000895575;11,4726;0;
0,000895809;11,4817;0;
0,000896061;11,4889;0;
0,000896532;11,4986;0;
0,000897135;11,5073;0;
0,000898135;11,5174;0;
0,000899135;11,5246;0;
0,000900002;11,5295;0;
0,000900016;11,5295;12;
0,000900043;11,5297;12;
0,000900057;11,5297;12;
0,000900071;11,5298;12;
0,000900085;11,5299;12;
0,000900097;11,53;12;
0,000900111;11,53;12;
0,000900127;11,5301;12;
0,000900146;11,5302;12;
0,000900171;11,5303;12;
0,000900207;11,5305;12;
0,000900263;11,5308;12;
0,000900358;11,5312;12;
0,00090054;11,5321;12;
0,000900882;11,5336;12;
0,000901567;11,5365;12;
0,000902567;11,5401;12;
0,000903567;11,5433;12;
0,000904567;11,5462;12;
0,000905567;11,5487;12;
0,000906567;11,5511;12;
0,000907567;11,5532;12;
0,000908567;11,5552;12;
0,000909567;11,557;12;
0,000910567;11,5587;12;
0,000911567;11,5603;12;
0,000912567;11,5618;12;
0,000913567;11,5633;12;
0,000914567;11,5646;12;
0,000915567;11,5659;12;
0,000916567;11,5671;12;
0,000917567;11,5683;12;
0,000918567;11,5694;12;
0,000919567;11,5705;12;
0,000920567;11,5715;12;
0,000921567;11,5725;12;
0,000922567;11,5734;12;
0,000923567;11,5744;12;
0,000924567;11,5753;12;
0,000925567;11,5761;12;
0,000926567;11,5769;12;
0,000927567;11,5777;12;
0,000928567;11,5785;12;
0,000929567;11,5793;12;
0,000930567;11,58;12;
0,000931567;11,5807;12;
0,000932567;11,5814;12;
0,000933567;11,5821;12;
0,000934567;11,5827;12;
0,000935567;11,5834;12;
0,000936567;11,584;12;
0,000937567;11,5846;12;
0,000938567;11,5852;12;
0,000939567;11,5858;12;
0,000940567;11,5864;12;
0,000941567;11,5869;12;
0,000942567;11,5875;12;
0,000943567;11,588;12;
0,000944567;11,5885;12;
0,000945567;11,589;12;
0,000946567;11,5895;12;
0,000947567;11,59;12;
0,000948567;11,5905;12;
0,000949567;11,591;12;
0,000950567;11,5914;12;
0,000951567;11,5919;12;
0,000952567;11,5924;12;
0,000953567;11,5928;12;
0,000954567;11,5932;12;
0,000955567;11,5936;12;
0,000956567;11,5941;12;
0,000957567;11,5945;12;
0,000958567;11,5949;12;
0,000959567;11,5953;12;
0,000960567;11,5957;12;
0,000961567;11,596;12;
0,000962567;11,5964;12;
0,000963567;11,5968;12;
0,000964567;11,5972;12;
0,000965567;11,5975;12;
0,000966567;11,5979;12;
0,000967567;11,5982;12;
0,000968567;11,5986;12;
0,000969567;11,5989;12;
0,000970567;11,5993;12;
0,000971567;11,5996;12;
0,000972567;11,6;12;
0,000973567;11,6003;12;
0,000974567;11,6006;12;
0,000975567;11,6009;12;
0,000976567;11,6012;12;
0,000977567;11,6015;12;
0,000978567;11,6019;12;
0,000979567;11,6021;12;
0,000980567;11,6025;12;
0,000981567;11,6027;12;
0,000982567;11,603;12;
0,000983567;11,6033;12;
0,000984567;11,6036;12;
0,000985567;11,6039;12;
0,000986567;11,6042;12;
0,000987567;11,6044;12;
0,000988567;11,6047;12;
0,000989567;11,605;12;
0,000990567;11,6053;12;
0,000991567;11,6055;12;
0,000992567;11,6058;12;
0,000993567;11,606;12;
0,000994567;11,6063;12;
0,000995567;11,6065;12;
0,000996567;11,6068;12;
0,000997567;11,607;12;
0,000998567;11,6073;12;
0,000999567;11,6075;12;
0,001;11,6076;12;
