time;V(U_a);V(U_o);
0;-2.08316e-05;1.12841e-05;
1e-07;-2.08316e-05;1.12841e-05;
2e-07;-2.08316e-05;1.12841e-05;
4e-07;-2.08316e-05;1.12841e-05;
8e-07;-2.08316e-05;1.12841e-05;
1.6e-06;-2.08316e-05;1.12841e-05;
3.2e-06;-2.08316e-05;1.12841e-05;
6.4e-06;-2.08316e-05;1.12841e-05;
1.28e-05;-2.08316e-05;1.12841e-05;
2.28e-05;-2.08316e-05;1.12841e-05;
3.28e-05;-2.08316e-05;1.12841e-05;
4.28e-05;-2.08316e-05;1.12841e-05;
5.28e-05;-2.08316e-05;1.12841e-05;
6.28e-05;-2.08316e-05;1.12841e-05;
7.28e-05;-2.08316e-05;1.12841e-05;
8.28e-05;-2.08316e-05;1.12841e-05;
9.28e-05;-2.08316e-05;1.12841e-05;
0.0001028;-2.08316e-05;1.12841e-05;
0.0001128;-2.08316e-05;1.12841e-05;
0.0001228;-2.08316e-05;1.12841e-05;
0.0001328;-2.08316e-05;1.12841e-05;
0.0001428;-2.08316e-05;1.12841e-05;
0.0001528;-2.08316e-05;1.12841e-05;
0.0001628;-2.08316e-05;1.12841e-05;
0.0001728;-2.08316e-05;1.12841e-05;
0.0001828;-2.08316e-05;1.12841e-05;
0.0001928;-2.08316e-05;1.12841e-05;
0.0002028;-2.08316e-05;1.12841e-05;
0.0002128;-2.08316e-05;1.1284e-05;
0.0002228;-2.08316e-05;1.12841e-05;
0.0002328;-2.08316e-05;1.1284e-05;
0.0002428;-2.08316e-05;1.12841e-05;
0.0002528;-2.08316e-05;1.1284e-05;
0.0002628;-2.08316e-05;1.12841e-05;
0.0002728;-2.08316e-05;1.1284e-05;
0.0002828;-2.08316e-05;1.12841e-05;
0.0002928;-2.08316e-05;1.1284e-05;
0.0003028;-2.08316e-05;1.12841e-05;
0.0003128;-2.08316e-05;1.1284e-05;
0.0003228;-2.08316e-05;1.12842e-05;
0.0003328;-2.08316e-05;1.1284e-05;
0.0003428;-2.08316e-05;1.12842e-05;
0.0003528;-2.08316e-05;1.1284e-05;
0.0003628;-2.08316e-05;1.12842e-05;
0.0003728;-2.08316e-05;1.1284e-05;
0.0003828;-2.08316e-05;1.12842e-05;
0.0003928;-2.08316e-05;1.1284e-05;
0.0004028;-2.08316e-05;1.12842e-05;
0.0004128;-2.08316e-05;1.12839e-05;
0.0004228;-2.08316e-05;1.12842e-05;
0.0004328;-2.08316e-05;1.12839e-05;
0.0004428;-2.08316e-05;1.12842e-05;
0.0004528;-2.08316e-05;1.12839e-05;
0.0004628;-2.08316e-05;1.12843e-05;
0.0004728;-2.08316e-05;1.12839e-05;
0.0004828;-2.08316e-05;1.12843e-05;
0.0004928;-2.08316e-05;1.12838e-05;
0.0005028;-2.08316e-05;1.12843e-05;
0.0005128;-2.08316e-05;1.12838e-05;
0.0005228;-2.08316e-05;1.12844e-05;
0.0005328;-2.08316e-05;1.12838e-05;
0.0005428;-2.08316e-05;1.12844e-05;
0.0005528;-2.08316e-05;1.12837e-05;
0.0005628;-2.08316e-05;1.12845e-05;
0.0005728;-2.08316e-05;1.12837e-05;
0.0005828;-2.08316e-05;1.12845e-05;
0.0005928;-2.08316e-05;1.12836e-05;
0.0006028;-2.08316e-05;1.12846e-05;
0.0006128;-2.08316e-05;1.12835e-05;
0.0006228;-2.08316e-05;1.12847e-05;
0.0006328;-2.08316e-05;1.12835e-05;
0.0006428;-2.08316e-05;1.12848e-05;
0.0006528;-2.08316e-05;1.12834e-05;
0.0006628;-2.08316e-05;1.12849e-05;
0.0006728;-2.08316e-05;1.12833e-05;
0.0006828;-2.08316e-05;1.1285e-05;
0.0006928;-2.08316e-05;1.12831e-05;
0.0007028;-2.08316e-05;1.12851e-05;
0.0007128;-2.08316e-05;1.1283e-05;
0.0007228;-2.08316e-05;1.12852e-05;
0.0007328;-2.08316e-05;1.12828e-05;
0.0007428;-2.08316e-05;1.12854e-05;
0.0007528;-2.08316e-05;1.12826e-05;
0.0007628;-2.08316e-05;1.12856e-05;
0.0007728;-2.08316e-05;1.12824e-05;
0.0007828;-2.08316e-05;1.12859e-05;
0.0007928;-2.08316e-05;1.12822e-05;
0.0008028;-2.08316e-05;1.12861e-05;
0.0008128;-2.08316e-05;1.12819e-05;
0.0008228;-2.08316e-05;1.12864e-05;
0.0008328;-2.08317e-05;1.12816e-05;
0.0008428;-2.08316e-05;1.12868e-05;
0.0008528;-2.08317e-05;1.12812e-05;
0.0008628;-2.08316e-05;1.12872e-05;
0.0008728;-2.08317e-05;1.12808e-05;
0.0008828;-2.08316e-05;1.12876e-05;
0.0008928;-2.08317e-05;1.12803e-05;
0.0009028;-2.08316e-05;1.12882e-05;
0.0009128;-2.08317e-05;1.12797e-05;
0.0009228;-2.08316e-05;1.12888e-05;
0.0009328;-2.08317e-05;1.1279e-05;
0.0009428;-2.08315e-05;1.12895e-05;
0.0009528;-2.08317e-05;1.12783e-05;
0.0009628;-2.08315e-05;1.12903e-05;
0.0009728;-2.08317e-05;1.12774e-05;
0.0009828;-2.08315e-05;1.12912e-05;
0.0009928;-2.08317e-05;1.12764e-05;
0.0010028;-2.08315e-05;1.12922e-05;
0.0010128;-2.08317e-05;1.12753e-05;
0.0010228;-2.08315e-05;1.12935e-05;
0.0010328;-2.08317e-05;1.1274e-05;
0.0010428;-2.08315e-05;1.12948e-05;
0.0010528;-2.08318e-05;1.12725e-05;
0.0010628;-2.08314e-05;1.12965e-05;
0.0010728;-2.08318e-05;1.12707e-05;
0.0010828;-2.08314e-05;1.12983e-05;
0.0010928;-2.08318e-05;1.12687e-05;
0.0011028;-2.08314e-05;1.13004e-05;
0.0011128;-2.08318e-05;1.12665e-05;
0.0011228;-2.08313e-05;1.13029e-05;
0.0011328;-2.08319e-05;1.12638e-05;
0.0011428;-2.08313e-05;1.13057e-05;
0.0011528;-2.08319e-05;1.12608e-05;
0.0011628;-2.08313e-05;1.13089e-05;
0.0011728;-2.08319e-05;1.12573e-05;
0.0011828;-2.08312e-05;1.13126e-05;
0.0011928;-2.0832e-05;1.12533e-05;
0.0012028;-2.08311e-05;1.13168e-05;
0.0012128;-2.0832e-05;1.12487e-05;
0.0012228;-2.08311e-05;1.13217e-05;
0.0012328;-2.08321e-05;1.12435e-05;
0.0012428;-2.0831e-05;1.13273e-05;
0.0012528;-2.08322e-05;1.12374e-05;
0.0012628;-2.08309e-05;1.13337e-05;
0.0012728;-2.08322e-05;1.12304e-05;
0.0012828;-2.08308e-05;1.13411e-05;
0.0012928;-2.08323e-05;1.12224e-05;
0.0013028;-2.08306e-05;1.13496e-05;
0.0013128;-2.08324e-05;1.12132e-05;
0.0013228;-2.08305e-05;1.13594e-05;
0.0013328;-2.08325e-05;1.12026e-05;
0.0013428;-2.08303e-05;1.13707e-05;
0.0013528;-2.08327e-05;1.11905e-05;
0.0013628;-2.08301e-05;1.13836e-05;
0.0013728;-2.08328e-05;1.11765e-05;
0.0013828;-2.08299e-05;1.13984e-05;
0.0013928;-2.0833e-05;1.11604e-05;
0.0014028;-2.08296e-05;1.14154e-05;
0.0014128;-2.08332e-05;1.1142e-05;
0.0014228;-2.08293e-05;1.1435e-05;
0.0014328;-2.08334e-05;1.11207e-05;
0.0014428;-2.08289e-05;1.14575e-05;
0.0014528;-2.08337e-05;1.10963e-05;
0.0014628;-2.08285e-05;1.14833e-05;
0.0014728;-2.0834e-05;1.10683e-05;
0.0014828;-2.0828e-05;1.1513e-05;
0.0014928;-2.08343e-05;1.10361e-05;
0.0015028;-2.08275e-05;1.15472e-05;
0.0015128;-2.08347e-05;1.09991e-05;
0.0015228;-2.08268e-05;1.15864e-05;
0.0015328;-2.08352e-05;1.09565e-05;
0.0015428;-2.08261e-05;1.16314e-05;
0.0015528;-2.08357e-05;1.09076e-05;
0.0015628;-2.08252e-05;1.16832e-05;
0.0015728;-2.08362e-05;1.08514e-05;
0.0015828;-2.08242e-05;1.17426e-05;
0.0015928;-2.08369e-05;1.07867e-05;
0.0016028;-2.08231e-05;1.1811e-05;
0.0016128;-2.08377e-05;1.07125e-05;
0.0016228;-2.08218e-05;1.18895e-05;
0.0016328;-2.08385e-05;1.06271e-05;
0.0016428;-2.08203e-05;1.19797e-05;
0.0016528;-2.08395e-05;1.0529e-05;
0.0016628;-2.08185e-05;1.20834e-05;
0.0016728;-2.08406e-05;1.04162e-05;
0.0016828;-2.08165e-05;1.22024e-05;
0.0016928;-2.08419e-05;1.02866e-05;
0.0017028;-2.08142e-05;1.23393e-05;
0.0017128;-2.08433e-05;1.01376e-05;
0.0017228;-2.08115e-05;1.24965e-05;
0.0017328;-2.0845e-05;9.9663e-06;
0.0017428;-2.08084e-05;1.26771e-05;
0.0017528;-2.08468e-05;9.76946e-06;
0.0017628;-2.08048e-05;1.28847e-05;
0.0017728;-2.0849e-05;9.54321e-06;
0.0017828;-2.08007e-05;1.31231e-05;
0.0017928;-2.08514e-05;9.28316e-06;
0.0018028;-2.07959e-05;1.33971e-05;
0.0018128;-2.08542e-05;8.98425e-06;
0.0018228;-2.07904e-05;1.37119e-05;
0.0018328;-2.08573e-05;8.64067e-06;
0.0018428;-2.0784e-05;1.40735e-05;
0.0018528;-2.08609e-05;8.24575e-06;
0.0018628;-2.07766e-05;1.4489e-05;
0.0018728;-2.0865e-05;7.79182e-06;
0.0018828;-2.0768e-05;1.49664e-05;
0.0018928;-2.08696e-05;7.27005e-06;
0.0019028;-2.07582e-05;1.55149e-05;
0.0019128;-2.08748e-05;6.6703e-06;
0.0019228;-2.07467e-05;1.6145e-05;
0.0019328;-2.08808e-05;5.98092e-06;
0.0019428;-2.07335e-05;1.6869e-05;
0.0019528;-2.08875e-05;5.1885e-06;
0.0019628;-2.07183e-05;1.77008e-05;
0.0019728;-2.08951e-05;4.27764e-06;
0.0019828;-2.07006e-05;1.86564e-05;
0.0019928;-2.09038e-05;3.23063e-06;
0.0020028;-2.06802e-05;1.97542e-05;
0.0020128;-2.09136e-05;2.02711e-06;
0.0020228;-2.06566e-05;2.10155e-05;
0.0020328;-2.09247e-05;6.43672e-07;
0.0020428;-2.06292e-05;2.24646e-05;
0.0020528;-2.09373e-05;-9.46584e-07;
0.0020628;-2.05976e-05;2.41294e-05;
0.0020728;-2.09515e-05;-2.77459e-06;
0.0020828;-2.0561e-05;2.60419e-05;
0.00209277;-2.09676e-05;-4.87893e-06;
0.00210259;-2.05184e-05;2.82647e-05;
0.0021122;-2.09872e-05;-7.37036e-06;
0.00212148;-2.04681e-05;3.09576e-05;
0.00213033;-2.10136e-05;-1.04623e-05;
0.00213864;-2.04066e-05;3.44283e-05;
0.00214551;-2.10581e-05;-1.48643e-05;
0.002151;-2.03147e-05;4.03974e-05;
0.00215449;-2.11824e-05;-2.4871e-05;
0.00215637;-2.00057e-05;6.31076e-05;
0.00215716;-2.25031e-05;-0.000124013;
0.00215745;-3.97273e-05;-0.00141412;
0.00215759;-6.54783e-05;-0.00334287;
0.00215768;-9.80327e-05;-0.00578118;
0.00215777;-0.000148659;-0.0095731;
0.00215786;-0.000246039;-0.0168669;
0.00215795;-0.000395097;-0.0280314;
0.00215801;-0.00056843;-0.0410145;
0.00215807;-0.000799972;-0.0583589;
0.00215813;-0.00112767;-0.0829089;
0.0021582;-0.00162055;-0.119844;
0.00215827;-0.00249854;-0.185685;
0.00215835;-0.00392666;-0.292973;
0.00215843;-0.00642679;-0.481746;
0.00215852;-0.0104826;-0.792944;
0.00215861;-0.0170508;-1.32184;
0.0021587;-0.0257703;-2.14402;
0.00215876;-0.0304828;-2.77392;
0.00215882;-0.0326652;-3.5425;
0.00215888;-0.0319879;-4.27933;
0.00215894;-0.0306063;-5.05327;
0.00215902;-0.0292669;-5.95057;
0.00215909;-0.0277909;-6.88181;
0.00215924;-0.023878;-8.74822;
0.00215933;-0.021061;-9.85312;
0.00215938;-0.0127771;-10.3509;
0.00215941;0.00314029;-10.382;
0.00215945;0.0152043;-10.3973;
0.00215946;0.0174914;-10.4009;
0.00215947;0.0199493;-10.4059;
0.00215949;0.021152;-10.4098;
0.0021595;0.0215543;-10.412;
0.00215951;0.0218079;-10.414;
0.00215953;0.0220221;-10.4164;
0.00215954;0.0221817;-10.4185;
0.00215956;0.0224055;-10.4207;
0.00215957;0.0226989;-10.4226;
0.00215959;0.0231846;-10.4249;
0.00215961;0.0238532;-10.4271;
0.00215964;0.024966;-10.4299;
0.00215968;0.0265548;-10.4331;
0.00215972;0.0281325;-10.4359;
0.00215976;0.0298496;-10.4386;
0.00215981;0.0317581;-10.4413;
0.0021599;0.035282;-10.4454;
0.00216002;0.0398873;-10.4498;
0.00216015;0.0449988;-10.4535;
0.00216042;0.0552044;-10.4591;
0.00216093;0.0750944;-10.4657;
0.00216145;0.0952048;-10.4697;
0.00216248;0.135449;-10.474;
0.00216354;0.176316;-10.4756;
0.00216506;0.235253;-10.4766;
0.00216665;0.297071;-10.4769;
0.00216917;0.394826;-10.477;
0.00217235;0.518074;-10.477;
0.00217839;0.75226;-10.477;
0.00218839;1.14013;-10.477;
0.00219839;1.52797;-10.4769;
0.00220839;1.91576;-10.4769;
0.00221839;2.30352;-10.4769;
0.00222839;2.69123;-10.4768;
0.00223839;3.0789;-10.4768;
0.00224839;3.46653;-10.4768;
0.00225636;3.77575;-10.4754;
0.00226337;4.0473;-10.4707;
0.00227083;4.33597;-10.4601;
0.00227845;4.63062;-10.4352;
0.00228138;4.74329;-10.404;
0.00228153;4.74908;-10.4005;
0.00228183;4.76066;-10.3919;
0.00228211;4.77163;-10.3792;
0.00228226;4.77742;-10.3685;
0.00228235;4.78102;-10.3585;
0.00228243;4.78438;-10.3443;
0.00228248;4.78649;-10.3304;
0.00228252;4.78812;-10.3153;
0.00228254;4.78975;-10.295;
0.00228257;4.79176;-10.2629;
0.00228261;4.79469;-10.2033;
0.00228264;4.79717;-10.139;
0.00228268;4.79998;-10.0478;
0.00228271;4.803;-9.93085;
0.00228277;4.80787;-9.71335;
0.00228282;4.81433;-9.38399;
0.0022829;4.82443;-8.77321;
0.00228295;4.831;-8.29319;
0.002283;4.83663;-7.74307;
0.00228305;4.8406;-7.04039;
0.00228312;4.84225;-6.2755;
0.00228317;4.84323;-5.56615;
0.00228325;4.84481;-4.60428;
0.00228332;4.84615;-3.72345;
0.00228347;4.84798;-1.9618;
0.00228363;4.8489;0.0231356;
0.00228395;4.84722;3.99289;
0.00228421;4.84259;7.08295;
0.00228434;4.83882;8.78643;
0.00228443;4.8362;9.78399;
0.00228447;4.83255;10.3196;
0.0022845;4.81682;10.3736;
0.00228453;4.8034;10.3917;
0.00228454;4.80033;10.3961;
0.00228456;4.79732;10.401;
0.00228458;4.79535;10.4054;
0.00228459;4.79437;10.4089;
0.0022846;4.79398;10.4111;
0.00228461;4.79372;10.4132;
0.00228463;4.7935;10.4157;
0.00228464;4.79333;10.4177;
0.00228466;4.79309;10.42;
0.00228467;4.79278;10.422;
0.00228469;4.79229;10.4243;
0.00228471;4.79159;10.4265;
0.00228474;4.79046;10.4294;
0.00228478;4.78893;10.4325;
0.00228482;4.78737;10.4353;
0.00228486;4.78564;10.438;
0.00228491;4.78371;10.4407;
0.002285;4.78016;10.4449;
0.00228512;4.77545;10.4494;
0.00228525;4.77031;10.4531;
0.00228552;4.76004;10.4588;
0.00228605;4.73951;10.4655;
0.00228656;4.71948;10.4694;
0.0022876;4.67938;10.4736;
0.00228866;4.63821;10.4753;
0.00229018;4.57894;10.4762;
0.00229179;4.51656;10.4765;
0.00229432;4.4182;10.4767;
0.00229753;4.29354;10.4767;
0.00230364;4.05639;10.4767;
0.00231364;3.66805;10.4767;
0.00232364;3.27974;10.4767;
0.00233364;2.89148;10.4767;
0.00234364;2.50325;10.4767;
0.00235364;2.11507;10.4767;
0.00236364;1.72692;10.4767;
0.00237364;1.33881;10.4767;
0.00238364;0.950737;10.4767;
0.00239364;0.562708;10.4767;
0.00240364;0.174713;10.4767;
0.00241364;-0.213238;10.4767;
0.00242364;-0.601155;10.4767;
0.00243364;-0.989029;10.4767;
0.00244364;-1.37687;10.4767;
0.00245364;-1.76466;10.4767;
0.00246364;-2.15243;10.4767;
0.00247364;-2.54014;10.4767;
0.00248364;-2.92783;10.4767;
0.00249364;-3.31547;10.4767;
0.00250364;-3.70306;10.4759;
0.00250978;-3.94092;10.4731;
0.00251694;-4.21858;10.4652;
0.00252354;-4.47391;10.4516;
0.00252453;-4.51192;10.4485;
0.0025265;-4.58792;10.4407;
0.00253043;-4.73962;10.4057;
0.00253058;-4.74545;10.4026;
0.00253088;-4.7571;10.3948;
0.00253124;-4.77088;10.3801;
0.00253131;-4.77342;10.3761;
0.00253144;-4.77853;10.3654;
0.00253151;-4.78136;10.3568;
0.00253161;-4.78542;10.3369;
0.00253165;-4.78757;10.3193;
0.00253169;-4.78939;10.2977;
0.00253172;-4.79136;10.2672;
0.00253175;-4.79451;10.2039;
0.00253179;-4.79717;10.1346;
0.00253182;-4.80003;10.0406;
0.00253186;-4.80311;9.91982;
0.00253191;-4.808;9.6997;
0.00253197;-4.81451;9.3661;
0.00253205;-4.82485;8.73493;
0.0025321;-4.83144;8.24699;
0.00253215;-4.83703;7.68293;
0.0025322;-4.84076;6.98285;
0.00253227;-4.84238;6.20105;
0.00253232;-4.84339;5.49482;
0.0025324;-4.845;4.54132;
0.00253248;-4.84642;3.61698;
0.00253262;-4.84833;1.76442;
0.00253279;-4.84925;-0.32236;
0.00253313;-4.84723;-4.51572;
0.00253329;-4.84428;-6.60205;
0.00253348;-4.8395;-8.93947;
0.00253358;-4.83633;-10.1719;
0.00253362;-4.81813;-10.3741;
0.00253367;-4.79846;-10.3999;
0.00253368;-4.79611;-10.4039;
0.0025337;-4.79479;-10.4071;
0.00253371;-4.79393;-10.4104;
0.00253372;-4.79361;-10.4125;
0.00253373;-4.79344;-10.4146;
0.00253375;-4.79334;-10.4168;
0.00253376;-4.79326;-10.4188;
0.00253377;-4.79312;-10.4209;
0.00253379;-4.79289;-10.4228;
0.00253381;-4.79248;-10.425;
0.00253383;-4.79186;-10.4272;
0.00253386;-4.79084;-10.4299;
0.00253389;-4.78937;-10.4329;
0.00253393;-4.78793;-10.4355;
0.00253397;-4.7863;-10.4381;
0.00253401;-4.7846;-10.4406;
0.00253408;-4.7818;-10.4442;
0.00253418;-4.77803;-10.4481;
0.00253429;-4.77372;-10.4517;
0.00253449;-4.76587;-10.4568;
0.0025349;-4.7502;-10.4633;
0.00253548;-4.7274;-10.4691;
0.00253642;-4.69092;-10.4738;
0.00253748;-4.64966;-10.4758;
0.00253882;-4.59762;-10.4768;
0.00254039;-4.53674;-10.4773;
0.00254259;-4.45134;-10.4774;
0.00254557;-4.33577;-10.4775;
0.00255048;-4.14492;-10.4774;
0.00255924;-3.8045;-10.4774;
0.00256924;-3.41615;-10.4774;
0.00257924;-3.02785;-10.4773;
0.00258924;-2.63958;-10.4773;
0.00259924;-2.25136;-10.4773;
0.00260924;-1.86317;-10.4772;
0.00261924;-1.47503;-10.4772;
0.00262924;-1.08692;-10.4772;
0.00263924;-0.69886;-10.4771;
0.00264924;-0.310834;-10.4771;
0.00265924;0.0771482;-10.4771;
0.00266924;0.465093;-10.477;
0.00267924;0.852996;-10.477;
0.00268924;1.24086;-10.477;
0.00269924;1.62868;-10.4769;
0.00270924;2.01647;-10.4769;
0.00271924;2.40421;-10.4769;
0.00272924;2.79191;-10.4768;
0.00273924;3.17958;-10.4768;
0.00274924;3.5672;-10.4767;
0.00275566;3.81587;-10.4751;
0.00276347;4.11851;-10.4687;
0.00277013;4.37635;-10.4579;
0.00277794;4.67782;-10.4262;
0.0027783;4.69188;-10.4229;
0.00277903;4.71997;-10.4145;
0.00277986;4.75179;-10.3991;
0.00277996;4.75555;-10.3964;
0.00278015;4.76308;-10.39;
0.00278054;4.77816;-10.3672;
0.00278067;4.78335;-10.3502;
0.00278076;4.78707;-10.3268;
0.00278081;4.7897;-10.2973;
0.00278084;4.79184;-10.2636;
0.00278088;4.79525;-10.1932;
0.00278091;4.79794;-10.1202;
0.00278095;4.80076;-10.0246;
0.00278099;4.80408;-9.89121;
0.00278104;4.80914;-9.65873;
0.0027811;4.8159;-9.30486;
0.00278118;4.82699;-8.60303;
0.00278124;4.83374;-8.06099;
0.00278129;4.83913;-7.40468;
0.00278135;4.84173;-6.68902;
0.00278141;4.84278;-5.96683;
0.00278147;4.84394;-5.19591;
0.00278154;4.84533;-4.3684;
0.00278164;4.84704;-3.11583;
0.00278182;4.84872;-0.956573;
0.00278204;4.84885;1.84554;
0.0027825;4.84199;7.44954;
0.00278273;4.83505;10.2258;
0.0027828;4.80287;10.3935;
0.00278286;4.79217;10.4102;
0.00278287;4.79218;10.4123;
0.00278288;4.79232;10.4142;
0.00278289;4.79248;10.4158;
0.0027829;4.79266;10.4176;
0.00278292;4.79277;10.4194;
0.00278293;4.79278;10.4212;
0.00278295;4.79262;10.4231;
0.00278296;4.79223;10.4251;
0.00278299;4.79153;10.4274;
0.00278302;4.79009;10.4307;
0.00278305;4.78883;10.4331;
0.00278308;4.78751;10.4353;
0.00278312;4.78617;10.4374;
0.00278316;4.78438;10.44;
0.00278324;4.78131;10.4438;
0.00278334;4.77765;10.4476;
0.00278344;4.77375;10.4508;
0.00278364;4.76596;10.4559;
0.00278392;4.75508;10.4608;
0.00278448;4.73332;10.4672;
0.00278519;4.70562;10.4714;
0.00278638;4.65923;10.4747;
0.00278751;4.61539;10.4757;
0.00278917;4.55099;10.4764;
0.00279098;4.48067;10.4766;
0.00279398;4.36428;10.4767;
0.00279791;4.21176;10.4767;
0.00280576;3.90675;10.4767;
0.00281576;3.51842;10.4767;
0.00282576;3.13013;10.4767;
0.00283576;2.74188;10.4767;
0.00284576;2.35367;10.4767;
0.00285576;1.9655;10.4767;
0.00286576;1.57737;10.4767;
0.00287576;1.18927;10.4767;
0.00288576;0.801218;10.4767;
0.00289576;0.4132;10.4767;
0.00290576;0.0252238;10.4767;
0.00291576;-0.362716;10.4767;
0.00292576;-0.750615;10.4767;
0.00293576;-1.13848;10.4767;
0.00294576;-1.5263;10.4767;
0.00295576;-1.91408;10.4767;
0.00296576;-2.30183;10.4767;
0.00297576;-2.68953;10.4767;
0.00298576;-3.0772;10.4767;
0.00299576;-3.46483;10.4767;
0.0030038;-3.77646;10.4753;
0.00301072;-4.04466;10.4707;
0.00301813;-4.33125;10.4603;
0.00302578;-4.62718;10.4357;
0.00302868;-4.73904;10.4063;
0.00302874;-4.74104;10.4052;
0.00302884;-4.74502;10.4031;
0.00302905;-4.75296;10.3981;
0.00302946;-4.76887;10.3832;
0.00302952;-4.77126;10.3799;
0.00302964;-4.77606;10.3717;
0.0030298;-4.78229;10.3542;
0.00302987;-4.78524;10.3397;
0.00302992;-4.78737;10.3235;
0.00302995;-4.78908;10.3049;
0.00302998;-4.79078;10.2806;
0.00303001;-4.79332;10.2345;
0.00303005;-4.79618;10.1683;
0.00303008;-4.79872;10.0935;
0.00303011;-4.80145;9.99556;
0.00303017;-4.80647;9.78197;
0.00303023;-4.81263;9.47803;
0.0030303;-4.82152;8.96772;
0.00303036;-4.82991;8.38642;
0.00303041;-4.83598;7.83081;
0.00303047;-4.84076;7.05716;
0.00303053;-4.84248;6.30791;
0.00303059;-4.84353;5.54261;
0.00303066;-4.84498;4.67708;
0.00303074;-4.84642;3.76911;
0.00303088;-4.8484;1.9494;
0.00303103;-4.84938;0.090549;
0.00303133;-4.84829;-3.64288;
0.00303186;-4.8361;-10.2806;
0.00303198;-4.78865;-10.4099;
0.00303205;-4.78905;-10.4215;
0.00303207;-4.79083;-10.4236;
0.00303208;-4.79144;-10.4245;
0.00303209;-4.79196;-10.4259;
0.0030321;-4.79217;-10.4272;
0.00303212;-4.79192;-10.4292;
0.00303214;-4.79135;-10.4307;
0.00303216;-4.79065;-10.432;
0.00303217;-4.78978;-10.4334;
0.00303219;-4.78876;-10.4349;
0.00303222;-4.78775;-10.4364;
0.00303224;-4.78666;-10.4379;
0.00303227;-4.78545;-10.4397;
0.00303231;-4.78378;-10.4419;
0.00303236;-4.78196;-10.4442;
0.00303242;-4.77949;-10.4469;
0.00303248;-4.77711;-10.4491;
0.0030326;-4.77243;-10.4528;
0.0030328;-4.76498;-10.4573;
0.00303306;-4.75452;-10.462;
0.00303355;-4.73588;-10.4674;
0.00303451;-4.69858;-10.4727;
0.00303551;-4.65965;-10.4754;
0.00303684;-4.60796;-10.4767;
0.00303828;-4.55213;-10.4772;
0.0030404;-4.46952;-10.4774;
0.00304309;-4.36523;-10.4775;
0.00304764;-4.18823;-10.4774;
0.00305503;-3.90151;-10.4774;
0.00306503;-3.51315;-10.4774;
0.00307503;-3.12484;-10.4773;
0.00308503;-2.73656;-10.4773;
0.00309503;-2.34833;-10.4773;
0.00310503;-1.96013;-10.4772;
0.00311503;-1.57198;-10.4772;
0.00312503;-1.18386;-10.4772;
0.00313503;-0.79579;-10.4771;
0.00314503;-0.407753;-10.4771;
0.00315503;-0.0197618;-10.4771;
0.00316503;0.368195;-10.477;
0.00317503;0.756106;-10.477;
0.00318503;1.14398;-10.477;
0.00319503;1.53181;-10.4769;
0.00320503;1.91961;-10.4769;
0.00321503;2.30736;-10.4769;
0.00322503;2.69508;-10.4768;
0.00323503;3.08275;-10.4768;
0.00324503;3.47038;-10.4768;
0.00325292;3.77639;-10.4754;
0.00325998;4.0498;-10.4707;
0.00326746;4.33937;-10.4599;
0.00327504;4.63243;-10.4349;
0.00327794;4.74396;-10.4036;
0.00327798;4.74575;-10.4026;
0.00327808;4.74935;-10.4004;
0.00327826;4.75651;-10.3954;
0.00327863;4.77086;-10.3803;
0.00327869;4.77291;-10.3772;
0.00327879;4.77704;-10.3693;
0.00327895;4.78317;-10.35;
0.00327901;4.78594;-10.3343;
0.00327906;4.78804;-10.3158;
0.00327909;4.7898;-10.2938;
0.00327912;4.79177;-10.2621;
0.00327915;4.79476;-10.2009;
0.00327918;4.79722;-10.1367;
0.00327922;4.80001;-10.0455;
0.00327926;4.80307;-9.92652;
0.00327931;4.80795;-9.70779;
0.00327937;4.81445;-9.37591;
0.00327945;4.82464;-8.75638;
0.00327949;4.83116;-8.2769;
0.00327954;4.83677;-7.7226;
0.0032796;4.84062;-7.02397;
0.00327966;4.84225;-6.25413;
0.00327972;4.84322;-5.54957;
0.0032798;4.84479;-4.59424;
0.00327987;4.84615;-3.7025;
0.00328001;4.84798;-1.91906;
0.00328018;4.84888;0.0873622;
0.0032805;4.84707;4.1001;
0.00328072;4.84314;6.78142;
0.00328085;4.83996;8.2988;
0.00328093;4.83752;9.28509;
0.00328097;4.83594;9.86768;
0.003281;4.83478;10.2389;
0.00328102;4.82696;10.3493;
0.00328105;4.81456;10.3761;
0.00328107;4.80616;10.3878;
0.00328108;4.80161;10.394;
0.0032811;4.79793;10.3999;
0.00328112;4.79557;10.4051;
0.00328113;4.79439;10.4092;
0.00328114;4.79402;10.4112;
0.00328115;4.79376;10.4133;
0.00328117;4.79351;10.4158;
0.00328118;4.79332;10.4179;
0.0032812;4.79306;10.4202;
0.00328122;4.79272;10.4222;
0.00328123;4.79218;10.4245;
0.00328126;4.79144;10.4269;
0.00328129;4.79021;10.4299;
0.00328132;4.78879;10.4327;
0.00328136;4.78724;10.4354;
0.00328141;4.7855;10.4382;
0.00328146;4.78343;10.4411;
0.00328156;4.77959;10.4455;
0.00328167;4.77502;10.4497;
0.00328182;4.76932;10.4538;
0.00328211;4.75793;10.4597;
0.0032827;4.73517;10.4665;
0.00328325;4.71393;10.4702;
0.00328434;4.67142;10.4741;
0.00328542;4.62974;10.4755;
0.00328703;4.56718;10.4763;
0.00328869;4.5026;10.4766;
0.00329142;4.39636;10.4767;
0.00329486;4.26305;10.4767;
0.00330172;3.99645;10.4767;
0.00331172;3.60811;10.4767;
0.00332172;3.21981;10.4767;
0.00333172;2.83156;10.4767;
0.00334172;2.44334;10.4767;
0.00335172;2.05516;10.4767;
0.00336172;1.66701;10.4767;
0.00337172;1.27891;10.4767;
0.00338172;0.890845;10.4767;
0.00339172;0.502823;10.4767;
0.00340172;0.114834;10.4767;
0.00341172;-0.273111;10.4767;
0.00342172;-0.661022;10.4767;
0.00343172;-1.04889;10.4767;
0.00344172;-1.43672;10.4767;
0.00345172;-1.82451;10.4767;
0.00346172;-2.21227;10.4767;
0.00347172;-2.59998;10.4767;
0.00348172;-2.98766;10.4767;
0.00349172;-3.37529;10.4767;
0.00350172;-3.76287;10.4754;
0.0035082;-4.01392;10.4715;
0.00351551;-4.29674;10.4619;
0.00352242;-4.56417;10.4435;
0.00352527;-4.67408;10.4271;
0.00352567;-4.68965;10.4235;
0.00352648;-4.72079;10.4142;
0.00352689;-4.73647;10.4077;
0.0035276;-4.76373;10.3893;
0.00352785;-4.77367;10.3765;
0.00352802;-4.78015;10.3621;
0.00352811;-4.78399;10.3476;
0.00352817;-4.7865;10.3324;
0.00352821;-4.78836;10.3156;
0.00352824;-4.78996;10.2957;
0.00352827;-4.7919;10.2651;
0.0035283;-4.79485;10.2056;
0.00352833;-4.79735;10.1412;
0.00352837;-4.80017;10.0503;
0.00352841;-4.80313;9.93606;
0.00352846;-4.80797;9.72096;
0.00352852;-4.81436;9.3962;
0.00352859;-4.8243;8.79956;
0.00352864;-4.83106;8.31134;
0.00352869;-4.83677;7.76404;
0.00352875;-4.84094;7.04889;
0.00352881;-4.84266;6.28641;
0.00352887;-4.84368;5.56196;
0.00352894;-4.84515;4.68348;
0.00352901;-4.8466;3.77183;
0.00352916;-4.84859;1.94473;
0.00352932;-4.84958;-0.0170081;
0.00352963;-4.84819;-3.95799;
0.00352989;-4.84374;-7.12565;
0.00353002;-4.84006;-8.86615;
0.0035301;-4.83749;-9.88763;
0.00353015;-4.82977;-10.3486;
0.00353018;-4.81424;-10.3805;
0.00353021;-4.80185;-10.3961;
0.00353022;-4.7993;-10.3999;
0.00353024;-4.79668;-10.4047;
0.00353026;-4.79516;-10.4088;
0.00353027;-4.79459;-10.4113;
0.00353028;-4.79429;-10.4133;
0.00353029;-4.79406;-10.4155;
0.0035303;-4.79389;-10.4178;
0.00353032;-4.7937;-10.4199;
0.00353033;-4.79345;-10.422;
0.00353035;-4.79308;-10.424;
0.00353037;-4.79251;-10.4263;
0.00353039;-4.79167;-10.4287;
0.00353043;-4.79027;-10.4319;
0.00353046;-4.78898;-10.4343;
0.0035305;-4.78744;-10.4369;
0.00353054;-4.78575;-10.4395;
0.0035306;-4.78345;-10.4426;
0.0035307;-4.77942;-10.4471;
0.00353081;-4.77517;-10.4509;
0.00353098;-4.7688;-10.4553;
0.0035313;-4.75608;-10.4615;
0.00353196;-4.73064;-10.4683;
0.00353255;-4.70771;-10.4719;
0.00353373;-4.66183;-10.4754;
0.00353481;-4.61983;-10.4765;
0.00353653;-4.55307;-10.4772;
0.00353826;-4.48603;-10.4774;
0.00354127;-4.36906;-10.4775;
0.00354498;-4.22493;-10.4774;
0.0035524;-3.93669;-10.4774;
0.0035624;-3.54833;-10.4774;
0.0035724;-3.16001;-10.4774;
0.0035824;-2.77173;-10.4773;
0.0035924;-2.38349;-10.4773;
0.0036024;-1.9953;-10.4773;
0.0036124;-1.60714;-10.4772;
0.0036224;-1.21902;-10.4772;
0.0036324;-0.83094;-10.4772;
0.0036424;-0.442906;-10.4771;
0.0036524;-0.0549052;-10.4771;
0.0036624;0.333049;-10.4771;
0.0036724;0.72097;-10.477;
0.0036824;1.10884;-10.477;
0.0036924;1.49668;-10.477;
0.0037024;1.88448;-10.4769;
0.0037124;2.27224;-10.4769;
0.0037224;2.65995;-10.4769;
0.0037324;3.04763;-10.4768;
0.0037424;3.43527;-10.4768;
0.00375113;3.7736;-10.4754;
0.00375788;4.03526;-10.471;
0.00376525;4.32053;-10.4608;
0.00377321;4.62795;-10.4356;
0.00377616;4.74162;-10.4049;
0.00377627;4.7462;-10.4024;
0.00377651;4.75536;-10.3963;
0.00377699;4.77369;-10.3758;
0.00377705;4.77626;-10.3709;
0.00377719;4.78149;-10.3567;
0.00377725;4.78428;-10.3445;
0.0037773;4.78627;-10.3317;
0.00377734;4.78795;-10.3165;
0.00377736;4.78955;-10.2971;
0.00377739;4.79147;-10.2669;
0.00377743;4.79443;-10.208;
0.00377746;4.79702;-10.1417;
0.0037775;4.79986;-10.05;
0.00377753;4.80283;-9.93543;
0.00377759;4.80767;-9.71987;
0.00377764;4.81408;-9.39437;
0.00377772;4.82404;-8.79521;
0.00377777;4.83072;-8.31143;
0.00377782;4.83639;-7.76571;
0.00377787;4.84049;-7.05639;
0.00377794;4.84217;-6.29712;
0.00377799;4.84315;-5.58094;
0.00377807;4.84458;-4.71073;
0.00377814;4.84598;-3.80921;
0.00377829;4.84789;-2.00619;
0.00377844;4.84882;-0.0786188;
0.00377876;4.84738;3.77643;
0.00377914;4.83962;8.43034;
0.0037793;4.83222;10.336;
0.00377936;4.80127;10.3954;
0.00377941;4.79251;10.4084;
0.00377942;4.79226;10.4106;
0.00377943;4.79223;10.4123;
0.00377944;4.7923;10.414;
0.00377945;4.79245;10.4161;
0.00377946;4.79257;10.4178;
0.00377948;4.79264;10.4197;
0.00377949;4.79259;10.4215;
0.00377951;4.79237;10.4235;
0.00377952;4.79195;10.4255;
0.00377955;4.79112;10.4279;
0.00377959;4.78957;10.4314;
0.00377962;4.7882;10.4338;
0.00377965;4.78675;10.4362;
0.00377969;4.78537;10.4383;
0.00377974;4.78327;10.4412;
0.00377982;4.78022;10.4448;
0.00377991;4.77672;10.4482;
0.00378003;4.77209;10.4519;
0.00378027;4.76285;10.4574;
0.00378064;4.74853;10.4631;
0.00378116;4.72816;10.468;
0.00378221;4.68741;10.4732;
0.00378322;4.64801;10.475;
0.00378467;4.59189;10.4761;
0.00378617;4.53347;10.4765;
0.00378855;4.44112;10.4766;
0.00379148;4.32725;10.4767;
0.00379689;4.11733;10.4767;
0.0038058;3.77116;10.4767;
0.0038158;3.38285;10.4767;
0.0038258;2.99457;10.4767;
0.0038358;2.60634;10.4767;
0.0038458;2.21814;10.4767;
0.0038558;1.82999;10.4767;
0.0038658;1.44186;10.4767;
0.0038758;1.05379;10.4767;
0.0038858;0.665742;10.4767;
0.0038958;0.277742;10.4767;
0.0039058;-0.110224;10.4767;
0.0039158;-0.498147;10.4767;
0.0039258;-0.886036;10.4767;
0.0039358;-1.27388;10.4767;
0.0039458;-1.66169;10.4767;
0.0039558;-2.04946;10.4767;
0.0039658;-2.43719;10.4767;
0.0039758;-2.82488;10.4767;
0.0039858;-3.21254;10.4767;
0.0039958;-3.60015;10.4765;
0.004002;-3.84052;10.4747;
0.00400953;-4.13188;10.4682;
0.00401607;-4.38532;10.4574;
0.00402395;-4.68938;10.4234;
0.00402416;-4.69755;10.4214;
0.00402458;-4.71387;10.4165;
0.00402543;-4.74648;10.4024;
0.0040255;-4.74931;10.4007;
0.00402565;-4.75498;10.3968;
0.00402594;-4.76632;10.3865;
0.00402601;-4.76902;10.3833;
0.00402615;-4.77446;10.3751;
0.00402633;-4.78136;10.3582;
0.00402641;-4.78459;10.3445;
0.00402646;-4.78686;10.3294;
0.0040265;-4.78859;10.3128;
0.00402652;-4.79018;10.2922;
0.00402655;-4.79224;10.2586;
0.00402659;-4.79511;10.199;
0.00402662;-4.7975;10.1364;
0.00402665;-4.80025;10.0466;
0.00402669;-4.80333;9.92672;
0.00402674;-4.80822;9.70784;
0.0040268;-4.81474;9.37461;
0.00402688;-4.82493;8.75618;
0.00402693;-4.83149;8.27486;
0.00402697;-4.83713;7.71864;
0.00402703;-4.84103;7.01606;
0.00402709;-4.8427;6.24214;
0.00402715;-4.84371;5.53069;
0.00402723;-4.84533;4.56557;
0.0040273;-4.84673;3.66368;
0.00402745;-4.84864;1.85618;
0.00402761;-4.8496;-0.189739;
0.00402794;-4.84783;-4.30062;
0.00402813;-4.8446;-6.63625;
0.00402827;-4.8411;-8.40673;
0.00402835;-4.83877;-9.38794;
0.00402839;-4.83727;-9.96265;
0.00402842;-4.83539;-10.2969;
0.00402844;-4.82528;-10.3589;
0.00402846;-4.8107;-10.3837;
0.00402848;-4.8051;-10.3909;
0.00402849;-4.80099;-10.3967;
0.00402851;-4.7978;-10.402;
0.00402853;-4.79535;-10.4079;
0.00402854;-4.7947;-10.4108;
0.00402855;-4.79441;-10.4127;
0.00402857;-4.79418;-10.4149;
0.00402858;-4.794;-10.4172;
0.00402859;-4.79381;-10.4193;
0.00402861;-4.79356;-10.4215;
0.00402863;-4.7932;-10.4236;
0.00402865;-4.79264;-10.4258;
0.00402867;-4.79183;-10.4283;
0.0040287;-4.79048;-10.4314;
0.00402874;-4.78917;-10.4339;
0.00402877;-4.78764;-10.4366;
0.00402882;-4.78595;-10.4392;
0.00402887;-4.78373;-10.4423;
0.00402898;-4.77939;-10.4471;
0.00402909;-4.77525;-10.4508;
0.00402926;-4.76881;-10.4553;
0.00402959;-4.75594;-10.4616;
0.00403017;-4.73334;-10.4678;
0.00403077;-4.71005;-10.4716;
0.00403184;-4.6684;-10.475;
0.00403297;-4.62475;-10.4764;
0.00403456;-4.56294;-10.4771;
0.00403631;-4.49506;-10.4774;
0.00403905;-4.38861;-10.4775;
0.00404268;-4.24738;-10.4774;
0.00404977;-3.97209;-10.4774;
0.00405977;-3.58373;-10.4774;
0.00406977;-3.19541;-10.4774;
0.00407977;-2.80713;-10.4773;
0.00408977;-2.41888;-10.4773;
0.00409977;-2.03069;-10.4773;
0.00410977;-1.64252;-10.4772;
0.00411977;-1.2544;-10.4772;
0.00412977;-0.866318;-10.4772;
0.00413977;-0.47828;-10.4771;
0.00414977;-0.0902754;-10.4771;
0.00415977;0.297683;-10.4771;
0.00416977;0.685607;-10.477;
0.00417977;1.07348;-10.477;
0.00418977;1.46133;-10.477;
0.00419977;1.84913;-10.4769;
0.00420977;2.23689;-10.4769;
0.00421977;2.62461;-10.4769;
0.00422977;3.01229;-10.4768;
0.00423977;3.39993;-10.4768;
0.00424977;3.7875;-10.4752;
0.00425659;4.05158;-10.4706;
0.00426406;4.34103;-10.4598;
0.00427117;4.61557;-10.4373;
0.00427197;4.64642;-10.4325;
0.00427356;4.7081;-10.4184;
0.00427371;4.71363;-10.4167;
0.00427399;4.72469;-10.4128;
0.00427457;4.7468;-10.4023;
0.0042751;4.76729;-10.3855;
0.00427519;4.7707;-10.3811;
0.00427537;4.77756;-10.3689;
0.00427545;4.78107;-10.3594;
0.00427555;4.78488;-10.3431;
0.0042756;4.78717;-10.3271;
0.00427564;4.78896;-10.3089;
0.00427566;4.79064;-10.2862;
0.00427569;4.79291;-10.2468;
0.00427573;4.79576;-10.1845;
0.00427576;4.79817;-10.1175;
0.00427579;4.80086;-10.0259;
0.00427584;4.80458;-9.87561;
0.00427589;4.81001;-9.62252;
0.00427595;4.8172;-9.23894;
0.00427604;4.82892;-8.46847;
0.00427609;4.83565;-7.8773;
0.00427615;4.84051;-7.14593;
0.00427622;4.84249;-6.34934;
0.00427628;4.84344;-5.61014;
0.00427635;4.84476;-4.79472;
0.00427642;4.84616;-3.92068;
0.00427656;4.8481;-2.17262;
0.0042767;4.84906;-0.431363;
0.00427699;4.84833;3.05106;
0.00427746;4.83876;8.92052;
0.00427759;4.82946;10.3543;
0.00427766;4.80065;10.3977;
0.00427769;4.79376;10.4076;
0.0042777;4.79319;10.4099;
0.00427772;4.7929;10.412;
0.00427773;4.79282;10.4139;
0.00427774;4.79284;10.416;
0.00427775;4.79289;10.4178;
0.00427776;4.79291;10.4197;
0.00427778;4.79284;10.4215;
0.00427779;4.79262;10.4234;
0.00427781;4.79222;10.4254;
0.00427783;4.79151;10.4277;
0.00427786;4.79032;10.4305;
0.00427789;4.78922;10.4326;
0.00427792;4.78795;10.4348;
0.00427796;4.78649;10.4372;
0.004278;4.78479;10.4397;
0.00427806;4.78225;10.4429;
0.00427815;4.77881;10.4466;
0.00427826;4.77485;10.4501;
0.00427842;4.76843;10.4545;
0.00427875;4.7556;10.4608;
0.00427941;4.72994;10.4676;
0.00428001;4.70656;10.4711;
0.00428122;4.65976;10.4746;
0.0042823;4.61757;10.4757;
0.00428405;4.54981;10.4764;
0.00428579;4.48203;10.4766;
0.00428888;4.36221;10.4767;
0.00429267;4.2148;10.4767;
0.00430027;3.92001;10.4767;
0.00431027;3.53168;10.4767;
0.00432027;3.14339;10.4767;
0.00433027;2.75514;10.4767;
0.00434027;2.36693;10.4767;
0.00435027;1.97876;10.4767;
0.00436027;1.59062;10.4767;
0.00437027;1.20253;10.4767;
0.00438027;0.814468;10.4767;
0.00439027;0.426453;10.4767;
0.00440027;0.0384713;10.4767;
0.00441027;-0.349466;10.4767;
0.00442027;-0.73737;10.4767;
0.00443027;-1.12523;10.4767;
0.00444027;-1.51306;10.4767;
0.00445027;-1.90084;10.4767;
0.00446027;-2.28859;10.4767;
0.00447027;-2.67629;10.4767;
0.00448027;-3.06396;10.4767;
0.00449027;-3.45159;10.4767;
0.00449861;-3.77511;10.4753;
0.00450541;-4.03861;10.4709;
0.00451277;-4.32343;10.4606;
0.00452057;-4.62482;10.436;
0.0045235;-4.73781;10.4069;
0.00452361;-4.74187;10.4048;
0.00452382;-4.75;10.4001;
0.00452424;-4.76623;10.3864;
0.00452431;-4.76921;10.3828;
0.00452447;-4.77519;10.3735;
0.00452461;-4.78062;10.3601;
0.00452468;-4.78372;10.3481;
0.00452473;-4.78583;10.3361;
0.00452477;-4.78767;10.321;
0.0045248;-4.78921;10.3036;
0.00452483;-4.79094;10.2784;
0.00452486;-4.79367;10.2278;
0.0045249;-4.7966;10.1577;
0.00452493;-4.79929;10.0754;
0.00452497;-4.80211;9.97076;
0.00452502;-4.80682;9.76722;
0.00452508;-4.81305;9.45779;
0.00452515;-4.82205;8.9361;
0.00452521;-4.82979;8.39859;
0.00452525;-4.83578;7.85806;
0.00452532;-4.84067;7.09121;
0.00452538;-4.84245;6.34745;
0.00452544;-4.8435;5.5759;
0.00452551;-4.84492;4.72521;
0.00452558;-4.84637;3.82473;
0.00452573;-4.84837;2.02007;
0.00452587;-4.84937;0.195321;
0.00452617;-4.84846;-3.46933;
0.00452667;-4.8374;-9.85754;
0.00452679;-4.80339;-10.3996;
0.00452689;-4.7902;-10.42;
0.00452691;-4.79086;-10.4222;
0.00452692;-4.79135;-10.4241;
0.00452694;-4.79155;-10.4253;
0.00452695;-4.79162;-10.4268;
0.00452696;-4.79149;-10.4282;
0.00452698;-4.79102;-10.4302;
0.00452701;-4.79011;-10.4324;
0.00452703;-4.78923;-10.434;
0.00452705;-4.78823;-10.4357;
0.00452708;-4.78697;-10.4376;
0.00452711;-4.78575;-10.4394;
0.00452715;-4.78416;-10.4415;
0.00452721;-4.782;-10.4442;
0.00452728;-4.77927;-10.4471;
0.00452736;-4.77598;-10.4501;
0.00452748;-4.7714;-10.4535;
0.00452772;-4.76227;-10.4587;
0.00452806;-4.74872;-10.464;
0.0045286;-4.72792;-10.469;
0.00452967;-4.68632;-10.4742;
0.00453068;-4.647;-10.4759;
0.00453214;-4.59059;-10.4769;
0.00453364;-4.53221;-10.4773;
0.00453604;-4.43886;-10.4774;
0.00453899;-4.32453;-10.4775;
0.00454446;-4.11175;-10.4774;
0.00455347;-3.76209;-10.4774;
0.00456347;-3.37376;-10.4774;
0.00457347;-2.98545;-10.4773;
0.00458347;-2.5972;-10.4773;
0.00459347;-2.20897;-10.4773;
0.00460347;-1.8208;-10.4772;
0.00461347;-1.43265;-10.4772;
0.00462347;-1.04456;-10.4772;
0.00463347;-0.656493;-10.4771;
0.00464347;-0.268476;-10.4771;
0.00465347;0.119506;-10.4771;
0.00466347;0.507443;-10.477;
0.00467347;0.895345;-10.477;
0.00468347;1.2832;-10.477;
0.00469347;1.67102;-10.4769;
0.00470347;2.0588;-10.4769;
0.00471347;2.44654;-10.4769;
0.00472347;2.83424;-10.4768;
0.00473347;3.2219;-10.4768;
0.00474347;3.60951;-10.4766;
0.00474964;3.84884;-10.4747;
0.0047571;4.13762;-10.4681;
0.00476368;4.39238;-10.457;
0.00477157;4.69718;-10.4214;
0.00477195;4.71152;-10.4172;
0.00477269;4.74016;-10.4058;
0.00477276;4.74273;-10.4044;
0.00477289;4.74786;-10.4015;
0.00477315;4.75812;-10.3943;
0.00477353;4.77277;-10.3777;
0.00477359;4.77512;-10.3736;
0.00477372;4.77987;-10.3626;
0.00477378;4.78251;-10.3537;
0.00477387;4.78603;-10.3349;
0.00477391;4.78801;-10.3178;
0.00477394;4.78972;-10.2974;
0.00477397;4.79167;-10.2669;
0.00477401;4.79474;-10.2054;
0.00477404;4.79736;-10.1377;
0.00477407;4.80021;-10.0444;
0.00477411;4.80324;-9.9264;
0.00477416;4.80811;-9.70816;
0.00477422;4.81457;-9.37813;
0.0047743;4.82474;-8.76089;
0.00477435;4.83126;-8.28217;
0.00477439;4.83688;-7.72922;
0.00477445;4.84076;-7.02982;
0.00477451;4.8424;-6.26139;
0.00477457;4.84337;-5.55562;
0.00477465;4.84495;-4.59815;
0.00477472;4.8463;-3.71007;
0.00477487;4.84813;-1.93394;
0.00477503;4.84904;0.0658486;
0.00477536;4.84727;4.06531;
0.00477558;4.84316;6.8573;
0.00477571;4.83984;8.42084;
0.00477579;4.83751;9.35075;
0.00477583;4.83596;9.91677;
0.00477586;4.83466;10.2667;
0.00477588;4.82594;10.3529;
0.00477591;4.81296;10.3788;
0.00477592;4.80585;10.3883;
0.00477594;4.80142;10.3945;
0.00477595;4.79792;10.4002;
0.00477597;4.79551;10.4056;
0.00477599;4.79451;10.4093;
0.004776;4.79416;10.4113;
0.00477601;4.7939;10.4134;
0.00477603;4.79367;10.4159;
0.00477604;4.79348;10.418;
0.00477606;4.79321;10.4203;
0.00477607;4.79287;10.4223;
0.00477609;4.79232;10.4246;
0.00477611;4.79156;10.427;
0.00477615;4.79031;10.43;
0.00477618;4.78891;10.4328;
0.00477622;4.78736;10.4355;
0.00477626;4.78563;10.4382;
0.00477632;4.78352;10.4411;
0.00477642;4.77958;10.4457;
0.00477653;4.77511;10.4497;
0.00477668;4.76923;10.4539;
0.00477699;4.7575;10.4599;
0.00477759;4.73403;10.4667;
0.00477815;4.71245;10.4704;
0.00477926;4.66927;10.4742;
0.00478033;4.62742;10.4755;
0.00478197;4.56387;10.4763;
0.00478365;4.4986;10.4766;
0.00478645;4.38995;10.4767;
0.00478995;4.25391;10.4767;
0.00479696;3.98184;10.4767;
0.00480696;3.59351;10.4767;
0.00481696;3.20521;10.4767;
0.00482696;2.81696;10.4767;
0.00483696;2.42874;10.4767;
0.00484696;2.04056;10.4767;
0.00485696;1.65242;10.4767;
0.00486696;1.26432;10.4767;
0.00487696;0.876255;10.4767;
0.00488696;0.488234;10.4767;
0.00489696;0.100246;10.4767;
0.00490696;-0.287697;10.4767;
0.00491696;-0.675607;10.4767;
0.00492696;-1.06347;10.4767;
0.00493696;-1.45131;10.4767;
0.00494696;-1.83909;10.4767;
0.00495696;-2.22685;10.4767;
0.00496696;-2.61456;10.4767;
0.00497696;-3.00223;10.4767;
0.00498696;-3.38987;10.4767;
0.00499696;-3.77744;10.4752;
0.00500358;-4.03389;10.471;
0.00501096;-4.31972;10.4608;
0.00501798;-4.59096;10.4405;
0.00502083;-4.7011;10.4204;
0.00502097;-4.70645;10.4189;
0.00502125;-4.71717;10.4154;
0.0050218;-4.73859;10.4067;
0.0050225;-4.7653;10.3876;
0.00502259;-4.76895;10.3834;
0.00502278;-4.77628;10.3715;
0.00502287;-4.78002;10.3624;
0.00502299;-4.7845;10.3448;
0.00502304;-4.78699;10.3282;
0.00502308;-4.78892;10.3086;
0.00502311;-4.79063;10.2853;
0.00502314;-4.79291;10.2456;
0.00502317;-4.79576;10.1829;
0.0050232;-4.79818;10.1155;
0.00502324;-4.80085;10.0239;
0.00502328;-4.80465;9.86986;
0.00502334;-4.81022;9.60953;
0.0050234;-4.81747;9.22026;
0.00502349;-4.82945;8.42486;
0.00502354;-4.83618;7.8166;
0.00502361;-4.84085;7.07021;
0.00502367;-4.84271;6.27234;
0.00502373;-4.8437;5.53815;
0.0050238;-4.8451;4.69803;
0.00502387;-4.84654;3.79747;
0.00502402;-4.84853;1.99266;
0.00502416;-4.84952;0.152071;
0.00502446;-4.84853;-3.54451;
0.00502498;-4.83696;-10.0722;
0.0050251;-4.79593;-10.4053;
0.00502518;-4.79053;-10.4198;
0.00502519;-4.79134;-10.4215;
0.0050252;-4.79179;-10.4227;
0.00502521;-4.79217;-10.4242;
0.00502522;-4.79233;-10.4256;
0.00502524;-4.79222;-10.4274;
0.00502526;-4.79174;-10.4293;
0.00502528;-4.79089;-10.4313;
0.0050253;-4.79001;-10.4329;
0.00502533;-4.78899;-10.4346;
0.00502535;-4.78788;-10.4363;
0.00502538;-4.78671;-10.4381;
0.00502541;-4.78531;-10.4401;
0.00502546;-4.78334;-10.4427;
0.00502552;-4.78103;-10.4454;
0.0050256;-4.7781;-10.4484;
0.00502569;-4.77468;-10.4512;
0.00502586;-4.76785;-10.4558;
0.00502608;-4.75919;-10.4602;
0.00502653;-4.74187;-10.466;
0.00502714;-4.71831;-10.4706;
0.00502817;-4.67813;-10.4746;
0.00502927;-4.63544;-10.4762;
0.00503074;-4.57827;-10.477;
0.00503241;-4.51368;-10.4773;
0.0050349;-4.41681;-10.4774;
0.00503823;-4.2874;-10.4774;
0.00504425;-4.05364;-10.4774;
0.00505425;-3.66527;-10.4774;
0.00506425;-3.27694;-10.4774;
0.00507425;-2.88865;-10.4773;
0.00508425;-2.5004;-10.4773;
0.00509425;-2.11219;-10.4773;
0.00510425;-1.72402;-10.4772;
0.00511425;-1.33589;-10.4772;
0.00512425;-0.947799;-10.4772;
0.00513425;-0.559749;-10.4771;
0.00514425;-0.17174;-10.4771;
0.00515425;0.21623;-10.4771;
0.00516425;0.604159;-10.477;
0.00517425;0.992049;-10.477;
0.00518425;1.3799;-10.477;
0.00519425;1.76771;-10.4769;
0.00520425;2.15548;-10.4769;
0.00521425;2.54321;-10.4769;
0.00522425;2.93089;-10.4768;
0.00523425;3.31854;-10.4768;
0.00524425;3.70614;-10.476;
0.00525043;3.94554;-10.473;
0.00525762;4.22389;-10.465;
0.00526424;4.4803;-10.4511;
0.00526523;4.51835;-10.4479;
0.0052672;4.59442;-10.44;
0.00527114;4.74624;-10.402;
0.00527209;4.78338;-10.325;
0.00527254;4.82843;-7.57964;
0.00527271;4.83863;-5.61186;
0.00527281;4.83899;-4.38724;
0.00527287;4.83951;-3.58468;
0.00527294;4.84092;-2.67755;
0.00527302;4.84177;-1.80269;
0.00527314;4.84242;-0.326422;
0.00527327;4.84248;1.31253;
0.00527347;4.84102;3.79416;
0.00527388;4.83249;8.75722;
0.00527401;4.82535;10.3387;
0.00527407;4.7964;10.3939;
0.00527412;4.78726;10.4065;
0.00527413;4.78667;10.4089;
0.00527414;4.7864;10.4112;
0.00527415;4.78633;10.4129;
0.00527416;4.78634;10.4148;
0.00527417;4.7864;10.4168;
0.00527418;4.78643;10.4187;
0.0052742;4.78637;10.4206;
0.00527421;4.78619;10.4225;
0.00527423;4.78582;10.4245;
0.00527425;4.78519;10.4267;
0.00527428;4.78409;10.4295;
0.00527431;4.78297;10.4318;
0.00527434;4.78171;10.4341;
0.00527437;4.78024;10.4365;
0.00527441;4.77865;10.4389;
0.00527447;4.77631;10.442;
0.00527456;4.77294;10.4458;
0.00527466;4.7691;10.4493;
0.0052748;4.76346;10.4534;
0.00527509;4.75218;10.4594;
0.00527567;4.72963;10.4663;
0.00527621;4.70876;10.47;
0.00527729;4.66701;10.4739;
0.00527836;4.62542;10.4754;
0.00527995;4.56364;10.4763;
0.0052816;4.49953;10.4765;
0.00528428;4.39532;10.4767;
0.00528766;4.2641;10.4767;
0.00529438;4.00303;10.4767;
0.00530438;3.61469;10.4767;
0.00531438;3.22639;10.4767;
0.00532438;2.83814;10.4767;
0.00533438;2.44991;10.4767;
0.00534438;2.06174;10.4767;
0.00535438;1.67359;10.4767;
0.00536438;1.28549;10.4767;
0.00537438;0.897422;10.4767;
0.00538438;0.509399;10.4767;
0.00539438;0.121409;10.4767;
0.00540438;-0.266537;10.4767;
0.00541438;-0.654449;10.4767;
0.00542438;-1.04232;10.4767;
0.00543438;-1.43015;10.4767;
0.00544438;-1.81794;10.4767;
0.00545438;-2.2057;10.4767;
0.00546438;-2.59341;10.4767;
0.00547438;-2.98109;10.4767;
0.00548438;-3.36872;10.4767;
0.00549438;-3.7563;10.4755;
0.00550081;-4.00524;10.4717;
0.00550808;-4.28697;10.4623;
0.00551495;-4.55247;10.4447;
0.00551779;-4.66227;10.4294;
0.00551959;-4.73156;10.4099;
0.00552063;-4.77168;10.3789;
0.00552098;-4.78537;10.3338;
0.00552113;-4.79518;10.1492;
0.00552121;-4.80278;9.89625;
0.0055213;-4.81102;9.49965;
0.00552141;-4.82522;8.62301;
0.00552147;-4.83341;7.9592;
0.00552153;-4.83878;7.2421;
0.00552159;-4.84107;6.46495;
0.00552166;-4.8422;5.61197;
0.00552173;-4.84355;4.78336;
0.0055218;-4.84499;3.90947;
0.00552194;-4.84701;2.1582;
0.00552207;-4.84801;0.507183;
0.00552234;-4.84767;-2.80727;
0.00552277;-4.83993;-8.30511;
0.00552293;-4.83509;-10.2353;
0.00552299;-4.80542;-10.39;
0.00552305;-4.79239;-10.4079;
0.00552306;-4.79193;-10.4105;
0.00552307;-4.7918;-10.4127;
0.00552308;-4.7918;-10.4142;
0.00552309;-4.79187;-10.416;
0.0055231;-4.79195;-10.418;
0.00552311;-4.79199;-10.4199;
0.00552313;-4.79193;-10.4218;
0.00552314;-4.79172;-10.4237;
0.00552316;-4.7913;-10.4258;
0.00552318;-4.79058;-10.4281;
0.00552322;-4.78926;-10.4312;
0.00552324;-4.78813;-10.4334;
0.00552327;-4.78684;-10.4356;
0.00552331;-4.78541;-10.4379;
0.00552335;-4.78364;-10.4405;
0.00552343;-4.78086;-10.4441;
0.00552352;-4.77736;-10.4478;
0.00552362;-4.77335;-10.4512;
0.0055238;-4.76617;-10.456;
0.00552414;-4.75313;-10.4621;
0.00552481;-4.72714;-10.4687;
0.00552546;-4.70177;-10.4724;
0.00552654;-4.65976;-10.4753;
0.00552771;-4.61449;-10.4765;
0.00552935;-4.55071;-10.4772;
0.00553121;-4.47863;-10.4774;
0.0055341;-4.36636;-10.4775;
0.00553806;-4.21245;-10.4774;
0.00554594;-3.90649;-10.4774;
0.00555594;-3.51814;-10.4774;
0.00556594;-3.12982;-10.4774;
0.00557594;-2.74155;-10.4773;
0.00558594;-2.35331;-10.4773;
0.00559594;-1.96512;-10.4773;
0.00560594;-1.57696;-10.4772;
0.00561594;-1.18885;-10.4772;
0.00562594;-0.800772;-10.4772;
0.00563594;-0.412742;-10.4771;
0.00564594;-0.0247433;-10.4771;
0.00565594;0.363207;-10.477;
0.00566594;0.751125;-10.477;
0.00567594;1.139;-10.477;
0.00568594;1.52683;-10.4769;
0.00569594;1.91462;-10.4769;
0.00570594;2.30238;-10.4769;
0.00571594;2.69009;-10.4768;
0.00572594;3.07777;-10.4768;
0.00573594;3.4654;-10.4768;
0.00574394;3.77557;-10.4754;
0.00575094;4.0466;-10.4707;
0.00575839;4.33503;-10.4601;
0.00576602;4.63016;-10.4352;
0.00576895;4.74288;-10.4042;
0.00576899;4.74472;-10.4032;
0.00576909;4.74839;-10.401;
0.00576928;4.75573;-10.396;
0.00576966;4.77042;-10.381;
0.00576988;4.77882;-10.365;
0.00577;4.78391;-10.3465;
0.00577008;4.78723;-10.3236;
0.00577012;4.78959;-10.2963;
0.00577015;4.79164;-10.2641;
0.00577019;4.79498;-10.1953;
0.00577023;4.79763;-10.1241;
0.00577026;4.80046;-10.0287;
0.0057703;4.80373;-9.89845;
0.00577035;4.80875;-9.66898;
0.00577041;4.81545;-9.3199;
0.0057705;4.82637;-8.6349;
0.00577055;4.8331;-8.10564;
0.0057706;4.83852;-7.47649;
0.00577066;4.84135;-6.77221;
0.00577071;4.84247;-6.06594;
0.00577077;4.84358;-5.31477;
0.00577084;4.84498;-4.47993;
0.00577093;4.84659;-3.34573;
0.00577112;4.84849;-1.07738;
0.00577132;4.84883;1.32769;
0.00577171;4.84428;6.13766;
0.0057719;4.83944;8.51256;
0.00577202;4.83574;9.93532;
0.00577207;4.82192;10.3672;
0.00577211;4.80437;10.3924;
0.00577213;4.79905;10.3994;
0.00577214;4.79706;10.4027;
0.00577216;4.79515;10.4068;
0.00577218;4.7942;10.4101;
0.00577219;4.79378;10.4122;
0.0057722;4.7935;10.4143;
0.00577221;4.79326;10.4167;
0.00577223;4.79307;10.4187;
0.00577224;4.79282;10.4209;
0.00577226;4.79249;10.4229;
0.00577228;4.79196;10.4251;
0.0057723;4.79124;10.4274;
0.00577233;4.79004;10.4302;
0.00577237;4.7886;10.4331;
0.0057724;4.78706;10.4357;
0.00577245;4.78532;10.4384;
0.0057725;4.7833;10.4412;
0.0057726;4.7796;10.4455;
0.00577272;4.77486;10.4498;
0.00577286;4.76941;10.4537;
0.00577314;4.75852;10.4594;
0.0057737;4.73674;10.4661;
0.00577424;4.71583;10.4699;
0.00577531;4.67399;10.4739;
0.00577638;4.63249;10.4754;
0.00577796;4.57103;10.4763;
0.00577961;4.50723;10.4765;
0.00578228;4.40359;10.4767;
0.00578563;4.27325;10.4767;
0.00579228;4.01497;10.4767;
0.00580228;3.62663;10.4767;
0.00581228;3.23833;10.4767;
0.00582228;2.85007;10.4767;
0.00583228;2.46185;10.4767;
0.00584228;2.07367;10.4767;
0.00585228;1.68552;10.4767;
0.00586228;1.29742;10.4767;
0.00587228;0.90935;10.4767;
0.00588228;0.521325;10.4767;
0.00589228;0.133335;10.4767;
0.00590228;-0.254612;10.4767;
0.00591228;-0.642525;10.4767;
0.00592228;-1.03039;10.4767;
0.00593228;-1.41823;10.4767;
0.00594228;-1.80602;10.4767;
0.00595228;-2.19378;10.4767;
0.00596228;-2.58149;10.4767;
0.00597228;-2.96917;10.4767;
0.00598228;-3.35681;10.4767;
0.00599228;-3.74439;10.4756;
0.00599862;-3.98997;10.4721;
0.00600585;-4.27007;10.4631;
0.00601262;-4.5317;10.4467;
0.00601359;-4.56907;10.4429;
0.00601552;-4.64378;10.4329;
0.0060165;-4.68155;10.4255;
0.00601846;-4.75696;10.3949;
0.00601913;-4.78292;10.3462;
0.00601914;-4.78325;10.3446;
0.00601915;-4.78391;10.3411;
0.00601918;-4.78525;10.3327;
0.00601924;-4.78822;10.3031;
0.00601927;-4.79058;10.2674;
0.00601931;-4.79331;10.2139;
0.00601934;-4.79621;10.1406;
0.00601938;-4.79907;10.0482;
0.00601942;-4.80209;9.93132;
0.00601947;-4.8069;9.71694;
0.00601953;-4.8133;9.39158;
0.0060196;-4.82329;8.79133;
0.00601965;-4.82999;8.30669;
0.0060197;-4.83569;7.75893;
0.00601976;-4.83984;7.046;
0.00601982;-4.84156;6.28245;
0.00601988;-4.84258;5.55942;
0.00601995;-4.84405;4.68039;
0.00602002;-4.8455;3.7685;
0.00602017;-4.84748;1.94092;
0.00602033;-4.84848;-0.0243518;
0.00602064;-4.84707;-3.97246;
0.00602089;-4.84272;-7.08137;
0.00602103;-4.83913;-8.79428;
0.00602111;-4.83662;-9.79873;
0.00602115;-4.83245;-10.3262;
0.00602118;-4.81626;-10.3751;
0.00602121;-4.80286;-10.3928;
0.00602122;-4.79967;-10.3972;
0.00602124;-4.7966;-10.4022;
0.00602126;-4.79466;-10.4066;
0.00602127;-4.79373;-10.4099;
0.00602128;-4.79336;-10.412;
0.00602129;-4.79311;-10.4142;
0.00602131;-4.79291;-10.4166;
0.00602132;-4.79275;-10.4186;
0.00602133;-4.79253;-10.4208;
0.00602135;-4.79223;-10.4228;
0.00602137;-4.79175;-10.4251;
0.00602139;-4.79108;-10.4273;
0.00602142;-4.78997;-10.4302;
0.00602146;-4.78843;-10.4333;
0.0060215;-4.78687;-10.4361;
0.00602154;-4.78516;-10.4388;
0.00602159;-4.78327;-10.4415;
0.00602167;-4.77984;-10.4455;
0.0060218;-4.77503;-10.4501;
0.00602192;-4.77013;-10.4537;
0.00602218;-4.76036;-10.4592;
0.00602267;-4.74119;-10.4657;
0.00602318;-4.72152;-10.4698;
0.00602419;-4.68218;-10.4742;
0.00602524;-4.64155;-10.476;
0.00602672;-4.5838;-10.477;
0.00602829;-4.52285;-10.4773;
0.00603073;-4.42795;-10.4774;
0.00603382;-4.30799;-10.4775;
0.00603956;-4.08507;-10.4774;
0.00604943;-3.70184;-10.4774;
0.00605943;-3.3135;-10.4774;
0.00606943;-2.92521;-10.4773;
0.00607943;-2.53695;-10.4773;
0.00608943;-2.14874;-10.4773;
0.00609943;-1.76057;-10.4772;
0.00610943;-1.37243;-10.4772;
0.00611943;-0.984338;-10.4772;
0.00612943;-0.596286;-10.4771;
0.00613943;-0.208271;-10.4771;
0.00614943;0.179701;-10.4771;
0.00615943;0.567636;-10.477;
0.00616943;0.955527;-10.477;
0.00617943;1.34338;-10.477;
0.00618943;1.73119;-10.4769;
0.00619943;2.11897;-10.4769;
0.00620943;2.5067;-10.4769;
0.00621943;2.89439;-10.4768;
0.00622943;3.28204;-10.4768;
0.00623943;3.66965;-10.4763;
0.00624553;3.90593;-10.4738;
0.00625274;4.1853;-10.4664;
0.00625936;4.44136;-10.4539;
0.00626725;4.74593;-10.4014;
0.00626746;4.75407;-10.396;
0.00626789;4.77033;-10.3791;
0.0062681;4.77859;-10.3623;
0.00626823;4.78376;-10.341;
0.0062683;4.78713;-10.313;
0.00626834;4.78959;-10.2793;
0.00626837;4.79202;-10.2358;
0.00626841;4.79505;-10.1658;
0.00626844;4.79755;-10.0916;
0.00626847;4.8003;-9.99315;
0.00626853;4.8053;-9.77996;
0.00626859;4.81131;-9.48409;
0.00626866;4.82024;-8.97247;
0.00626872;4.82862;-8.3916;
0.00626877;4.83468;-7.83846;
0.00626883;4.83945;-7.06609;
0.00626889;4.84113;-6.32217;
0.00626895;4.84214;-5.56139;
0.00626902;4.84353;-4.70643;
0.0062691;4.84494;-3.80953;
0.00626924;4.84684;-2.01576;
0.00626939;4.84775;-0.200166;
0.00626969;4.84665;3.43093;
0.00627021;4.83509;9.78659;
0.00627033;4.80392;10.3974;
0.00627045;4.78743;10.4214;
0.00627047;4.78833;10.4235;
0.00627048;4.78904;10.4256;
0.00627049;4.78924;10.4264;
0.0062705;4.78937;10.4277;
0.00627052;4.7893;10.429;
0.00627054;4.78887;10.4308;
0.00627057;4.78798;10.4329;
0.00627058;4.78716;10.4343;
0.00627061;4.78621;10.4358;
0.00627063;4.78499;10.4375;
0.00627066;4.78382;10.4392;
0.0062707;4.78234;10.4411;
0.00627075;4.78044;10.4434;
0.00627081;4.77784;10.4462;
0.00627089;4.77477;10.449;
0.00627099;4.77091;10.452;
0.00627119;4.76321;10.4567;
0.00627144;4.75344;10.461;
0.00627195;4.7339;10.4667;
0.0062727;4.70448;10.4714;
0.00627385;4.66013;10.4746;
0.00627501;4.61471;10.4757;
0.0062766;4.55322;10.4764;
0.00627845;4.48114;10.4766;
0.00628132;4.36987;10.4767;
0.0062853;4.21535;10.4767;
0.00629297;3.91754;10.4767;
0.00630297;3.52921;10.4767;
0.00631297;3.14092;10.4767;
0.00632297;2.75267;10.4767;
0.00633297;2.36446;10.4767;
0.00634297;1.97629;10.4767;
0.00635297;1.58815;10.4767;
0.00636297;1.20006;10.4767;
0.00637297;0.812003;10.4767;
0.00638297;0.423986;10.4767;
0.00639297;0.0360072;10.4767;
0.00640297;-0.351933;10.4767;
0.00641297;-0.739833;10.4767;
0.00642297;-1.1277;10.4767;
0.00643297;-1.51552;10.4767;
0.00644297;-1.9033;10.4767;
0.00645297;-2.29105;10.4767;
0.00646297;-2.67876;10.4767;
0.00647297;-3.06642;10.4767;
0.00648297;-3.45405;10.4767;
0.00649125;-3.77529;10.4753;
0.00649807;-4.03954;10.4709;
0.00650544;-4.3246;10.4606;
0.00651321;-4.62496;10.436;
0.00651612;-4.73727;10.4071;
0.00651721;-4.77921;10.3605;
0.00651725;-4.78098;10.3546;
0.00651734;-4.78464;10.3363;
0.00651739;-4.78687;10.3176;
0.00651742;-4.78872;10.2949;
0.00651745;-4.79062;10.265;
0.00651749;-4.79366;10.2036;
0.00651752;-4.7962;10.1378;
0.00651755;-4.79899;10.0471;
0.00651759;-4.80202;9.92936;
0.00651764;-4.80688;9.7126;
0.0065177;-4.81335;9.38357;
0.00651778;-4.82349;8.77093;
0.00651783;-4.83011;8.28835;
0.00651787;-4.83578;7.73619;
0.00651793;-4.83979;7.02901;
0.00651799;-4.84149;6.26029;
0.00651805;-4.8425;5.54371;
0.00651813;-4.84413;4.57251;
0.0065182;-4.84552;3.6811;
0.00651835;-4.84742;1.89465;
0.00651851;-4.8484;-0.129068;
0.00651884;-4.84675;-4.19513;
0.00651904;-4.84324;-6.73275;
0.00651916;-4.84013;-8.30909;
0.00651924;-4.83788;-9.26853;
0.00651929;-4.83634;-9.86581;
0.00651931;-4.83522;-10.2401;
0.00651933;-4.82713;-10.3502;
0.00651936;-4.81436;-10.377;
0.00651938;-4.80582;-10.3886;
0.00651939;-4.80114;-10.3948;
0.00651941;-4.79735;-10.4007;
0.00651943;-4.79493;-10.4058;
0.00651944;-4.79371;-10.41;
0.00651945;-4.79334;-10.4121;
0.00651946;-4.79309;-10.4141;
0.00651948;-4.79287;-10.4166;
0.00651949;-4.79269;-10.4187;
0.00651951;-4.79245;-10.4209;
0.00651952;-4.79213;-10.423;
0.00651954;-4.79161;-10.4252;
0.00651957;-4.7909;-10.4275;
0.0065196;-4.78972;-10.4305;
0.00651963;-4.78828;-10.4334;
0.00651967;-4.78675;-10.4361;
0.00651971;-4.78502;-10.4388;
0.00651976;-4.78305;-10.4416;
0.00651985;-4.77948;-10.4458;
0.00651998;-4.77466;-10.4503;
0.00652011;-4.76949;-10.4541;
0.00652038;-4.75917;-10.4597;
0.00652091;-4.73852;-10.4664;
0.00652143;-4.71838;-10.4703;
0.00652247;-4.67807;-10.4745;
0.00652352;-4.6371;-10.4761;
0.00652505;-4.57774;-10.477;
0.00652665;-4.51557;-10.4773;
0.00652919;-4.41704;-10.4774;
0.00653238;-4.29281;-10.4775;
0.00653849;-4.05555;-10.4774;
0.00654849;-3.66718;-10.4774;
0.00655849;-3.27885;-10.4774;
0.00656849;-2.89056;-10.4773;
0.00657849;-2.50231;-10.4773;
0.00658849;-2.1141;-10.4773;
0.00659849;-1.72593;-10.4772;
0.00660849;-1.3378;-10.4772;
0.00661849;-0.949707;-10.4772;
0.00662849;-0.561659;-10.4771;
0.00663849;-0.173647;-10.4771;
0.00664849;0.214321;-10.4771;
0.00665849;0.602253;-10.477;
0.00666849;0.99014;-10.477;
0.00667849;1.37799;-10.477;
0.00668849;1.7658;-10.4769;
0.00669849;2.15357;-10.4769;
0.00670849;2.5413;-10.4769;
0.00671849;2.92899;-10.4768;
0.00672849;3.31664;-10.4768;
0.00673849;3.70423;-10.476;
0.00674466;3.94338;-10.4731;
0.00675185;4.2217;-10.4651;
0.00675847;4.47779;-10.4513;
0.00675946;4.51587;-10.4481;
0.00676143;4.59199;-10.4403;
0.00676537;4.74392;-10.4034;
0.00676554;4.75042;-10.3994;
0.00676587;4.76342;-10.3889;
0.00676596;4.76666;-10.3853;
0.00676612;4.77319;-10.3763;
0.00676628;4.77928;-10.3629;
0.00676637;4.78267;-10.3511;
0.00676642;4.78494;-10.3394;
0.00676646;4.78687;-10.3249;
0.00676649;4.78843;-10.3087;
0.00676652;4.7901;-10.2859;
0.00676655;4.79244;-10.2452;
0.00676659;4.79528;-10.1827;
0.00676662;4.79771;-10.1147;
0.00676665;4.80041;-10.0223;
0.0067667;4.80426;-9.86579;
0.00676676;4.80991;-9.60054;
0.00676682;4.81724;-9.20545;
0.00676691;4.82938;-8.38937;
0.00676696;4.83607;-7.76691;
0.00676703;4.84079;-6.92953;
0.00676709;4.84223;-6.16696;
0.00676716;4.84323;-5.408;
0.00676723;4.84479;-4.46327;
0.00676731;4.84615;-3.54453;
0.00676746;4.84792;-1.70707;
0.00676761;4.84869;0.219966;
0.00676793;4.84689;4.07393;
0.00676813;4.8434;6.52629;
0.00676827;4.8398;8.28108;
0.00676835;4.83738;9.26084;
0.0067684;4.83573;9.86742;
0.00676843;4.83457;10.2391;
0.00676845;4.82666;10.3496;
0.00676847;4.81419;10.3763;
0.00676849;4.80588;10.3879;
0.00676851;4.80136;10.3941;
0.00676852;4.79769;10.4;
0.00676854;4.79534;10.4051;
0.00676856;4.79418;10.4092;
0.00676857;4.79381;10.4112;
0.00676858;4.79355;10.4133;
0.0067686;4.79331;10.4158;
0.00676861;4.79312;10.4179;
0.00676863;4.79285;10.4202;
0.00676864;4.79251;10.4222;
0.00676866;4.79197;10.4245;
0.00676868;4.79123;10.4269;
0.00676872;4.79;10.4299;
0.00676875;4.78858;10.4327;
0.00676879;4.78703;10.4354;
0.00676883;4.78529;10.4382;
0.00676888;4.78322;10.4411;
0.00676898;4.77937;10.4455;
0.0067691;4.77481;10.4497;
0.00676925;4.7691;10.4538;
0.00676954;4.75771;10.4597;
0.00677013;4.73493;10.4665;
0.00677067;4.71368;10.4702;
0.00677177;4.67116;10.4741;
0.00677284;4.62947;10.4755;
0.00677445;4.56688;10.4763;
0.00677612;4.50228;10.4766;
0.00677885;4.39598;10.4767;
0.00678229;4.2626;10.4767;
0.00678916;3.99586;10.4767;
0.00679916;3.60752;10.4767;
0.00680916;3.21922;10.4767;
0.00681916;2.83097;10.4767;
0.00682916;2.44274;10.4767;
0.00683916;2.05457;10.4767;
0.00684916;1.66642;10.4767;
0.00685916;1.27832;10.4767;
0.00686916;0.890254;10.4767;
0.00687916;0.502232;10.4767;
0.00688916;0.114243;10.4767;
0.00689916;-0.273702;10.4767;
0.00690916;-0.661613;10.4767;
0.00691916;-1.04948;10.4767;
0.00692916;-1.43731;10.4767;
0.00693916;-1.8251;10.4767;
0.00694916;-2.21286;10.4767;
0.00695916;-2.60057;10.4767;
0.00696916;-2.98825;10.4767;
0.00697916;-3.37588;10.4767;
0.00698916;-3.76346;10.4754;
0.00699564;-4.01471;10.4715;
0.00700295;-4.29763;10.4619;
0.00700987;-4.56523;10.4434;
0.00701082;-4.60205;10.439;
0.00701273;-4.67566;10.4267;
0.00701321;-4.69404;10.4224;
0.00701416;-4.7308;10.4103;
0.00701421;-4.73262;10.4095;
0.0070143;-4.73626;10.4078;
0.00701449;-4.74355;10.4041;
0.00701487;-4.75813;10.3945;
0.00701518;-4.76993;10.3822;
0.00701525;-4.77288;10.3779;
0.00701541;-4.77884;10.3659;
0.00701548;-4.78194;10.3565;
0.00701557;-4.78556;10.3393;
0.00701562;-4.78769;10.3228;
0.00701565;-4.78943;10.3035;
0.00701568;-4.79122;10.2774;
0.00701571;-4.79395;10.2265;
0.00701575;-4.79689;10.1557;
0.00701578;-4.7996;10.0722;
0.00701582;-4.80244;9.96644;
0.00701587;-4.80714;9.76235;
0.00701593;-4.81336;9.45248;
0.007016;-4.82244;8.92483;
0.00701606;-4.83006;8.39451;
0.0070161;-4.83602;7.85508;
0.00701617;-4.84087;7.09277;
0.00701623;-4.84265;6.34851;
0.00701629;-4.84371;5.58001;
0.00701636;-4.84512;4.73124;
0.00701643;-4.84657;3.83022;
0.00701658;-4.84858;2.02447;
0.00701672;-4.84958;0.19393;
0.00701702;-4.84866;-3.48239;
0.00701753;-4.83752;-9.88982;
0.00701765;-4.80244;-10.4006;
0.00701774;-4.79066;-10.4197;
0.00701775;-4.79127;-10.4218;
0.00701777;-4.79174;-10.4237;
0.00701778;-4.79194;-10.425;
0.0070178;-4.79199;-10.4265;
0.00701781;-4.79183;-10.4281;
0.00701783;-4.79133;-10.43;
0.00701786;-4.79031;-10.4324;
0.00701788;-4.78944;-10.434;
0.0070179;-4.78844;-10.4356;
0.00701793;-4.78719;-10.4375;
0.00701796;-4.78593;-10.4394;
0.007018;-4.78429;-10.4416;
0.00701807;-4.78191;-10.4446;
0.00701814;-4.77909;-10.4475;
0.00701822;-4.77572;-10.4505;
0.00701835;-4.77064;-10.4542;
0.00701862;-4.76051;-10.4596;
0.00701909;-4.74213;-10.4658;
0.0070196;-4.72219;-10.4699;
0.00702063;-4.68231;-10.4743;
0.00702168;-4.64148;-10.476;
0.00702317;-4.58348;-10.477;
0.00702475;-4.52223;-10.4773;
0.00702722;-4.42645;-10.4774;
0.00703034;-4.30528;-10.4775;
0.00703616;-4.07901;-10.4774;
0.00704616;-3.69064;-10.4774;
0.00705616;-3.30231;-10.4774;
0.00706616;-2.91401;-10.4773;
0.00707616;-2.52576;-10.4773;
0.00708616;-2.13755;-10.4773;
0.00709616;-1.74937;-10.4772;
0.00710616;-1.36124;-10.4772;
0.00711616;-0.97315;-10.4772;
0.00712616;-0.585099;-10.4771;
0.00713616;-0.197085;-10.4771;
0.00714616;0.190886;-10.4771;
0.00715616;0.578819;-10.477;
0.00716616;0.96671;-10.477;
0.00717616;1.35456;-10.477;
0.00718616;1.74237;-10.4769;
0.00719616;2.13015;-10.4769;
0.00720616;2.51788;-10.4769;
0.00721616;2.90557;-10.4768;
0.00722616;3.29322;-10.4768;
0.00723616;3.68082;-10.4762;
0.00724227;3.91766;-10.4736;
0.00724947;4.19636;-10.466;
0.00725609;4.45249;-10.4538;
0.00726394;4.75514;-10.3943;
0.00726407;4.76008;-10.3901;
0.00726432;4.76995;-10.3785;
0.00726445;4.77493;-10.3695;
0.00726459;4.78059;-10.3531;
0.00726466;4.78353;-10.3384;
0.00726471;4.78564;-10.322;
0.00726474;4.78735;-10.3031;
0.00726477;4.7891;-10.2778;
0.0072648;4.79182;-10.2275;
0.00726484;4.79475;-10.1573;
0.00726488;4.79746;-10.074;
0.00726491;4.80032;-9.96815;
0.00726496;4.80502;-9.76468;
0.00726502;4.81127;-9.45441;
0.00726509;4.82039;-8.92531;
0.00726515;4.82795;-8.39901;
0.0072652;4.83388;-7.86365;
0.00726526;4.83873;-7.10261;
0.00726532;4.84048;-6.3643;
0.00726538;4.8415;-5.59932;
0.00726545;4.84287;-4.75768;
0.00726552;4.84427;-3.8697;
0.00726567;4.8462;-2.09377;
0.00726581;4.84714;-0.307269;
0.0072661;4.8462;3.26565;
0.0072666;4.83561;9.37917;
0.00726674;4.81255;10.3891;
0.00726682;4.79069;10.4127;
0.00726685;4.78951;10.4169;
0.00726685;4.78949;10.4183;
0.00726686;4.78955;10.4197;
0.00726688;4.78965;10.4213;
0.00726689;4.78973;10.4228;
0.0072669;4.78974;10.4244;
0.00726692;4.78961;10.426;
0.00726693;4.78931;10.4276;
0.00726695;4.78875;10.4295;
0.00726698;4.78777;10.4318;
0.00726701;4.78664;10.4339;
0.00726704;4.78543;10.4359;
0.00726707;4.78397;10.4381;
0.00726711;4.78251;10.4401;
0.00726716;4.78041;10.4428;
0.00726725;4.77704;10.4464;
0.00726735;4.77333;10.4497;
0.00726747;4.76835;10.4533;
0.00726773;4.75843;10.4587;
0.00726812;4.74307;10.4643;
0.00726868;4.72142;10.4689;
0.0072698;4.67811;10.4738;
0.00727083;4.63806;10.4753;
0.00727235;4.57912;10.4762;
0.0072739;4.51865;10.4765;
0.00727646;4.4193;10.4767;
0.00727959;4.29768;10.4767;
0.00728567;4.06173;10.4767;
0.00729567;3.67339;10.4767;
0.00730567;3.28508;10.4767;
0.00731567;2.89682;10.4767;
0.00732567;2.50859;10.4767;
0.00733567;2.1204;10.4767;
0.00734567;1.73226;10.4767;
0.00735567;1.34415;10.4767;
0.00736567;0.956077;10.4767;
0.00737567;0.568044;10.4767;
0.00738567;0.180053;10.4767;
0.00739567;-0.207904;10.4767;
0.00740567;-0.595817;10.4767;
0.00741567;-0.983695;10.4767;
0.00742567;-1.37153;10.4767;
0.00743567;-1.75933;10.4767;
0.00744567;-2.14709;10.4767;
0.00745567;-2.53481;10.4767;
0.00746567;-2.92249;10.4767;
0.00747567;-3.31014;10.4767;
0.00748567;-3.69773;10.476;
0.00749179;-3.93498;10.4732;
0.00749896;-4.21265;10.4654;
0.00750556;-4.46803;10.452;
0.00750655;-4.50606;10.449;
0.00750851;-4.5821;10.4414;
0.00751245;-4.7339;10.4086;
0.00751252;-4.73673;10.4073;
0.00751267;-4.74239;10.4044;
0.00751296;-4.75368;10.3975;
0.00751341;-4.77077;10.3804;
0.00751347;-4.77317;10.3767;
0.00751359;-4.77802;10.367;
0.0075137;-4.78213;10.3544;
0.00751376;-4.78461;10.3428;
0.0075138;-4.78662;10.3291;
0.00751384;-4.78824;10.3137;
0.00751386;-4.78986;10.293;
0.00751389;-4.79192;10.2595;
0.00751393;-4.79481;10.1999;
0.00751396;-4.79721;10.1371;
0.00751399;-4.79998;10.0468;
0.00751403;-4.80304;9.92781;
0.00751408;-4.80793;9.70932;
0.00751414;-4.81443;9.37712;
0.00751422;-4.82461;8.76031;
0.00751427;-4.83117;8.27918;
0.00751431;-4.83682;7.72423;
0.00751437;-4.84076;7.02057;
0.00751443;-4.84244;6.24818;
0.00751449;-4.84345;5.53536;
0.00751457;-4.84507;4.56831;
0.00751464;-4.84647;3.66984;
0.00751479;-4.84837;1.8692;
0.00751495;-4.84934;-0.169919;
0.00751528;-4.84762;-4.26705;
0.00751547;-4.84431;-6.65939;
0.0075156;-4.84095;-8.36034;
0.00751568;-4.83871;-9.31196;
0.00751573;-4.83718;-9.90271;
0.00751576;-4.83593;-10.2636;
0.00751577;-4.82704;-10.3534;
0.0075158;-4.81377;-10.3794;
0.00751581;-4.80633;-10.389;
0.00751583;-4.80175;-10.3953;
0.00751585;-4.79813;-10.4009;
0.00751587;-4.79567;-10.4063;
0.00751588;-4.79462;-10.4101;
0.00751589;-4.79427;-10.4121;
0.0075159;-4.79402;-10.4142;
0.00751592;-4.7938;-10.4166;
0.00751593;-4.79362;-10.4187;
0.00751595;-4.79338;-10.421;
0.00751596;-4.79306;-10.423;
0.00751598;-4.79254;-10.4253;
0.007516;-4.79182;-10.4276;
0.00751604;-4.79064;-10.4305;
0.00751607;-4.78922;-10.4334;
0.00751611;-4.78769;-10.4361;
0.00751615;-4.78597;-10.4388;
0.0075162;-4.78399;-10.4416;
0.00751629;-4.78042;-10.4458;
0.00751642;-4.77559;-10.4503;
0.00751655;-4.77043;-10.4541;
0.00751681;-4.76013;-10.4597;
0.00751734;-4.73952;-10.4664;
0.00751786;-4.7194;-10.4703;
0.0075189;-4.67913;-10.4745;
0.00751995;-4.63816;-10.4761;
0.00752148;-4.57885;-10.477;
0.00752308;-4.51672;-10.4773;
0.00752562;-4.4183;-10.4774;
0.00752881;-4.2942;-10.4775;
0.00753491;-4.0574;-10.4774;
0.00754491;-3.66904;-10.4774;
0.00755491;-3.2807;-10.4774;
0.00756491;-2.89241;-10.4773;
0.00757491;-2.50416;-10.4773;
0.00758491;-2.11595;-10.4773;
0.00759491;-1.72778;-10.4772;
0.00760491;-1.33965;-10.4772;
0.00761491;-0.95156;-10.4772;
0.00762491;-0.563512;-10.4771;
0.00763491;-0.175499;-10.4771;
0.00764491;0.212469;-10.4771;
0.00765491;0.6004;-10.477;
0.00766491;0.988288;-10.477;
0.00767491;1.37614;-10.477;
0.00768491;1.76395;-10.4769;
0.00769491;2.15172;-10.4769;
0.00770491;2.53945;-10.4769;
0.00771491;2.92714;-10.4768;
0.00772491;3.31479;-10.4768;
0.00773491;3.70238;-10.476;
0.00774107;3.94129;-10.4731;
0.00774826;4.21959;-10.4652;
0.00775488;4.47569;-10.4515;
0.00775586;4.51377;-10.4483;
0.00775783;4.58991;-10.4405;
0.00776178;4.74187;-10.4045;
0.00776195;4.74844;-10.4007;
0.00776229;4.76157;-10.3908;
0.00776237;4.76485;-10.3875;
0.00776254;4.77143;-10.3792;
0.00776274;4.77904;-10.3638;
0.00776283;4.78268;-10.3513;
0.00776289;4.78514;-10.3384;
0.00776293;4.78691;-10.325;
0.00776296;4.78855;-10.3078;
0.00776299;4.79025;-10.2844;
0.00776302;4.79262;-10.2427;
0.00776305;4.79546;-10.1796;
0.00776308;4.7979;-10.1105;
0.00776312;4.80059;-10.0173;
0.00776316;4.80464;-9.85151;
0.00776322;4.8106;-9.56817;
0.00776329;4.81813;-9.1563;
0.00776337;4.82921;-8.41074;
0.00776342;4.83575;-7.81291;
0.00776349;4.84065;-6.98603;
0.00776355;4.84219;-6.23204;
0.00776361;4.84319;-5.46238;
0.00776369;4.84477;-4.49972;
0.00776376;4.84611;-3.61103;
0.00776391;4.84788;-1.83368;
0.00776406;4.8487;0.0334823;
0.00776437;4.84725;3.76771;
0.0077647;4.84077;7.86541;
0.00776488;4.83533;10.0274;
0.00776494;4.81495;10.3792;
0.00776502;4.79287;10.4078;
0.00776503;4.79196;10.4114;
0.00776504;4.79184;10.4134;
0.00776506;4.79188;10.4152;
0.00776507;4.79199;10.417;
0.00776508;4.7921;10.4188;
0.00776509;4.79217;10.4205;
0.0077651;4.79213;10.4223;
0.00776512;4.79194;10.4241;
0.00776514;4.79154;10.426;
0.00776516;4.79081;10.4283;
0.0077652;4.78945;10.4313;
0.00776522;4.78827;10.4335;
0.00776526;4.78696;10.4357;
0.00776529;4.78557;10.4378;
0.00776534;4.78378;10.4404;
0.00776541;4.78089;10.4439;
0.0077655;4.77718;10.4477;
0.00776561;4.77324;10.4509;
0.00776581;4.76544;10.456;
0.00776611;4.75349;10.4613;
0.00776673;4.7296;10.4676;
0.00776742;4.7026;10.4715;
0.00776854;4.65913;10.4746;
0.00776972;4.61363;10.4758;
0.00777136;4.54985;10.4764;
0.00777323;4.47718;10.4766;
0.00777616;4.36314;10.4767;
0.0077802;4.20636;10.4767;
0.00778826;3.89337;10.4767;
0.00779826;3.50505;10.4767;
0.00780826;3.11676;10.4767;
0.00781826;2.72851;10.4767;
0.00782826;2.3403;10.4767;
0.00783826;1.95213;10.4767;
0.00784826;1.564;10.4767;
0.00785826;1.17591;10.4767;
0.00786826;0.787852;10.4767;
0.00787826;0.399841;10.4767;
0.00788826;0.0118613;10.4767;
0.00789826;-0.376073;10.4767;
0.00790826;-0.763974;10.4767;
0.00791826;-1.15183;10.4767;
0.00792826;-1.53965;10.4767;
0.00793826;-1.92743;10.4767;
0.00794826;-2.31518;10.4767;
0.00795826;-2.70288;10.4767;
0.00796826;-3.09055;10.4767;
0.00797826;-3.47817;10.4767;
0.00798602;-3.77876;10.4753;
0.00799311;-4.05351;10.4705;
0.00800059;-4.3433;10.4597;
0.00800811;-4.63378;10.4347;
0.00801102;-4.74587;10.4025;
0.00801106;-4.74755;10.4015;
0.00801115;-4.75091;10.3993;
0.00801132;-4.75761;10.3945;
0.00801167;-4.77104;10.38;
0.00801191;-4.78027;10.3607;
0.00801203;-4.78521;10.3389;
0.0080121;-4.78865;10.3076;
0.00801214;-4.79118;10.2706;
0.00801217;-4.79384;10.2196;
0.00801221;-4.79681;10.1463;
0.00801225;-4.79981;10.0505;
0.00801228;-4.80266;9.94048;
0.00801234;-4.80742;9.72974;
0.00801239;-4.81367;9.41433;
0.00801247;-4.82335;8.8392;
0.00801252;-4.83031;8.34335;
0.00801256;-4.83609;7.80279;
0.00801262;-4.84052;7.07335;
0.00801268;-4.84228;6.31971;
0.00801274;-4.84331;5.58031;
0.00801281;-4.84475;4.7183;
0.00801289;-4.8462;3.81309;
0.00801303;-4.8482;1.99894;
0.00801319;-4.84921;0.0906495;
0.00801349;-4.84804;-3.7425;
0.00801394;-4.8385;-9.35979;
0.00801407;-4.8176;-10.3854;
0.00801413;-4.79534;-10.409;
0.00801416;-4.79281;-10.4139;
0.00801417;-4.79246;-10.4156;
0.00801418;-4.79227;-10.4174;
0.00801419;-4.79221;-10.4193;
0.0080142;-4.79221;-10.421;
0.00801422;-4.79219;-10.4227;
0.00801423;-4.7921;-10.4244;
0.00801425;-4.79188;-10.4261;
0.00801427;-4.79147;-10.428;
0.00801429;-4.7908;-10.43;
0.00801432;-4.78968;-10.4326;
0.00801435;-4.7885;-10.4347;
0.00801438;-4.78719;-10.4369;
0.00801441;-4.78567;-10.4392;
0.00801446;-4.78399;-10.4415;
0.00801452;-4.78142;-10.4447;
0.00801462;-4.77783;-10.4483;
0.00801472;-4.77374;-10.4517;
0.0080149;-4.76694;-10.4562;
0.00801525;-4.75334;-10.4624;
0.00801595;-4.72616;-10.4691;
0.0080166;-4.70094;-10.4726;
0.00801769;-4.6586;-10.4754;
0.00801886;-4.61307;-10.4766;
0.00802053;-4.54809;-10.4772;
0.00802241;-4.47516;-10.4774;
0.00802536;-4.36033;-10.4775;
0.00802941;-4.2031;-10.4774;
0.00803751;-3.88863;-10.4774;
0.00804751;-3.50028;-10.4774;
0.00805751;-3.11197;-10.4773;
0.00806751;-2.7237;-10.4773;
0.00807751;-2.33546;-10.4773;
0.00808751;-1.94727;-10.4772;
0.00809751;-1.55911;-10.4772;
0.00810751;-1.171;-10.4772;
0.00811751;-0.782927;-10.4771;
0.00812751;-0.394898;-10.4771;
0.00813751;-0.00690143;-10.4771;
0.00814751;0.381047;-10.477;
0.00815751;0.768964;-10.477;
0.00816751;1.15683;-10.477;
0.00817751;1.54467;-10.4769;
0.00818751;1.93246;-10.4769;
0.00819751;2.32021;-10.4769;
0.00820751;2.70792;-10.4768;
0.00821751;3.0956;-10.4768;
0.00822751;3.48322;-10.4768;
0.00823514;3.77903;-10.4754;
0.00824239;4.06002;-10.4704;
0.00824998;4.35369;-10.4591;
0.00825743;4.64152;-10.4332;
0.00826034;4.75384;-10.397;
0.00826047;4.75852;-10.3933;
0.00826071;4.76787;-10.3839;
0.00826077;4.77021;-10.3807;
0.00826089;4.77491;-10.373;
0.00826106;4.78165;-10.3549;
0.00826109;4.78277;-10.3503;
0.00826114;4.78511;-10.3377;
0.00826118;4.78674;-10.3253;
0.00826122;4.78854;-10.3063;
0.00826124;4.79027;-10.2821;
0.00826127;4.79268;-10.239;
0.00826131;4.7955;-10.1752;
0.00826134;4.79795;-10.1046;
0.00826137;4.80065;-10.0102;
0.00826142;4.80503;-9.8284;
0.00826149;4.81169;-9.50518;
0.00826155;4.81956;-9.06306;
0.00826162;4.82879;-8.43786;
0.00826167;4.83506;-7.8808;
0.00826174;4.84022;-7.07288;
0.0082618;4.84191;-6.33298;
0.00826186;4.84293;-5.54526;
0.00826193;4.84433;-4.68872;
0.008262;4.84572;-3.79798;
0.00826215;4.84761;-2.01654;
0.00826229;4.8485;-0.266855;
0.00826258;4.84758;3.23242;
0.00826307;4.83713;9.31669;
0.00826321;4.81638;10.3855;
0.00826328;4.79414;10.4093;
0.0082633;4.79186;10.4142;
0.00826331;4.79162;10.4158;
0.00826333;4.7915;10.4176;
0.00826334;4.79149;10.4193;
0.00826335;4.79151;10.421;
0.00826336;4.79149;10.4226;
0.00826338;4.79138;10.4243;
0.00826339;4.79114;10.426;
0.00826341;4.79068;10.4279;
0.00826343;4.78994;10.4299;
0.00826347;4.78858;10.4328;
0.0082635;4.78746;10.4348;
0.00826353;4.78613;10.4369;
0.00826357;4.78464;10.4391;
0.00826361;4.78277;10.4416;
0.00826369;4.77973;10.4451;
0.0082638;4.77568;10.4489;
0.00826391;4.77138;10.4522;
0.00826413;4.76278;10.4573;
0.00826447;4.74932;10.4627;
0.00826505;4.72689;10.4683;
0.00826596;4.69154;10.4728;
0.00826706;4.6487;10.475;
0.00826838;4.59761;10.476;
0.00826998;4.5353;10.4765;
0.00827214;4.45143;10.4766;
0.00827519;4.33308;10.4767;
0.00828005;4.14441;10.4767;
0.00828906;3.79437;10.4767;
0.00829906;3.40606;10.4767;
0.00830906;3.01778;10.4767;
0.00831906;2.62954;10.4767;
0.00832906;2.24134;10.4767;
0.00833906;1.85318;10.4767;
0.00834906;1.46506;10.4767;
0.00835906;1.07698;10.4767;
0.00836906;0.688931;10.4767;
0.00837906;0.300927;10.4767;
0.00838906;-0.0870401;10.4767;
0.00839906;-0.474967;10.4767;
0.00840906;-0.862856;10.4767;
0.00841906;-1.2507;10.4767;
0.00842906;-1.63852;10.4767;
0.00843906;-2.02629;10.4767;
0.00844906;-2.41402;10.4767;
0.00845906;-2.80172;10.4767;
0.00846906;-3.18937;10.4767;
0.00847906;-3.57699;10.4766;
0.0084854;-3.82263;10.4749;
0.00849312;-4.12177;10.4685;
0.00849975;-4.37833;10.4578;
0.00850756;-4.67974;10.4257;
0.00850784;-4.69086;10.4231;
0.00850842;-4.71308;10.4168;
0.00850957;-4.75748;10.3948;
0.00850967;-4.76127;10.3916;
0.00850987;-4.76885;10.3834;
0.0085101;-4.77793;10.3677;
0.00851021;-4.78215;10.3551;
0.00851028;-4.78495;10.3421;
0.00851032;-4.78689;10.3286;
0.00851035;-4.78852;10.3127;
0.00851038;-4.79014;10.2919;
0.00851041;-4.79223;10.2575;
0.00851045;-4.7951;10.1977;
0.00851047;-4.79748;10.1347;
0.00851051;-4.80023;10.0449;
0.00851055;-4.80336;9.92287;
0.0085106;-4.80827;9.70241;
0.00851066;-4.81483;9.36592;
0.00851074;-4.82512;8.73849;
0.00851078;-4.83168;8.25234;
0.00851083;-4.83729;7.68971;
0.00851089;-4.84105;6.98964;
0.00851095;-4.84268;6.20904;
0.00851101;-4.84369;5.50224;
0.00851109;-4.8453;4.54653;
0.00851116;-4.84671;3.62653;
0.00851131;-4.84862;1.78268;
0.00851148;-4.84955;-0.296626;
0.00851181;-4.84758;-4.47488;
0.00851198;-4.8446;-6.59716;
0.00851216;-4.8401;-8.81332;
0.00851225;-4.83713;-9.99132;
0.0085123;-4.82127;-10.3711;
0.00851234;-4.80347;-10.3951;
0.00851236;-4.79914;-10.4008;
0.00851237;-4.79717;-10.4042;
0.00851239;-4.79542;-10.4081;
0.0085124;-4.79459;-10.4111;
0.00851241;-4.79421;-10.4132;
0.00851243;-4.79395;-10.4153;
0.00851244;-4.79374;-10.4176;
0.00851245;-4.79356;-10.4196;
0.00851247;-4.79333;-10.4217;
0.00851248;-4.79301;-10.4237;
0.0085125;-4.7925;-10.4259;
0.00851253;-4.79178;-10.4282;
0.00851256;-4.79061;-10.431;
0.00851259;-4.78919;-10.4338;
0.00851263;-4.78767;-10.4364;
0.00851267;-4.78596;-10.4391;
0.00851272;-4.78399;-10.4418;
0.00851281;-4.78048;-10.446;
0.00851294;-4.77556;-10.4505;
0.00851307;-4.77049;-10.4542;
0.00851333;-4.76038;-10.4596;
0.00851385;-4.74015;-10.4662;
0.00851437;-4.72007;-10.4702;
0.0085154;-4.6799;-10.4744;
0.00851646;-4.63897;-10.4761;
0.00851798;-4.57992;-10.477;
0.00851957;-4.51796;-10.4773;
0.00852209;-4.42008;-10.4774;
0.00852527;-4.2966;-10.4775;
0.00853131;-4.06197;-10.4774;
0.00854131;-3.6736;-10.4774;
0.00855131;-3.28527;-10.4774;
0.00856131;-2.89698;-10.4773;
0.00857131;-2.50873;-10.4773;
0.00858131;-2.12052;-10.4773;
0.00859131;-1.73235;-10.4772;
0.00860131;-1.34422;-10.4772;
0.00861131;-0.956124;-10.4772;
0.00862131;-0.568076;-10.4771;
0.00863131;-0.180063;-10.4771;
0.00864131;0.207906;-10.4771;
0.00865131;0.595838;-10.477;
0.00866131;0.983726;-10.477;
0.00867131;1.37158;-10.477;
0.00868131;1.75939;-10.4769;
0.00869131;2.14716;-10.4769;
0.00870131;2.53489;-10.4769;
0.00871131;2.92258;-10.4768;
0.00872131;3.31023;-10.4768;
0.00873131;3.69782;-10.4761;
0.00873746;3.93618;-10.4732;
0.00874465;4.21447;-10.4654;
0.00875127;4.47059;-10.4518;
0.00875225;4.50869;-10.4488;
0.00875422;4.58485;-10.4411;
0.00875817;4.73689;-10.4071;
0.0087583;4.74188;-10.4046;
0.00875856;4.75186;-10.3987;
0.00875907;4.7718;-10.3787;
0.00875913;4.77422;-10.3746;
0.00875926;4.77909;-10.3638;
0.00875933;4.78181;-10.3551;
0.00875942;4.78554;-10.3361;
0.00875946;4.78758;-10.319;
0.00875949;4.78932;-10.2985;
0.00875952;4.79126;-10.2688;
0.00875956;4.79438;-10.2065;
0.00875959;4.79709;-10.1364;
0.00875963;4.79997;-10.0422;
0.00875967;4.80303;-9.92257;
0.00875972;4.80792;-9.70316;
0.00875978;4.8144;-9.37097;
0.00875986;4.82467;-8.74523;
0.0087599;4.83122;-8.26103;
0.00875995;4.8368;-7.70227;
0.00876001;4.84055;-7.00486;
0.00876007;4.84215;-6.23064;
0.00876013;4.84312;-5.52915;
0.00876021;4.84469;-4.58067;
0.00876028;4.84606;-3.67624;
0.00876043;4.84789;-1.8674;
0.00876059;4.84876;0.161166;
0.00876092;4.84682;4.21818;
0.00876112;4.8433;6.62434;
0.00876126;4.83971;8.34928;
0.00876134;4.83732;9.31264;
0.00876139;4.83572;9.90048;
0.00876142;4.83446;10.2593;
0.00876144;4.82592;10.3521;
0.00876146;4.81307;10.378;
0.00876148;4.80568;10.3882;
0.00876149;4.80123;10.3944;
0.00876151;4.79768;10.4001;
0.00876153;4.79527;10.4055;
0.00876154;4.79423;10.4093;
0.00876156;4.79387;10.4113;
0.00876157;4.79361;10.4134;
0.00876158;4.79338;10.4159;
0.00876159;4.79319;10.418;
0.00876161;4.79292;10.4203;
0.00876163;4.79258;10.4223;
0.00876165;4.79203;10.4246;
0.00876167;4.79128;10.427;
0.0087617;4.79003;10.43;
0.00876174;4.78863;10.4328;
0.00876177;4.78707;10.4355;
0.00876182;4.78534;10.4382;
0.00876187;4.78324;10.4411;
0.00876197;4.77931;10.4457;
0.00876209;4.77482;10.4497;
0.00876224;4.76898;10.4539;
0.00876254;4.75729;10.4599;
0.00876314;4.73394;10.4667;
0.00876369;4.71241;10.4704;
0.0087648;4.66932;10.4742;
0.00876588;4.62749;10.4755;
0.00876751;4.56409;10.4763;
0.00876919;4.49892;10.4766;
0.00877198;4.39063;10.4767;
0.00877547;4.255;10.4767;
0.00878246;3.98375;10.4767;
0.00879246;3.59542;10.4767;
0.00880246;3.20712;10.4767;
0.00881246;2.81887;10.4767;
0.00882246;2.43064;10.4767;
0.00883246;2.04247;10.4767;
0.00884246;1.65432;10.4767;
0.00885246;1.26623;10.4767;
0.00886246;0.878159;10.4767;
0.00887246;0.490138;10.4767;
0.00888246;0.10215;10.4767;
0.00889246;-0.285793;10.4767;
0.00890246;-0.673703;10.4767;
0.00891246;-1.06157;10.4767;
0.00892246;-1.4494;10.4767;
0.00893246;-1.83719;10.4767;
0.00894246;-2.22494;10.4767;
0.00895246;-2.61266;10.4767;
0.00896246;-3.00033;10.4767;
0.00897246;-3.38797;10.4767;
0.00898246;-3.77554;10.4753;
0.00898906;-4.03122;10.4711;
0.00899643;-4.31661;10.461;
0.00900343;-4.58738;10.4409;
0.00900628;-4.69749;10.4214;
0.0090081;-4.76722;10.3845;
0.00900812;-4.76826;10.3831;
0.00900817;-4.77034;10.3803;
0.00900828;-4.77447;10.3736;
0.00900844;-4.78075;10.3579;
0.00900851;-4.78371;10.3455;
0.00900856;-4.78583;10.3323;
0.0090086;-4.78753;10.3172;
0.00900863;-4.78912;10.2981;
0.00900866;-4.79101;10.2688;
0.00900869;-4.79399;10.21;
0.00900873;-4.79665;10.1422;
0.00900876;-4.79951;10.0502;
0.0090088;-4.80247;9.93592;
0.00900885;-4.8073;9.72122;
0.00900891;-4.8137;9.39683;
0.00900899;-4.82364;8.80041;
0.00900903;-4.8304;8.31232;
0.00900908;-4.83612;7.76555;
0.00900914;-4.8403;7.04966;
0.0090092;-4.84203;6.28783;
0.00900926;-4.84305;5.56246;
0.00900933;-4.84452;4.68535;
0.00900941;-4.84596;3.77428;
0.00900955;-4.84795;1.94837;
0.00900971;-4.84895;-0.00950165;
0.00901002;-4.84757;-3.94268;
0.00901028;-4.84299;-7.18867;
0.00901042;-4.83919;-8.96597;
0.00901051;-4.83653;-10.0101;
0.00901055;-4.82334;-10.3654;
0.00901059;-4.80663;-10.3901;
0.00901061;-4.80045;-10.3978;
0.00901062;-4.79796;-10.4016;
0.00901064;-4.79564;-10.4061;
0.00901066;-4.79417;-10.4107;
0.00901067;-4.79376;-10.4129;
0.00901068;-4.7935;-10.4149;
0.00901069;-4.79327;-10.4173;
0.00901071;-4.7931;-10.4193;
0.00901072;-4.79285;-10.4215;
0.00901074;-4.79253;-10.4235;
0.00901076;-4.79201;-10.4258;
0.00901078;-4.79129;-10.428;
0.00901081;-4.79009;-10.4309;
0.00901085;-4.78868;-10.4337;
0.00901088;-4.78715;-10.4364;
0.00901093;-4.78543;-10.4391;
0.00901098;-4.78343;-10.4419;
0.00901107;-4.77984;-10.4461;
0.00901119;-4.77501;-10.4505;
0.00901133;-4.76979;-10.4543;
0.0090116;-4.75935;-10.4599;
0.00901213;-4.73849;-10.4665;
0.00901266;-4.71812;-10.4704;
0.00901371;-4.67736;-10.4745;
0.00901476;-4.63631;-10.4761;
0.00901631;-4.57643;-10.477;
0.00901791;-4.51394;-10.4773;
0.00902048;-4.41414;-10.4775;
0.00902372;-4.2886;-10.4774;
0.00902995;-4.04645;-10.4774;
0.00903995;-3.65808;-10.4774;
0.00904995;-3.26975;-10.4774;
0.00905995;-2.88147;-10.4773;
0.00906995;-2.49321;-10.4773;
0.00907995;-2.10501;-10.4773;
0.00908995;-1.71683;-10.4772;
0.00909995;-1.32871;-10.4772;
0.00910995;-0.940616;-10.4772;
0.00911995;-0.552569;-10.4771;
0.00912995;-0.164558;-10.4771;
0.00913995;0.223409;-10.4771;
0.00914995;0.611339;-10.477;
0.00915995;0.999226;-10.477;
0.00916995;1.38708;-10.477;
0.00917995;1.77488;-10.4769;
0.00918995;2.16265;-10.4769;
0.00919995;2.55038;-10.4769;
0.00920995;2.93807;-10.4768;
0.00921995;3.32572;-10.4768;
0.00922995;3.71331;-10.4759;
0.00923616;3.95379;-10.4729;
0.00924335;4.23234;-10.4647;
0.00924998;4.48872;-10.4504;
0.00925096;4.52673;-10.4472;
0.00925293;4.60273;-10.4389;
0.00925624;4.73032;-10.4103;
0.00925631;4.73308;-10.4091;
0.00925645;4.7386;-10.4065;
0.00925674;4.74961;-10.4004;
0.00925731;4.77165;-10.3792;
0.00925737;4.7742;-10.375;
0.00925751;4.77935;-10.3636;
0.00925758;4.78211;-10.3547;
0.00925766;4.78568;-10.3364;
0.00925771;4.78769;-10.3197;
0.00925774;4.78939;-10.3;
0.00925776;4.79127;-10.2715;
0.0092578;4.79441;-10.2097;
0.00925784;4.79724;-10.137;
0.00925788;4.80014;-10.042;
0.00925791;4.8032;-9.92235;
0.00925797;4.80808;-9.70334;
0.00925802;4.81455;-9.37177;
0.0092581;4.82479;-8.74853;
0.00925815;4.83133;-8.2655;
0.0092582;4.83692;-7.70796;
0.00925825;4.84069;-7.01029;
0.00925832;4.8423;-6.23719;
0.00925837;4.84328;-5.535;
0.00925845;4.84484;-4.58465;
0.00925853;4.84621;-3.68371;
0.00925867;4.84804;-1.88185;
0.00925884;4.84892;0.14071;
0.00925917;4.84701;4.18571;
0.00925937;4.8434;6.65594;
0.0092595;4.83996;8.31421;
0.00925958;4.83763;9.2541;
0.00925963;4.83599;9.86077;
0.00925966;4.83485;10.232;
0.00925968;4.82721;10.3485;
0.0092597;4.81488;10.3757;
0.00925972;4.80618;10.3879;
0.00925974;4.80164;10.394;
0.00925975;4.79794;10.4;
0.00925977;4.79562;10.405;
0.00925979;4.79443;10.4091;
0.0092598;4.79405;10.4112;
0.00925981;4.79379;10.4133;
0.00925982;4.79355;10.4158;
0.00925984;4.79336;10.4179;
0.00925985;4.79309;10.4202;
0.00925987;4.79275;10.4222;
0.00925989;4.79221;10.4245;
0.00925991;4.79148;10.4269;
0.00925994;4.79025;10.4299;
0.00925998;4.78883;10.4327;
0.00926002;4.78728;10.4354;
0.00926006;4.78554;10.4382;
0.00926011;4.78348;10.441;
0.00926021;4.77965;10.4455;
0.00926033;4.77506;10.4497;
0.00926048;4.7694;10.4537;
0.00926077;4.75809;10.4596;
0.00926135;4.73547;10.4664;
0.00926189;4.71429;10.4701;
0.00926299;4.67193;10.474;
0.00926406;4.63028;10.4754;
0.00926566;4.56792;10.4763;
0.00926732;4.50347;10.4766;
0.00927005;4.39772;10.4767;
0.00927346;4.26495;10.4767;
0.0092803;3.99943;10.4767;
0.0092903;3.6111;10.4767;
0.0093003;3.2228;10.4767;
0.0093103;2.83454;10.4767;
0.0093203;2.44632;10.4767;
0.0093303;2.05814;10.4767;
0.0093403;1.66999;10.4767;
0.0093503;1.28189;10.4767;
0.0093603;0.893827;10.4767;
0.0093703;0.505804;10.4767;
0.0093803;0.117815;10.4767;
0.0093903;-0.27013;10.4767;
0.0094003;-0.658042;10.4767;
0.0094103;-1.04591;10.4767;
0.0094203;-1.43374;10.4767;
0.0094303;-1.82153;10.4767;
0.0094403;-2.20929;10.4767;
0.0094503;-2.597;10.4767;
0.0094603;-2.98468;10.4767;
0.0094703;-3.37232;10.4767;
0.0094803;-3.75989;10.4754;
0.00948675;-4.00996;10.4716;
0.00949405;-4.29227;10.4621;
0.00950094;-4.55884;10.4441;
0.00950379;-4.6687;10.4282;
0.00950559;-4.73808;10.4069;
0.00950663;-4.77827;10.3644;
0.00950697;-4.80872;9.0619;
0.00950716;-4.83049;7.16365;
0.00950724;-4.83363;6.24262;
0.00950732;-4.83498;5.17259;
0.00950738;-4.83617;4.41237;
0.00950746;-4.83758;3.50595;
0.00950758;-4.83921;1.95758;
0.00950771;-4.84011;0.340216;
0.00950797;-4.83965;-2.90641;
0.00950836;-4.83293;-7.85459;
0.00950856;-4.82555;-10.3255;
0.00950863;-4.79264;-10.3957;
0.00950868;-4.78302;-10.4102;
0.00950869;-4.783;-10.4123;
0.0095087;-4.78313;-10.4141;
0.00950871;-4.78332;-10.4157;
0.00950872;-4.78357;-10.4176;
0.00950874;-4.78375;-10.4193;
0.00950875;-4.78385;-10.4212;
0.00950876;-4.7838;-10.4229;
0.00950878;-4.78355;-10.4249;
0.0095088;-4.78305;-10.427;
0.00950883;-4.78204;-10.4297;
0.00950885;-4.78105;-10.4318;
0.00950888;-4.77995;-10.4338;
0.00950891;-4.77858;-10.4361;
0.00950894;-4.77723;-10.4383;
0.00950899;-4.77538;-10.4409;
0.00950907;-4.77241;-10.4446;
0.00950916;-4.76866;-10.4484;
0.00950926;-4.76482;-10.4516;
0.00950946;-4.75716;-10.4566;
0.00950974;-4.74611;-10.4617;
0.0095103;-4.72445;-10.468;
0.00951102;-4.69655;-10.4722;
0.0095122;-4.65074;-10.4755;
0.00951333;-4.60684;-10.4765;
0.00951497;-4.54316;-10.4772;
0.00951678;-4.4729;-10.4774;
0.00951973;-4.35814;-10.4775;
0.00952363;-4.20669;-10.4774;
0.00953143;-3.90381;-10.4774;
0.00954143;-3.51546;-10.4774;
0.00955143;-3.12714;-10.4773;
0.00956143;-2.73887;-10.4773;
0.00957143;-2.35063;-10.4773;
0.00958143;-1.96244;-10.4773;
0.00959143;-1.57428;-10.4772;
0.00960143;-1.18617;-10.4772;
0.00961143;-0.798095;-10.4771;
0.00962143;-0.41006;-10.4771;
0.00963143;-0.0220668;-10.4771;
0.00964143;0.365888;-10.477;
0.00965143;0.753801;-10.477;
0.00966143;1.14168;-10.477;
0.00967143;1.52951;-10.4769;
0.00968143;1.9173;-10.4769;
0.00969143;2.30506;-10.4769;
0.00970143;2.69277;-10.4768;
0.00971143;3.08044;-10.4768;
0.00972143;3.46808;-10.4768;
0.00972937;3.776;-10.4754;
0.0097364;4.04827;-10.4707;
0.00974387;4.33729;-10.46;
0.00975147;4.63129;-10.435;
0.00975215;4.65743;-10.4305;
0.00975351;4.70968;-10.4179;
0.00975366;4.71547;-10.4161;
0.00975396;4.72703;-10.4119;
0.00975456;4.75015;-10.4002;
0.00975506;4.76956;-10.3827;
0.00975529;4.77837;-10.367;
0.00975543;4.78393;-10.348;
0.00975551;4.78751;-10.3238;
0.00975552;4.78787;-10.3203;
0.00975553;4.78865;-10.3121;
0.00975556;4.79044;-10.2887;
0.00975559;4.7926;-10.2522;
0.00975563;4.79585;-10.1816;
0.00975566;4.79836;-10.1108;
0.0097557;4.80118;-10.0132;
0.00975574;4.80493;-9.85915;
0.0097558;4.81059;-9.59235;
0.00975586;4.81787;-9.19884;
0.00975595;4.83022;-8.36215;
0.00975601;4.8369;-7.7258;
0.00975608;4.84138;-6.89741;
0.00975614;4.84277;-6.12693;
0.0097562;4.84377;-5.38124;
0.00975628;4.84532;-4.4463;
0.00975635;4.8467;-3.50493;
0.00975651;4.84848;-1.62221;
0.00975667;4.8492;0.368925;
0.00975699;4.84709;4.35109;
0.00975717;4.8439;6.52261;
0.00975735;4.83916;8.75731;
0.00975745;4.83601;9.94514;
0.00975751;4.82187;10.368;
0.00975754;4.80465;10.3924;
0.00975756;4.7994;10.3993;
0.00975757;4.79739;10.4027;
0.00975759;4.79548;10.4068;
0.00975761;4.79451;10.4101;
0.00975762;4.79409;10.4122;
0.00975763;4.79381;10.4143;
0.00975764;4.79357;10.4167;
0.00975766;4.79338;10.4187;
0.00975767;4.79312;10.4209;
0.00975769;4.79278;10.4229;
0.00975771;4.79225;10.4251;
0.00975773;4.79152;10.4274;
0.00975776;4.79032;10.4303;
0.0097578;4.78888;10.4331;
0.00975784;4.78733;10.4358;
0.00975788;4.78559;10.4385;
0.00975793;4.78355;10.4413;
0.00975803;4.7798;10.4456;
0.00975815;4.77511;10.4499;
0.00975829;4.76955;10.4538;
0.00975858;4.75845;10.4596;
0.00975915;4.73625;10.4663;
0.00975969;4.7151;10.4701;
0.00976078;4.67279;10.474;
0.00976185;4.63121;10.4754;
0.00976345;4.56912;10.4763;
0.00976511;4.50491;10.4766;
0.00976781;4.39973;10.4767;
0.00977121;4.26773;10.4767;
0.00977801;4.00374;10.4767;
0.00978801;3.61541;10.4767;
0.00979801;3.2271;10.4767;
0.00980801;2.83885;10.4767;
0.00981801;2.45063;10.4767;
0.00982801;2.06245;10.4767;
0.00983801;1.6743;10.4767;
0.00984801;1.2862;10.4767;
0.00985801;0.898133;10.4767;
0.00986801;0.510109;10.4767;
0.00987801;0.122119;10.4767;
0.00988801;-0.265827;10.4767;
0.00989801;-0.653738;10.4767;
0.00990801;-1.04161;10.4767;
0.00991801;-1.42944;10.4767;
0.00992801;-1.81723;10.4767;
0.00993801;-2.20499;10.4767;
0.00994801;-2.5927;10.4767;
0.00995801;-2.98038;10.4767;
0.00996801;-3.36801;10.4767;
0.00997801;-3.75559;10.4755;
0.00998443;-4.00432;10.4717;
0.0099917;-4.28593;10.4624;
0.00999879;-4.55998;10.444;
0.01;-4.60674;10.4384;
