X,CH1,CH2,CH3,Start,Increment,
Sequence,Volt,Volt,Volt,-1.190000e-03,2.000000e-06
0,1.02e+01,4.00e-01,-7.40e+00,
1,1.00e+01,2.00e-01,-7.60e+00,
2,1.02e+01,4.00e-01,-7.60e+00,
3,1.00e+01,2.00e-01,-7.40e+00,
4,1.02e+01,2.00e-01,-7.60e+00,
5,1.00e+01,4.00e-01,-7.40e+00,
6,1.02e+01,2.00e-01,-7.60e+00,
7,1.00e+01,4.00e-01,-7.40e+00,
8,1.02e+01,2.00e-01,-7.40e+00,
9,1.00e+01,4.00e-01,-7.60e+00,
10,1.02e+01,2.00e-01,-7.40e+00,
11,1.00e+01,4.00e-01,-7.60e+00,
12,1.02e+01,2.00e-01,-7.40e+00,
13,1.00e+01,4.00e-01,-7.60e+00,
14,1.00e+01,2.00e-01,-7.40e+00,
15,1.02e+01,4.00e-01,-7.60e+00,
16,1.02e+01,4.00e-01,-7.40e+00,
17,1.00e+01,2.00e-01,-7.60e+00,
18,1.02e+01,4.00e-01,-7.40e+00,
19,1.00e+01,2.00e-01,-7.60e+00,
20,1.00e+01,2.00e-01,-7.60e+00,
21,1.02e+01,4.00e-01,-7.40e+00,
22,1.00e+01,4.00e-01,-7.40e+00,
23,1.02e+01,2.00e-01,-7.60e+00,
24,1.02e+01,2.00e-01,-7.40e+00,
25,1.00e+01,4.00e-01,-7.60e+00,
26,1.02e+01,4.00e-01,-7.60e+00,
27,1.00e+01,2.00e-01,-7.40e+00,
28,1.00e+01,4.00e-01,-7.60e+00,
29,1.02e+01,2.00e-01,-7.40e+00,
30,1.02e+01,4.00e-01,-7.40e+00,
31,1.00e+01,2.00e-01,-7.60e+00,
32,1.02e+01,4.00e-01,-7.60e+00,
33,1.00e+01,2.00e-01,-7.40e+00,
34,1.02e+01,2.00e-01,-7.40e+00,
35,1.00e+01,4.00e-01,-7.60e+00,
36,1.02e+01,2.00e-01,-7.40e+00,
37,1.00e+01,4.00e-01,-7.60e+00,
38,1.00e+01,4.00e-01,-7.60e+00,
39,1.02e+01,2.00e-01,-7.40e+00,
40,1.02e+01,4.00e-01,-7.60e+00,
41,1.00e+01,2.00e-01,-7.40e+00,
42,1.02e+01,2.00e-01,-7.40e+00,
43,1.00e+01,4.00e-01,-7.60e+00,
44,1.02e+01,2.00e-01,-7.40e+00,
45,1.00e+01,4.00e-01,-7.60e+00,
46,1.00e+01,2.00e-01,-7.40e+00,
47,1.02e+01,4.00e-01,-7.60e+00,
48,1.02e+01,2.00e-01,-7.60e+00,
49,1.00e+01,4.00e-01,-7.40e+00,
50,1.00e+01,2.00e-01,-7.40e+00,
51,1.02e+01,4.00e-01,-7.60e+00,
52,1.02e+01,2.00e-01,-7.40e+00,
53,1.00e+01,4.00e-01,-7.60e+00,
54,1.02e+01,4.00e-01,-7.40e+00,
55,1.00e+01,2.00e-01,-7.60e+00,
56,1.02e+01,4.00e-01,-7.40e+00,
57,1.00e+01,2.00e-01,-7.60e+00,
58,1.02e+01,2.00e-01,-7.40e+00,
59,1.00e+01,4.00e-01,-7.60e+00,
60,1.02e+01,4.00e-01,-7.40e+00,
61,1.00e+01,2.00e-01,-7.60e+00,
62,1.02e+01,4.00e-01,-7.40e+00,
63,1.00e+01,2.00e-01,-7.60e+00,
64,1.02e+01,4.00e-01,-7.40e+00,
65,1.00e+01,2.00e-01,-7.60e+00,
66,1.00e+01,2.00e-01,-7.60e+00,
67,1.02e+01,4.00e-01,-7.40e+00,
68,1.02e+01,2.00e-01,-7.40e+00,
69,1.00e+01,4.00e-01,-7.60e+00,
70,1.02e+01,2.00e-01,-7.40e+00,
71,1.00e+01,4.00e-01,-7.60e+00,
72,1.02e+01,4.00e-01,-7.40e+00,
73,1.00e+01,2.00e-01,-7.60e+00,
74,1.00e+01,4.00e-01,-7.40e+00,
75,1.02e+01,2.00e-01,-7.60e+00,
76,1.00e+01,4.00e-01,-7.60e+00,
77,1.02e+01,2.00e-01,-7.40e+00,
78,1.02e+01,2.00e-01,-7.40e+00,
79,1.00e+01,4.00e-01,-7.60e+00,
80,1.02e+01,2.00e-01,-7.40e+00,
81,1.00e+01,4.00e-01,-7.60e+00,
82,1.02e+01,4.00e-01,-7.40e+00,
83,1.00e+01,2.00e-01,-7.60e+00,
84,1.02e+01,4.00e-01,-7.60e+00,
85,1.00e+01,2.00e-01,-7.40e+00,
86,1.00e+01,4.00e-01,-7.40e+00,
87,1.02e+01,2.00e-01,-7.60e+00,
88,1.02e+01,4.00e-01,-7.40e+00,
89,1.00e+01,2.00e-01,-7.60e+00,
90,1.02e+01,2.00e-01,-7.40e+00,
91,1.00e+01,4.00e-01,-7.60e+00,
92,1.00e+01,2.00e-01,-7.60e+00,
93,1.02e+01,4.00e-01,-7.40e+00,
94,1.02e+01,2.00e-01,-9.40e+00,
95,1.00e+01,1.06e+01,6.00e-01,
96,1.02e+01,1.00e+01,2.00e-01,
97,1.00e+01,1.02e+01,6.00e-01,
98,1.02e+01,1.00e+01,4.00e-01,
99,1.00e+01,1.02e+01,2.00e-01,
100,1.02e+01,1.00e+01,2.00e-01,
101,1.00e+01,1.04e+01,4.00e-01,
102,1.02e+01,1.00e+01,2.00e-01,
103,1.00e+01,1.04e+01,4.00e-01,
104,1.02e+01,1.00e+01,4.00e-01,
105,1.00e+01,1.04e+01,2.00e-01,
106,1.02e+01,1.00e+01,2.00e-01,
107,1.00e+01,1.04e+01,4.00e-01,
108,1.02e+01,1.00e+01,2.00e-01,
109,1.00e+01,1.04e+01,4.00e-01,
110,1.02e+01,1.00e+01,2.00e-01,
111,1.00e+01,1.04e+01,4.00e-01,
112,1.02e+01,1.00e+01,4.00e-01,
113,1.00e+01,1.04e+01,2.00e-01,
114,1.00e+01,1.00e+01,2.00e-01,
115,1.02e+01,1.04e+01,4.00e-01,
116,1.02e+01,1.00e+01,2.00e-01,
117,1.00e+01,1.04e+01,4.00e-01,
118,1.02e+01,1.04e+01,2.00e-01,
119,1.00e+01,1.00e+01,4.00e-01,
120,1.02e+01,1.00e+01,2.00e-01,
121,1.00e+01,1.04e+01,4.00e-01,
122,1.02e+01,1.00e+01,4.00e-01,
123,1.00e+01,1.04e+01,2.00e-01,
124,1.00e+01,1.00e+01,2.00e-01,
125,1.02e+01,1.04e+01,4.00e-01,
126,1.02e+01,1.00e+01,2.00e-01,
127,1.00e+01,1.04e+01,4.00e-01,
128,1.00e+01,1.00e+01,2.00e-01,
129,1.02e+01,1.04e+01,4.00e-01,
130,1.02e+01,1.04e+01,2.00e-01,
131,1.00e+01,1.00e+01,4.00e-01,
132,1.02e+01,1.00e+01,4.00e-01,
133,1.00e+01,1.04e+01,2.00e-01,
134,1.02e+01,1.00e+01,2.00e-01,
135,1.00e+01,1.04e+01,4.00e-01,
136,1.02e+01,1.04e+01,2.00e-01,
137,1.00e+01,1.00e+01,4.00e-01,
138,1.00e+01,1.00e+01,2.00e-01,
139,1.02e+01,1.04e+01,4.00e-01,
140,1.02e+01,1.00e+01,2.00e-01,
141,1.00e+01,1.04e+01,4.00e-01,
142,1.02e+01,1.00e+01,4.00e-01,
143,1.00e+01,1.04e+01,2.00e-01,
144,1.02e+01,1.00e+01,4.00e-01,
145,1.00e+01,1.04e+01,2.00e-01,
146,1.02e+01,1.00e+01,2.00e-01,
147,1.00e+01,1.04e+01,4.00e-01,
148,1.02e+01,1.04e+01,2.00e-01,
149,1.00e+01,1.00e+01,4.00e-01,
150,1.00e+01,1.00e+01,4.00e-01,
151,1.02e+01,1.04e+01,2.00e-01,
152,1.02e+01,1.00e+01,2.00e-01,
153,1.00e+01,1.04e+01,4.00e-01,
154,1.00e+01,1.00e+01,2.00e-01,
155,1.02e+01,1.04e+01,4.00e-01,
156,1.00e+01,1.00e+01,2.00e-01,
157,1.02e+01,1.04e+01,4.00e-01,
158,1.02e+01,1.00e+01,4.00e-01,
159,1.00e+01,1.04e+01,2.00e-01,
160,1.02e+01,1.00e+01,2.00e-01,
161,1.00e+01,1.04e+01,4.00e-01,
162,1.02e+01,1.00e+01,2.00e-01,
163,1.00e+01,1.04e+01,4.00e-01,
164,1.02e+01,1.00e+01,2.00e-01,
165,1.00e+01,1.04e+01,4.00e-01,
166,1.02e+01,1.00e+01,2.00e-01,
167,1.00e+01,1.04e+01,4.00e-01,
168,1.02e+01,1.00e+01,2.00e-01,
169,1.00e+01,1.04e+01,4.00e-01,
170,1.02e+01,1.04e+01,2.00e-01,
171,1.00e+01,1.00e+01,4.00e-01,
172,1.02e+01,1.00e+01,2.00e-01,
173,1.00e+01,1.04e+01,4.00e-01,
174,1.02e+01,1.00e+01,2.00e-01,
175,1.00e+01,1.04e+01,4.00e-01,
176,1.02e+01,1.00e+01,2.00e-01,
177,1.00e+01,1.04e+01,4.00e-01,
178,1.02e+01,1.00e+01,2.00e-01,
179,1.00e+01,1.04e+01,4.00e-01,
180,1.02e+01,1.00e+01,2.00e-01,
181,1.00e+01,1.04e+01,4.00e-01,
182,1.02e+01,1.00e+01,2.00e-01,
183,1.00e+01,1.04e+01,4.00e-01,
184,1.02e+01,1.00e+01,2.00e-01,
185,1.00e+01,1.04e+01,4.00e-01,
186,1.02e+01,1.00e+01,2.00e-01,
187,1.00e+01,1.04e+01,4.00e-01,
188,1.02e+01,1.00e+01,2.00e-01,
189,1.00e+01,1.04e+01,4.00e-01,
190,1.02e+01,1.00e+01,2.00e-01,
191,1.00e+01,1.04e+01,4.00e-01,
192,1.02e+01,1.00e+01,4.00e-01,
193,1.00e+01,1.04e+01,2.00e-01,
194,1.00e+01,1.00e+01,4.00e-01,
195,1.02e+01,1.04e+01,2.00e-01,
196,1.02e+01,1.00e+01,2.00e-01,
197,1.00e+01,1.04e+01,4.00e-01,
198,1.02e+01,1.00e+01,2.00e-01,
199,1.00e+01,1.04e+01,4.00e-01,
200,1.02e+01,1.00e+01,2.00e-01,
201,1.00e+01,1.04e+01,4.00e-01,
202,1.02e+01,1.04e+01,2.00e-01,
203,1.00e+01,1.00e+01,4.00e-01,
204,1.02e+01,1.00e+01,2.00e-01,
205,1.00e+01,1.04e+01,4.00e-01,
206,1.02e+01,1.00e+01,2.00e-01,
207,1.00e+01,1.04e+01,4.00e-01,
208,1.00e+01,1.00e+01,4.00e-01,
209,1.02e+01,1.04e+01,2.00e-01,
210,1.00e+01,1.00e+01,2.00e-01,
211,1.02e+01,1.04e+01,4.00e-01,
212,1.00e+01,1.00e+01,2.00e-01,
213,1.02e+01,1.04e+01,4.00e-01,
214,1.02e+01,1.00e+01,2.00e-01,
215,-2.00e-01,1.04e+01,4.00e-01,
216,6.00e-01,1.00e+01,2.00e-01,
217,0.00e+00,1.04e+01,4.00e-01,
218,0.00e+00,1.00e+01,2.00e-01,
219,6.00e-01,1.04e+01,4.00e-01,
220,6.00e-01,1.00e+01,2.00e-01,
221,0.00e+00,1.04e+01,4.00e-01,
222,0.00e+00,1.00e+01,2.00e-01,
223,6.00e-01,1.04e+01,4.00e-01,
224,6.00e-01,1.00e+01,2.00e-01,
225,0.00e+00,1.04e+01,4.00e-01,
226,6.00e-01,1.00e+01,2.00e-01,
227,0.00e+00,1.04e+01,4.00e-01,
228,0.00e+00,1.00e+01,4.00e-01,
229,6.00e-01,1.04e+01,2.00e-01,
230,0.00e+00,1.00e+01,4.00e-01,
231,6.00e-01,1.04e+01,2.00e-01,
232,0.00e+00,1.00e+01,2.00e-01,
233,6.00e-01,1.04e+01,4.00e-01,
234,0.00e+00,1.00e+01,2.00e-01,
235,6.00e-01,1.04e+01,4.00e-01,
236,0.00e+00,1.00e+01,2.00e-01,
237,6.00e-01,1.04e+01,4.00e-01,
238,0.00e+00,1.00e+01,2.00e-01,
239,6.00e-01,1.04e+01,4.00e-01,
240,4.00e-01,1.00e+01,2.00e-01,
241,0.00e+00,1.04e+01,4.00e-01,
242,0.00e+00,1.04e+01,4.00e-01,
243,6.00e-01,1.00e+01,2.00e-01,
244,0.00e+00,1.00e+01,2.00e-01,
245,6.00e-01,1.04e+01,4.00e-01,
246,0.00e+00,1.04e+01,4.00e-01,
247,6.00e-01,1.00e+01,2.00e-01,
248,0.00e+00,1.00e+01,4.00e-01,
249,6.00e-01,1.04e+01,2.00e-01,
250,0.00e+00,1.00e+01,2.00e-01,
251,6.00e-01,1.04e+01,4.00e-01,
252,4.00e-01,1.00e+01,2.00e-01,
253,0.00e+00,1.04e+01,4.00e-01,
254,0.00e+00,1.00e+01,2.00e-01,
255,6.00e-01,1.04e+01,4.00e-01,
256,0.00e+00,1.00e+01,2.00e-01,
257,6.00e-01,1.04e+01,4.00e-01,
258,0.00e+00,1.04e+01,2.00e-01,
259,6.00e-01,1.00e+01,4.00e-01,
260,0.00e+00,1.00e+01,4.00e-01,
261,6.00e-01,1.04e+01,2.00e-01,
262,0.00e+00,1.00e+01,2.00e-01,
263,6.00e-01,1.04e+01,4.00e-01,
264,0.00e+00,1.04e+01,2.00e-01,
265,4.00e-01,1.00e+01,4.00e-01,
266,0.00e+00,1.00e+01,2.00e-01,
267,6.00e-01,1.04e+01,4.00e-01,
268,0.00e+00,1.00e+01,2.00e-01,
269,4.00e-01,1.04e+01,4.00e-01,
270,4.00e-01,1.00e+01,2.00e-01,
271,0.00e+00,1.04e+01,4.00e-01,
272,0.00e+00,1.00e+01,2.00e-01,
273,4.00e-01,1.04e+01,4.00e-01,
274,0.00e+00,1.00e+01,4.00e-01,
275,6.00e-01,1.04e+01,2.00e-01,
276,0.00e+00,1.00e+01,2.00e-01,
277,4.00e-01,1.04e+01,4.00e-01,
278,0.00e+00,1.00e+01,2.00e-01,
279,4.00e-01,1.04e+01,4.00e-01,
280,0.00e+00,1.00e+01,4.00e-01,
281,6.00e-01,1.04e+01,2.00e-01,
282,0.00e+00,1.00e+01,2.00e-01,
283,6.00e-01,1.04e+01,4.00e-01,
284,0.00e+00,1.00e+01,2.00e-01,
285,6.00e-01,1.04e+01,4.00e-01,
286,0.00e+00,1.00e+01,2.00e-01,
287,6.00e-01,1.04e+01,4.00e-01,
288,0.00e+00,1.00e+01,4.00e-01,
289,6.00e-01,1.04e+01,2.00e-01,
290,0.00e+00,1.00e+01,2.00e-01,
291,6.00e-01,1.04e+01,4.00e-01,
292,0.00e+00,1.00e+01,2.00e-01,
293,4.00e-01,1.04e+01,4.00e-01,
294,0.00e+00,1.00e+01,2.00e-01,
295,6.00e-01,1.04e+01,4.00e-01,
296,0.00e+00,1.00e+01,2.00e-01,
297,4.00e-01,1.04e+01,4.00e-01,
298,0.00e+00,1.00e+01,2.00e-01,
299,6.00e-01,1.04e+01,4.00e-01,
300,0.00e+00,1.00e+01,2.00e-01,
301,6.00e-01,1.04e+01,4.00e-01,
302,0.00e+00,1.00e+01,2.00e-01,
303,6.00e-01,1.04e+01,4.00e-01,
304,0.00e+00,1.00e+01,2.00e-01,
305,6.00e-01,1.04e+01,4.00e-01,
306,0.00e+00,1.00e+01,2.00e-01,
307,6.00e-01,1.04e+01,4.00e-01,
308,0.00e+00,1.00e+01,2.00e-01,
309,6.00e-01,1.04e+01,4.00e-01,
310,0.00e+00,1.00e+01,2.00e-01,
311,6.00e-01,1.04e+01,4.00e-01,
312,0.00e+00,1.00e+01,4.00e-01,
313,6.00e-01,1.04e+01,2.00e-01,
314,0.00e+00,1.04e+01,4.00e-01,
315,4.00e-01,1.00e+01,2.00e-01,
316,0.00e+00,1.04e+01,2.00e-01,
317,6.00e-01,1.00e+01,4.00e-01,
318,4.00e-01,1.00e+01,4.00e-01,
319,0.00e+00,1.04e+01,2.00e-01,
320,0.00e+00,1.00e+01,2.00e-01,
321,6.00e-01,1.04e+01,4.00e-01,
322,0.00e+00,1.00e+01,4.00e-01,
323,4.00e-01,1.04e+01,2.00e-01,
324,0.00e+00,1.00e+01,2.00e-01,
325,6.00e-01,1.04e+01,4.00e-01,
326,4.00e-01,1.00e+01,2.00e-01,
327,0.00e+00,1.04e+01,4.00e-01,
328,0.00e+00,1.00e+01,2.00e-01,
329,4.00e-01,1.04e+01,4.00e-01,
330,0.00e+00,1.00e+01,2.00e-01,
331,6.00e-01,1.04e+01,4.00e-01,
332,0.00e+00,1.00e+01,2.00e-01,
333,4.00e-01,1.04e+01,4.00e-01,
334,0.00e+00,1.00e+01,2.00e-01,
335,2.00e-01,1.04e+01,4.00e-01,
336,0.00e+00,1.00e+01,2.00e-01,
337,6.00e-01,1.04e+01,4.00e-01,
338,0.00e+00,1.00e+01,2.00e-01,
339,4.00e-01,1.04e+01,4.00e-01,
340,4.00e-01,1.00e+01,4.00e-01,
341,0.00e+00,1.04e+01,2.00e-01,
342,0.00e+00,1.00e+01,4.00e-01,
343,6.00e-01,1.04e+01,2.00e-01,
344,2.00e-01,1.04e+01,4.00e-01,
345,0.00e+00,0.00e+00,2.00e-01,
346,0.00e+00,2.00e-01,4.00e-01,
347,6.00e-01,4.00e-01,2.00e-01,
348,0.00e+00,4.00e-01,2.00e-01,
349,4.00e-01,2.00e-01,4.00e-01,
350,0.00e+00,2.00e-01,2.00e-01,
351,2.00e-01,4.00e-01,4.00e-01,
352,0.00e+00,4.00e-01,2.00e-01,
353,4.00e-01,2.00e-01,4.00e-01,
354,0.00e+00,2.00e-01,2.00e-01,
355,6.00e-01,4.00e-01,4.00e-01,
356,6.00e-01,4.00e-01,4.00e-01,
357,0.00e+00,2.00e-01,2.00e-01,
358,0.00e+00,2.00e-01,4.00e-01,
359,4.00e-01,4.00e-01,2.00e-01,
360,0.00e+00,2.00e-01,2.00e-01,
361,6.00e-01,4.00e-01,4.00e-01,
362,2.00e-01,2.00e-01,2.00e-01,
363,0.00e+00,4.00e-01,4.00e-01,
364,6.00e-01,2.00e-01,2.00e-01,
365,0.00e+00,4.00e-01,4.00e-01,
366,0.00e+00,2.00e-01,2.00e-01,
367,6.00e-01,4.00e-01,4.00e-01,
368,0.00e+00,4.00e-01,2.00e-01,
369,2.00e-01,2.00e-01,4.00e-01,
370,2.00e-01,4.00e-01,2.00e-01,
371,0.00e+00,2.00e-01,4.00e-01,
372,0.00e+00,2.00e-01,2.00e-01,
373,4.00e-01,4.00e-01,4.00e-01,
374,0.00e+00,2.00e-01,2.00e-01,
375,4.00e-01,4.00e-01,4.00e-01,
376,6.00e-01,4.00e-01,2.00e-01,
377,0.00e+00,2.00e-01,4.00e-01,
378,0.00e+00,4.00e-01,2.00e-01,
379,4.00e-01,2.00e-01,4.00e-01,
380,4.00e-01,2.00e-01,2.00e-01,
381,0.00e+00,4.00e-01,4.00e-01,
382,0.00e+00,2.00e-01,2.00e-01,
383,6.00e-01,4.00e-01,4.00e-01,
384,0.00e+00,2.00e-01,2.00e-01,
385,6.00e-01,4.00e-01,4.00e-01,
386,0.00e+00,2.00e-01,2.00e-01,
387,4.00e-01,4.00e-01,4.00e-01,
388,0.00e+00,4.00e-01,4.00e-01,
389,4.00e-01,2.00e-01,2.00e-01,
390,0.00e+00,2.00e-01,2.00e-01,
391,4.00e-01,4.00e-01,4.00e-01,
392,0.00e+00,2.00e-01,4.00e-01,
393,6.00e-01,4.00e-01,2.00e-01,
394,0.00e+00,4.00e-01,4.00e-01,
395,6.00e-01,2.00e-01,2.00e-01,
396,0.00e+00,2.00e-01,2.00e-01,
397,6.00e-01,4.00e-01,4.00e-01,
398,0.00e+00,2.00e-01,2.00e-01,
399,4.00e-01,4.00e-01,4.00e-01,
400,0.00e+00,2.00e-01,2.00e-01,
401,4.00e-01,4.00e-01,4.00e-01,
402,0.00e+00,4.00e-01,2.00e-01,
403,4.00e-01,2.00e-01,4.00e-01,
404,0.00e+00,4.00e-01,2.00e-01,
405,4.00e-01,2.00e-01,4.00e-01,
406,2.00e-01,4.00e-01,4.00e-01,
407,0.00e+00,2.00e-01,2.00e-01,
408,0.00e+00,2.00e-01,2.00e-01,
409,4.00e-01,4.00e-01,4.00e-01,
410,0.00e+00,4.00e-01,2.00e-01,
411,4.00e-01,2.00e-01,4.00e-01,
412,0.00e+00,2.00e-01,2.00e-01,
413,4.00e-01,4.00e-01,4.00e-01,
414,0.00e+00,2.00e-01,2.00e-01,
415,4.00e-01,4.00e-01,4.00e-01,
416,0.00e+00,2.00e-01,2.00e-01,
417,4.00e-01,4.00e-01,4.00e-01,
418,6.00e-01,4.00e-01,2.00e-01,
419,0.00e+00,2.00e-01,4.00e-01,
420,0.00e+00,4.00e-01,2.00e-01,
421,6.00e-01,2.00e-01,4.00e-01,
422,4.00e-01,4.00e-01,2.00e-01,
423,0.00e+00,2.00e-01,4.00e-01,
424,0.00e+00,4.00e-01,2.00e-01,
425,4.00e-01,2.00e-01,4.00e-01,
426,0.00e+00,4.00e-01,2.00e-01,
427,6.00e-01,2.00e-01,4.00e-01,
428,0.00e+00,4.00e-01,4.00e-01,
429,4.00e-01,2.00e-01,2.00e-01,
430,2.00e-01,4.00e-01,2.00e-01,
431,0.00e+00,2.00e-01,4.00e-01,
432,0.00e+00,2.00e-01,2.00e-01,
433,6.00e-01,4.00e-01,4.00e-01,
434,0.00e+00,2.00e-01,4.00e-01,
435,6.00e-01,4.00e-01,2.00e-01,
436,0.00e+00,4.00e-01,2.00e-01,
437,4.00e-01,2.00e-01,4.00e-01,
438,0.00e+00,2.00e-01,2.00e-01,
439,6.00e-01,4.00e-01,4.00e-01,
440,4.00e-01,4.00e-01,2.00e-01,
441,0.00e+00,2.00e-01,4.00e-01,
442,0.00e+00,4.00e-01,2.00e-01,
443,6.00e-01,2.00e-01,4.00e-01,
444,0.00e+00,2.00e-01,2.00e-01,
445,4.00e-01,4.00e-01,4.00e-01,
446,0.00e+00,2.00e-01,2.00e-01,
447,4.00e-01,4.00e-01,4.00e-01,
448,0.00e+00,4.00e-01,2.00e-01,
449,6.00e-01,2.00e-01,4.00e-01,
450,0.00e+00,4.00e-01,2.00e-01,
451,6.00e-01,2.00e-01,4.00e-01,
452,4.00e-01,2.00e-01,4.00e-01,
453,0.00e+00,4.00e-01,2.00e-01,
454,4.00e-01,4.00e-01,2.00e-01,
455,0.00e+00,2.00e-01,4.00e-01,
456,0.00e+00,4.00e-01,2.00e-01,
457,4.00e-01,2.00e-01,4.00e-01,
458,0.00e+00,2.00e-01,2.00e-01,
459,4.00e-01,4.00e-01,4.00e-01,
460,0.00e+00,4.00e-01,4.00e-01,
461,6.00e-01,2.00e-01,2.00e-01,
462,0.00e+00,4.00e-01,2.00e-01,
463,6.00e-01,2.00e-01,4.00e-01,
464,0.00e+00,2.00e-01,1.40e+00,
465,1.04e+01,4.00e-01,-7.60e+00,
466,1.02e+01,2.00e-01,-7.40e+00,
467,1.00e+01,4.00e-01,-7.60e+00,
468,1.02e+01,2.00e-01,-7.40e+00,
469,1.00e+01,4.00e-01,-7.60e+00,
470,1.02e+01,2.00e-01,-7.60e+00,
471,1.00e+01,4.00e-01,-7.40e+00,
472,1.02e+01,4.00e-01,-7.60e+00,
473,1.00e+01,2.00e-01,-7.40e+00,
474,1.00e+01,2.00e-01,-7.40e+00,
475,1.02e+01,4.00e-01,-7.60e+00,
476,1.02e+01,4.00e-01,-7.40e+00,
477,1.00e+01,2.00e-01,-7.60e+00,
478,1.02e+01,2.00e-01,-7.40e+00,
479,1.00e+01,4.00e-01,-7.60e+00,
480,1.02e+01,4.00e-01,-7.40e+00,
481,1.00e+01,2.00e-01,-7.60e+00,
482,1.02e+01,2.00e-01,-7.60e+00,
483,1.00e+01,4.00e-01,-7.40e+00,
484,1.02e+01,4.00e-01,-7.40e+00,
485,1.00e+01,2.00e-01,-7.60e+00,
486,1.02e+01,2.00e-01,-7.40e+00,
487,1.00e+01,4.00e-01,-7.60e+00,
488,1.02e+01,2.00e-01,-7.40e+00,
489,1.00e+01,4.00e-01,-7.60e+00,
490,1.00e+01,2.00e-01,-7.40e+00,
491,1.02e+01,4.00e-01,-7.60e+00,
492,1.02e+01,2.00e-01,-7.40e+00,
493,1.00e+01,4.00e-01,-7.60e+00,
494,1.02e+01,2.00e-01,-7.60e+00,
495,1.00e+01,4.00e-01,-7.40e+00,
496,1.02e+01,2.00e-01,-7.60e+00,
497,1.00e+01,4.00e-01,-7.40e+00,
498,1.02e+01,2.00e-01,-7.40e+00,
499,1.00e+01,4.00e-01,-7.60e+00,
500,1.02e+01,2.00e-01,-7.40e+00,
501,1.00e+01,4.00e-01,-7.60e+00,
502,1.02e+01,2.00e-01,-7.60e+00,
503,1.00e+01,4.00e-01,-7.40e+00,
504,1.02e+01,2.00e-01,-7.40e+00,
505,1.00e+01,4.00e-01,-7.60e+00,
506,1.02e+01,2.00e-01,-7.40e+00,
507,1.00e+01,4.00e-01,-7.60e+00,
508,1.02e+01,2.00e-01,-7.40e+00,
509,1.00e+01,4.00e-01,-7.60e+00,
510,1.02e+01,2.00e-01,-7.40e+00,
511,1.00e+01,4.00e-01,-7.60e+00,
512,1.02e+01,4.00e-01,-7.40e+00,
513,1.00e+01,2.00e-01,-7.60e+00,
514,1.00e+01,2.00e-01,-7.60e+00,
515,1.02e+01,4.00e-01,-7.40e+00,
516,1.02e+01,2.00e-01,-7.40e+00,
517,1.00e+01,4.00e-01,-7.60e+00,
518,1.02e+01,2.00e-01,-7.40e+00,
519,1.00e+01,4.00e-01,-7.60e+00,
520,1.02e+01,2.00e-01,-7.40e+00,
521,1.00e+01,4.00e-01,-7.60e+00,
522,1.02e+01,2.00e-01,-7.40e+00,
523,1.00e+01,4.00e-01,-7.60e+00,
524,1.02e+01,4.00e-01,-7.40e+00,
525,1.00e+01,2.00e-01,-7.60e+00,
526,1.00e+01,4.00e-01,-7.40e+00,
527,1.02e+01,2.00e-01,-7.60e+00,
528,1.02e+01,2.00e-01,-7.40e+00,
529,1.00e+01,4.00e-01,-7.60e+00,
530,1.02e+01,4.00e-01,-7.60e+00,
531,1.00e+01,2.00e-01,-7.40e+00,
532,1.02e+01,2.00e-01,-7.40e+00,
533,1.00e+01,4.00e-01,-7.60e+00,
534,1.02e+01,4.00e-01,-7.40e+00,
535,1.00e+01,2.00e-01,-7.60e+00,
536,1.02e+01,2.00e-01,-7.40e+00,
537,1.00e+01,4.00e-01,-7.60e+00,
538,1.02e+01,4.00e-01,-7.40e+00,
539,1.00e+01,2.00e-01,-7.60e+00,
540,1.02e+01,4.00e-01,-7.40e+00,
541,1.00e+01,2.00e-01,-7.60e+00,
542,1.02e+01,2.00e-01,-7.40e+00,
543,1.00e+01,4.00e-01,-7.60e+00,
544,1.02e+01,2.00e-01,-7.60e+00,
545,1.00e+01,4.00e-01,-7.40e+00,
546,1.02e+01,2.00e-01,-7.40e+00,
547,1.00e+01,4.00e-01,-7.60e+00,
548,1.02e+01,2.00e-01,-7.40e+00,
549,1.00e+01,4.00e-01,-7.60e+00,
550,1.02e+01,4.00e-01,-7.40e+00,
551,1.00e+01,2.00e-01,-7.60e+00,
552,1.00e+01,4.00e-01,-7.40e+00,
553,1.02e+01,2.00e-01,-7.60e+00,
554,1.02e+01,2.00e-01,-7.60e+00,
555,1.00e+01,4.00e-01,-7.40e+00,
556,1.02e+01,4.00e-01,-7.40e+00,
557,1.00e+01,2.00e-01,-7.60e+00,
558,1.02e+01,2.00e-01,-7.60e+00,
559,1.00e+01,4.00e-01,-7.40e+00,
560,1.02e+01,2.00e-01,-7.40e+00,
561,1.00e+01,4.00e-01,-7.60e+00,
562,1.02e+01,4.00e-01,-7.60e+00,
563,1.00e+01,2.00e-01,-7.40e+00,
564,1.02e+01,2.00e-01,-7.60e+00,
565,1.00e+01,4.00e-01,-7.40e+00,
566,1.02e+01,2.00e-01,-7.60e+00,
567,1.00e+01,4.00e-01,-7.40e+00,
568,1.02e+01,4.00e-01,-7.60e+00,
569,1.00e+01,2.00e-01,-7.40e+00,
570,1.02e+01,2.00e-01,-7.40e+00,
571,1.00e+01,4.00e-01,-7.60e+00,
572,1.02e+01,4.00e-01,-7.40e+00,
573,1.00e+01,2.00e-01,-7.60e+00,
574,1.02e+01,4.00e-01,-7.40e+00,
575,1.00e+01,2.00e-01,-7.60e+00,
576,1.02e+01,2.00e-01,-7.40e+00,
577,1.00e+01,4.00e-01,-7.60e+00,
578,1.02e+01,4.00e-01,-7.40e+00,
579,1.00e+01,2.00e-01,-7.60e+00,
580,1.02e+01,4.00e-01,-7.40e+00,
581,1.00e+01,2.00e-01,-7.60e+00,
582,1.02e+01,2.00e-01,-7.60e+00,
583,1.00e+01,4.00e-01,-7.40e+00,
584,1.02e+01,4.00e-01,-7.40e+00,
585,1.00e+01,2.00e-01,-7.60e+00,
586,1.02e+01,4.00e-01,-7.40e+00,
587,1.00e+01,2.00e-01,-7.60e+00,
588,1.02e+01,4.00e-01,-7.40e+00,
589,1.00e+01,2.00e-01,-7.60e+00,
590,1.02e+01,4.00e-01,-7.60e+00,
591,1.00e+01,2.00e-01,-7.40e+00,
592,1.02e+01,2.00e-01,-7.60e+00,
593,1.00e+01,4.00e-01,-7.40e+00,
594,1.02e+01,2.00e-01,-9.40e+00,
595,9.80e+00,1.04e+01,6.00e-01,
596,1.02e+01,1.00e+01,2.00e-01,
597,1.00e+01,1.02e+01,4.00e-01,
598,1.02e+01,1.00e+01,2.00e-01,
599,1.00e+01,1.02e+01,4.00e-01,
600,1.02e+01,1.00e+01,2.00e-01,
601,1.00e+01,1.02e+01,4.00e-01,
602,1.02e+01,1.00e+01,2.00e-01,
603,1.00e+01,1.04e+01,4.00e-01,
604,1.02e+01,1.00e+01,2.00e-01,
605,1.00e+01,1.04e+01,4.00e-01,
606,1.00e+01,1.00e+01,2.00e-01,
607,1.02e+01,1.04e+01,4.00e-01,
608,1.02e+01,1.00e+01,2.00e-01,
609,1.00e+01,1.04e+01,4.00e-01,
610,1.00e+01,1.00e+01,2.00e-01,
611,1.02e+01,1.04e+01,4.00e-01,
612,1.00e+01,1.00e+01,2.00e-01,
613,1.02e+01,1.04e+01,4.00e-01,
614,1.02e+01,1.00e+01,4.00e-01,
615,1.00e+01,1.04e+01,2.00e-01,
616,1.02e+01,1.00e+01,2.00e-01,
617,1.00e+01,1.04e+01,4.00e-01,
618,1.02e+01,1.00e+01,2.00e-01,
619,1.00e+01,1.04e+01,4.00e-01,
620,1.02e+01,1.04e+01,2.00e-01,
621,1.00e+01,1.00e+01,4.00e-01,
622,1.00e+01,1.00e+01,2.00e-01,
623,1.02e+01,1.04e+01,4.00e-01,
624,1.02e+01,1.00e+01,2.00e-01,
625,1.00e+01,1.04e+01,4.00e-01,
626,1.02e+01,1.00e+01,2.00e-01,
627,1.00e+01,1.04e+01,4.00e-01,
628,1.00e+01,1.00e+01,2.00e-01,
629,1.02e+01,1.04e+01,4.00e-01,
630,1.02e+01,1.00e+01,2.00e-01,
631,1.00e+01,1.04e+01,4.00e-01,
632,1.02e+01,1.00e+01,2.00e-01,
633,1.00e+01,1.04e+01,4.00e-01,
634,1.02e+01,1.00e+01,4.00e-01,
635,1.00e+01,1.04e+01,2.00e-01,
636,1.00e+01,1.00e+01,4.00e-01,
637,1.02e+01,1.04e+01,2.00e-01,
638,1.02e+01,1.04e+01,2.00e-01,
639,1.00e+01,1.00e+01,4.00e-01,
640,1.02e+01,1.00e+01,2.00e-01,
641,1.00e+01,1.04e+01,4.00e-01,
642,1.02e+01,1.00e+01,2.00e-01,
643,1.00e+01,1.04e+01,4.00e-01,
644,1.00e+01,1.00e+01,2.00e-01,
645,1.02e+01,1.04e+01,4.00e-01,
646,1.02e+01,1.00e+01,2.00e-01,
647,1.00e+01,1.04e+01,4.00e-01,
648,1.02e+01,1.04e+01,2.00e-01,
649,1.00e+01,1.00e+01,4.00e-01,
650,1.02e+01,1.00e+01,2.00e-01,
651,1.00e+01,1.04e+01,4.00e-01,
652,1.02e+01,1.00e+01,4.00e-01,
653,1.00e+01,1.04e+01,2.00e-01,
654,1.02e+01,1.00e+01,2.00e-01,
655,1.00e+01,1.04e+01,4.00e-01,
656,1.02e+01,1.00e+01,2.00e-01,
657,1.00e+01,1.04e+01,4.00e-01,
658,1.00e+01,1.04e+01,2.00e-01,
659,1.02e+01,1.00e+01,4.00e-01,
660,1.02e+01,1.00e+01,2.00e-01,
661,1.00e+01,1.04e+01,4.00e-01,
662,1.00e+01,1.00e+01,4.00e-01,
663,1.02e+01,1.04e+01,2.00e-01,
664,1.02e+01,1.00e+01,2.00e-01,
665,1.00e+01,1.04e+01,4.00e-01,
666,1.02e+01,1.04e+01,2.00e-01,
667,1.00e+01,1.00e+01,4.00e-01,
668,1.02e+01,1.00e+01,2.00e-01,
669,1.00e+01,1.04e+01,4.00e-01,
670,1.00e+01,1.00e+01,2.00e-01,
671,1.02e+01,1.04e+01,4.00e-01,
672,1.02e+01,1.00e+01,2.00e-01,
673,1.00e+01,1.04e+01,4.00e-01,
674,1.02e+01,1.04e+01,2.00e-01,
675,1.00e+01,1.00e+01,4.00e-01,
676,1.00e+01,1.00e+01,4.00e-01,
677,1.02e+01,1.04e+01,2.00e-01,
678,1.02e+01,1.00e+01,2.00e-01,
679,1.00e+01,1.04e+01,4.00e-01,
680,1.02e+01,1.00e+01,4.00e-01,
681,1.00e+01,1.04e+01,2.00e-01,
682,1.00e+01,1.00e+01,4.00e-01,
683,1.02e+01,1.04e+01,2.00e-01,
684,1.02e+01,1.00e+01,4.00e-01,
685,1.00e+01,1.04e+01,2.00e-01,
686,1.02e+01,1.00e+01,2.00e-01,
687,1.00e+01,1.04e+01,4.00e-01,
688,1.02e+01,1.00e+01,4.00e-01,
689,1.00e+01,1.04e+01,2.00e-01,
690,1.02e+01,1.00e+01,2.00e-01,
691,1.00e+01,1.04e+01,4.00e-01,
692,1.02e+01,1.00e+01,2.00e-01,
693,1.00e+01,1.04e+01,4.00e-01,
694,1.00e+01,1.00e+01,4.00e-01,
695,1.02e+01,1.04e+01,2.00e-01,
696,1.02e+01,1.00e+01,2.00e-01,
697,1.00e+01,1.04e+01,4.00e-01,
698,1.02e+01,1.00e+01,2.00e-01,
699,1.00e+01,1.04e+01,4.00e-01,
700,1.02e+01,1.00e+01,4.00e-01,
701,1.00e+01,1.04e+01,2.00e-01,
702,1.00e+01,1.00e+01,2.00e-01,
703,1.02e+01,1.04e+01,4.00e-01,
704,1.02e+01,1.00e+01,2.00e-01,
705,1.00e+01,1.04e+01,4.00e-01,
706,1.02e+01,1.00e+01,4.00e-01,
707,1.00e+01,1.04e+01,2.00e-01,
708,1.02e+01,1.04e+01,4.00e-01,
709,1.00e+01,1.00e+01,2.00e-01,
710,1.02e+01,1.00e+01,2.00e-01,
711,1.00e+01,1.04e+01,4.00e-01,
712,1.02e+01,1.00e+01,2.00e-01,
713,1.00e+01,1.04e+01,4.00e-01,
714,1.02e+01,1.00e+01,4.00e-01,
715,-2.00e-01,1.04e+01,2.00e-01,
716,0.00e+00,1.00e+01,2.00e-01,
717,6.00e-01,1.04e+01,4.00e-01,
718,0.00e+00,1.00e+01,2.00e-01,
719,6.00e-01,1.04e+01,4.00e-01,
720,0.00e+00,1.00e+01,2.00e-01,
721,6.00e-01,1.04e+01,4.00e-01,
722,6.00e-01,1.00e+01,2.00e-01,
723,0.00e+00,1.04e+01,4.00e-01,
724,0.00e+00,1.04e+01,2.00e-01,
725,6.00e-01,1.00e+01,4.00e-01,
726,0.00e+00,1.00e+01,2.00e-01,
727,6.00e-01,1.04e+01,4.00e-01,
728,6.00e-01,1.00e+01,2.00e-01,
729,0.00e+00,1.04e+01,4.00e-01,
730,0.00e+00,1.00e+01,4.00e-01,
731,6.00e-01,1.04e+01,2.00e-01,
732,4.00e-01,1.00e+01,2.00e-01,
733,0.00e+00,1.04e+01,4.00e-01,
734,0.00e+00,1.00e+01,2.00e-01,
735,6.00e-01,1.04e+01,4.00e-01,
736,0.00e+00,1.00e+01,2.00e-01,
737,4.00e-01,1.04e+01,4.00e-01,
738,0.00e+00,1.04e+01,2.00e-01,
739,4.00e-01,1.00e+01,4.00e-01,
740,0.00e+00,1.00e+01,2.00e-01,
741,6.00e-01,1.04e+01,4.00e-01,
742,4.00e-01,1.00e+01,2.00e-01,
743,0.00e+00,1.04e+01,4.00e-01,
744,0.00e+00,1.00e+01,2.00e-01,
745,6.00e-01,1.04e+01,4.00e-01,
746,4.00e-01,1.04e+01,2.00e-01,
747,0.00e+00,1.00e+01,4.00e-01,
748,4.00e-01,1.00e+01,2.00e-01,
749,0.00e+00,1.04e+01,4.00e-01,
750,0.00e+00,1.00e+01,2.00e-01,
751,6.00e-01,1.04e+01,4.00e-01,
752,0.00e+00,1.00e+01,2.00e-01,
753,6.00e-01,1.04e+01,4.00e-01,
754,0.00e+00,1.00e+01,2.00e-01,
755,6.00e-01,1.04e+01,4.00e-01,
756,0.00e+00,1.00e+01,2.00e-01,
757,4.00e-01,1.04e+01,4.00e-01,
758,0.00e+00,1.00e+01,2.00e-01,
759,4.00e-01,1.04e+01,4.00e-01,
760,0.00e+00,1.00e+01,2.00e-01,
761,6.00e-01,1.04e+01,4.00e-01,
762,0.00e+00,1.04e+01,2.00e-01,
763,4.00e-01,1.00e+01,4.00e-01,
764,4.00e-01,1.04e+01,2.00e-01,
765,0.00e+00,1.00e+01,4.00e-01,
766,0.00e+00,1.00e+01,2.00e-01,
767,6.00e-01,1.04e+01,4.00e-01,
768,2.00e-01,1.00e+01,2.00e-01,
769,0.00e+00,1.04e+01,4.00e-01,
770,2.00e-01,1.00e+01,2.00e-01,
771,0.00e+00,1.04e+01,4.00e-01,
772,0.00e+00,1.00e+01,2.00e-01,
773,4.00e-01,1.04e+01,4.00e-01,
774,2.00e-01,1.00e+01,2.00e-01,
775,0.00e+00,1.04e+01,4.00e-01,
776,0.00e+00,1.00e+01,2.00e-01,
777,4.00e-01,1.04e+01,4.00e-01,
778,4.00e-01,1.00e+01,4.00e-01,
779,0.00e+00,1.04e+01,2.00e-01,
780,0.00e+00,1.00e+01,2.00e-01,
781,4.00e-01,1.04e+01,4.00e-01,
782,0.00e+00,1.00e+01,2.00e-01,
783,6.00e-01,1.04e+01,4.00e-01,
784,0.00e+00,1.00e+01,4.00e-01,
785,6.00e-01,1.04e+01,2.00e-01,
786,0.00e+00,1.00e+01,2.00e-01,
787,6.00e-01,1.04e+01,4.00e-01,
788,0.00e+00,1.00e+01,4.00e-01,
789,4.00e-01,1.04e+01,2.00e-01,
790,0.00e+00,1.04e+01,2.00e-01,
791,4.00e-01,1.00e+01,4.00e-01,
792,0.00e+00,1.00e+01,2.00e-01,
793,6.00e-01,1.04e+01,4.00e-01,
794,0.00e+00,1.00e+01,2.00e-01,
795,4.00e-01,1.04e+01,4.00e-01,
796,0.00e+00,1.00e+01,4.00e-01,
797,6.00e-01,1.04e+01,2.00e-01,
798,0.00e+00,1.00e+01,4.00e-01,
799,4.00e-01,1.04e+01,2.00e-01,
800,0.00e+00,1.00e+01,2.00e-01,
801,4.00e-01,1.04e+01,4.00e-01,
802,0.00e+00,1.00e+01,2.00e-01,
803,4.00e-01,1.04e+01,4.00e-01,
804,0.00e+00,1.04e+01,2.00e-01,
805,4.00e-01,1.00e+01,4.00e-01,
806,2.00e-01,1.00e+01,2.00e-01,
807,0.00e+00,1.04e+01,4.00e-01,
808,0.00e+00,1.00e+01,4.00e-01,
809,4.00e-01,1.04e+01,2.00e-01,
810,0.00e+00,1.00e+01,2.00e-01,
811,6.00e-01,1.04e+01,4.00e-01,
812,0.00e+00,1.00e+01,2.00e-01,
813,4.00e-01,1.04e+01,4.00e-01,
814,0.00e+00,1.00e+01,4.00e-01,
815,4.00e-01,1.04e+01,2.00e-01,
816,0.00e+00,1.00e+01,2.00e-01,
817,4.00e-01,1.04e+01,4.00e-01,
818,4.00e-01,1.04e+01,4.00e-01,
819,0.00e+00,1.00e+01,2.00e-01,
820,0.00e+00,1.00e+01,4.00e-01,
821,6.00e-01,1.04e+01,2.00e-01,
822,0.00e+00,1.00e+01,2.00e-01,
823,4.00e-01,1.04e+01,4.00e-01,
824,0.00e+00,1.00e+01,2.00e-01,
825,6.00e-01,1.04e+01,4.00e-01,
826,2.00e-01,1.00e+01,2.00e-01,
827,0.00e+00,1.04e+01,4.00e-01,
828,0.00e+00,1.04e+01,2.00e-01,
829,4.00e-01,1.00e+01,4.00e-01,
830,0.00e+00,1.04e+01,4.00e-01,
831,6.00e-01,1.00e+01,2.00e-01,
832,0.00e+00,1.00e+01,2.00e-01,
833,4.00e-01,1.04e+01,4.00e-01,
834,0.00e+00,1.04e+01,2.00e-01,
835,6.00e-01,1.00e+01,4.00e-01,
836,0.00e+00,1.00e+01,4.00e-01,
837,4.00e-01,1.04e+01,2.00e-01,
838,6.00e-01,1.00e+01,4.00e-01,
839,0.00e+00,1.04e+01,2.00e-01,
840,0.00e+00,1.00e+01,2.00e-01,
841,6.00e-01,1.04e+01,4.00e-01,
842,0.00e+00,1.00e+01,2.00e-01,
843,6.00e-01,1.04e+01,4.00e-01,
844,0.00e+00,1.04e+01,2.00e-01,
845,6.00e-01,2.00e-01,4.00e-01,
846,0.00e+00,4.00e-01,4.00e-01,
847,6.00e-01,2.00e-01,2.00e-01,
848,0.00e+00,4.00e-01,4.00e-01,
849,6.00e-01,2.00e-01,2.00e-01,
850,0.00e+00,4.00e-01,2.00e-01,
851,4.00e-01,2.00e-01,4.00e-01,
852,0.00e+00,2.00e-01,4.00e-01,
853,4.00e-01,4.00e-01,2.00e-01,
854,0.00e+00,4.00e-01,2.00e-01,
855,4.00e-01,2.00e-01,4.00e-01,
856,0.00e+00,4.00e-01,4.00e-01,
857,6.00e-01,2.00e-01,2.00e-01,
858,4.00e-01,2.00e-01,2.00e-01,
859,0.00e+00,4.00e-01,4.00e-01,
860,0.00e+00,4.00e-01,2.00e-01,
861,4.00e-01,2.00e-01,4.00e-01,
862,0.00e+00,4.00e-01,4.00e-01,
863,6.00e-01,2.00e-01,2.00e-01,
864,4.00e-01,2.00e-01,2.00e-01,
865,0.00e+00,4.00e-01,4.00e-01,
866,0.00e+00,2.00e-01,2.00e-01,
867,4.00e-01,4.00e-01,4.00e-01,
868,0.00e+00,2.00e-01,2.00e-01,
869,6.00e-01,4.00e-01,4.00e-01,
870,4.00e-01,2.00e-01,2.00e-01,
871,0.00e+00,4.00e-01,4.00e-01,
872,0.00e+00,4.00e-01,4.00e-01,
873,6.00e-01,2.00e-01,2.00e-01,
874,0.00e+00,4.00e-01,2.00e-01,
875,6.00e-01,2.00e-01,4.00e-01,
876,0.00e+00,2.00e-01,2.00e-01,
877,6.00e-01,4.00e-01,4.00e-01,
878,0.00e+00,4.00e-01,2.00e-01,
879,6.00e-01,2.00e-01,4.00e-01,
880,0.00e+00,2.00e-01,2.00e-01,
881,6.00e-01,4.00e-01,4.00e-01,
882,0.00e+00,2.00e-01,2.00e-01,
883,6.00e-01,4.00e-01,4.00e-01,
884,0.00e+00,4.00e-01,2.00e-01,
885,6.00e-01,2.00e-01,4.00e-01,
886,6.00e-01,2.00e-01,4.00e-01,
887,0.00e+00,4.00e-01,2.00e-01,
888,0.00e+00,2.00e-01,2.00e-01,
889,4.00e-01,4.00e-01,4.00e-01,
890,0.00e+00,2.00e-01,2.00e-01,
891,6.00e-01,4.00e-01,4.00e-01,
892,4.00e-01,4.00e-01,2.00e-01,
893,0.00e+00,2.00e-01,4.00e-01,
894,0.00e+00,2.00e-01,2.00e-01,
895,6.00e-01,4.00e-01,4.00e-01,
896,0.00e+00,2.00e-01,4.00e-01,
897,4.00e-01,4.00e-01,2.00e-01,
898,0.00e+00,2.00e-01,2.00e-01,
899,4.00e-01,4.00e-01,4.00e-01,
900,2.00e-01,2.00e-01,2.00e-01,
901,0.00e+00,4.00e-01,4.00e-01,
902,0.00e+00,2.00e-01,2.00e-01,
903,4.00e-01,4.00e-01,4.00e-01,
904,0.00e+00,4.00e-01,2.00e-01,
905,4.00e-01,2.00e-01,4.00e-01,
906,0.00e+00,2.00e-01,4.00e-01,
907,6.00e-01,4.00e-01,2.00e-01,
908,0.00e+00,4.00e-01,2.00e-01,
909,6.00e-01,2.00e-01,4.00e-01,
910,0.00e+00,4.00e-01,2.00e-01,
911,4.00e-01,2.00e-01,4.00e-01,
912,0.00e+00,2.00e-01,2.00e-01,
913,4.00e-01,4.00e-01,4.00e-01,
914,0.00e+00,2.00e-01,2.00e-01,
915,6.00e-01,4.00e-01,4.00e-01,
916,4.00e-01,2.00e-01,4.00e-01,
917,0.00e+00,4.00e-01,2.00e-01,
918,0.00e+00,2.00e-01,4.00e-01,
919,4.00e-01,4.00e-01,2.00e-01,
920,2.00e-01,2.00e-01,2.00e-01,
921,0.00e+00,4.00e-01,4.00e-01,
922,2.00e-01,4.00e-01,2.00e-01,
923,0.00e+00,2.00e-01,4.00e-01,
924,0.00e+00,2.00e-01,4.00e-01,
925,4.00e-01,4.00e-01,2.00e-01,
926,0.00e+00,2.00e-01,2.00e-01,
927,4.00e-01,4.00e-01,4.00e-01,
928,0.00e+00,2.00e-01,2.00e-01,
929,2.00e-01,4.00e-01,4.00e-01,
930,0.00e+00,2.00e-01,2.00e-01,
931,4.00e-01,4.00e-01,4.00e-01,
932,0.00e+00,2.00e-01,4.00e-01,
933,4.00e-01,4.00e-01,2.00e-01,
934,0.00e+00,2.00e-01,4.00e-01,
935,4.00e-01,4.00e-01,2.00e-01,
936,2.00e-01,4.00e-01,2.00e-01,
937,0.00e+00,2.00e-01,4.00e-01,
938,0.00e+00,2.00e-01,2.00e-01,
939,4.00e-01,4.00e-01,4.00e-01,
940,0.00e+00,2.00e-01,2.00e-01,
941,6.00e-01,4.00e-01,4.00e-01,
942,0.00e+00,4.00e-01,2.00e-01,
943,4.00e-01,2.00e-01,4.00e-01,
944,0.00e+00,4.00e-01,2.00e-01,
945,4.00e-01,2.00e-01,4.00e-01,
946,0.00e+00,4.00e-01,2.00e-01,
947,4.00e-01,2.00e-01,4.00e-01,
948,0.00e+00,4.00e-01,2.00e-01,
949,4.00e-01,2.00e-01,4.00e-01,
950,2.00e-01,4.00e-01,2.00e-01,
951,0.00e+00,2.00e-01,4.00e-01,
952,2.00e-01,2.00e-01,2.00e-01,
953,0.00e+00,4.00e-01,4.00e-01,
954,0.00e+00,4.00e-01,2.00e-01,
955,4.00e-01,2.00e-01,4.00e-01,
956,2.00e-01,2.00e-01,4.00e-01,
957,0.00e+00,4.00e-01,2.00e-01,
958,0.00e+00,2.00e-01,2.00e-01,
959,4.00e-01,4.00e-01,4.00e-01,
960,0.00e+00,2.00e-01,2.00e-01,
961,6.00e-01,4.00e-01,4.00e-01,
962,0.00e+00,2.00e-01,2.00e-01,
963,6.00e-01,4.00e-01,4.00e-01,
964,0.00e+00,4.00e-01,1.60e+00,
965,1.04e+01,2.00e-01,-7.80e+00,
966,1.02e+01,2.00e-01,-7.40e+00,
967,1.00e+01,4.00e-01,-7.60e+00,
968,1.00e+01,4.00e-01,-7.40e+00,
969,1.02e+01,2.00e-01,-7.60e+00,
970,1.02e+01,4.00e-01,-7.40e+00,
971,1.00e+01,2.00e-01,-7.60e+00,
972,1.02e+01,2.00e-01,-7.40e+00,
973,1.00e+01,4.00e-01,-7.60e+00,
974,1.00e+01,4.00e-01,-7.40e+00,
975,1.02e+01,2.00e-01,-7.60e+00,
976,1.02e+01,2.00e-01,-7.60e+00,
977,1.00e+01,4.00e-01,-7.40e+00,
978,1.02e+01,2.00e-01,-7.40e+00,
979,1.00e+01,4.00e-01,-7.60e+00,
980,1.02e+01,4.00e-01,-7.40e+00,
981,1.00e+01,2.00e-01,-7.60e+00,
982,1.00e+01,2.00e-01,-7.40e+00,
983,1.02e+01,4.00e-01,-7.60e+00,
984,1.00e+01,4.00e-01,-7.40e+00,
985,1.02e+01,2.00e-01,-7.60e+00,
986,1.00e+01,2.00e-01,-7.40e+00,
987,1.02e+01,4.00e-01,-7.60e+00,
988,1.02e+01,2.00e-01,-7.40e+00,
989,1.00e+01,4.00e-01,-7.60e+00,
990,1.02e+01,4.00e-01,-7.60e+00,
991,1.00e+01,2.00e-01,-7.40e+00,
992,1.02e+01,2.00e-01,-7.40e+00,
993,1.00e+01,4.00e-01,-7.60e+00,
994,1.02e+01,4.00e-01,-7.40e+00,
995,1.00e+01,2.00e-01,-7.60e+00,
996,1.02e+01,2.00e-01,-7.40e+00,
997,1.00e+01,4.00e-01,-7.60e+00,
998,1.02e+01,2.00e-01,-7.60e+00,
999,1.00e+01,4.00e-01,-7.40e+00,
1000,1.02e+01,4.00e-01,-7.40e+00,
1001,1.00e+01,2.00e-01,-7.60e+00,
1002,1.02e+01,4.00e-01,-7.40e+00,
1003,1.00e+01,2.00e-01,-7.60e+00,
1004,1.00e+01,2.00e-01,-7.40e+00,
1005,1.02e+01,4.00e-01,-7.60e+00,
1006,1.02e+01,2.00e-01,-7.60e+00,
1007,1.00e+01,4.00e-01,-7.40e+00,
1008,1.00e+01,2.00e-01,-7.40e+00,
1009,1.02e+01,4.00e-01,-7.60e+00,
1010,1.00e+01,2.00e-01,-7.40e+00,
1011,1.02e+01,4.00e-01,-7.60e+00,
1012,1.00e+01,2.00e-01,-7.40e+00,
1013,1.02e+01,4.00e-01,-7.60e+00,
1014,1.00e+01,4.00e-01,-7.40e+00,
1015,1.02e+01,2.00e-01,-7.60e+00,
1016,1.02e+01,4.00e-01,-7.40e+00,
1017,1.00e+01,2.00e-01,-7.60e+00,
1018,1.00e+01,2.00e-01,-7.40e+00,
1019,1.02e+01,4.00e-01,-7.60e+00,
1020,1.02e+01,4.00e-01,-7.40e+00,
1021,1.00e+01,2.00e-01,-7.60e+00,
1022,1.02e+01,4.00e-01,-7.40e+00,
1023,1.00e+01,2.00e-01,-7.60e+00,
1024,1.02e+01,2.00e-01,-7.40e+00,
1025,1.00e+01,4.00e-01,-7.60e+00,
1026,1.02e+01,2.00e-01,-7.40e+00,
1027,1.00e+01,4.00e-01,-7.60e+00,
1028,1.02e+01,4.00e-01,-7.40e+00,
1029,1.00e+01,2.00e-01,-7.60e+00,
1030,1.02e+01,2.00e-01,-7.60e+00,
1031,1.00e+01,4.00e-01,-7.40e+00,
1032,1.02e+01,4.00e-01,-7.40e+00,
1033,1.00e+01,2.00e-01,-7.60e+00,
1034,1.00e+01,4.00e-01,-7.40e+00,
1035,1.02e+01,2.00e-01,-7.60e+00,
1036,1.02e+01,4.00e-01,-7.40e+00,
1037,1.00e+01,2.00e-01,-7.60e+00,
1038,1.02e+01,4.00e-01,-7.60e+00,
1039,1.00e+01,2.00e-01,-7.40e+00,
1040,1.02e+01,4.00e-01,-7.40e+00,
1041,1.00e+01,2.00e-01,-7.60e+00,
1042,1.02e+01,4.00e-01,-7.60e+00,
1043,1.00e+01,2.00e-01,-7.40e+00,
1044,1.02e+01,2.00e-01,-7.40e+00,
1045,1.00e+01,4.00e-01,-7.60e+00,
1046,1.02e+01,2.00e-01,-7.40e+00,
1047,1.00e+01,4.00e-01,-7.60e+00,
1048,1.02e+01,4.00e-01,-7.40e+00,
1049,1.00e+01,2.00e-01,-7.60e+00,
1050,1.02e+01,2.00e-01,-7.40e+00,
1051,1.00e+01,4.00e-01,-7.60e+00,
1052,1.02e+01,2.00e-01,-7.40e+00,
1053,1.00e+01,4.00e-01,-7.60e+00,
1054,1.02e+01,4.00e-01,-7.40e+00,
1055,1.00e+01,2.00e-01,-7.60e+00,
1056,1.02e+01,2.00e-01,-7.40e+00,
1057,1.00e+01,4.00e-01,-7.60e+00,
1058,1.00e+01,2.00e-01,-7.40e+00,
1059,1.02e+01,4.00e-01,-7.60e+00,
1060,1.02e+01,2.00e-01,-7.40e+00,
1061,1.00e+01,4.00e-01,-7.60e+00,
1062,1.02e+01,4.00e-01,-7.40e+00,
1063,1.00e+01,2.00e-01,-7.60e+00,
1064,1.02e+01,4.00e-01,-7.40e+00,
1065,1.00e+01,2.00e-01,-7.60e+00,
1066,1.02e+01,4.00e-01,-7.40e+00,
1067,1.00e+01,2.00e-01,-7.60e+00,
1068,1.02e+01,4.00e-01,-7.60e+00,
1069,1.00e+01,2.00e-01,-7.40e+00,
1070,1.02e+01,2.00e-01,-7.40e+00,
1071,1.00e+01,4.00e-01,-7.60e+00,
1072,1.02e+01,2.00e-01,-7.60e+00,
1073,1.00e+01,4.00e-01,-7.40e+00,
1074,1.00e+01,2.00e-01,-7.40e+00,
1075,1.02e+01,4.00e-01,-7.60e+00,
1076,1.02e+01,4.00e-01,-7.40e+00,
1077,1.00e+01,2.00e-01,-7.60e+00,
1078,1.02e+01,2.00e-01,-7.40e+00,
1079,1.00e+01,4.00e-01,-7.60e+00,
1080,1.00e+01,2.00e-01,-7.40e+00,
1081,1.02e+01,4.00e-01,-7.60e+00,
1082,1.02e+01,2.00e-01,-7.40e+00,
1083,1.00e+01,4.00e-01,-7.60e+00,
1084,1.02e+01,2.00e-01,-7.40e+00,
1085,1.00e+01,4.00e-01,-7.60e+00,
1086,1.02e+01,4.00e-01,-7.40e+00,
1087,1.00e+01,2.00e-01,-7.60e+00,
1088,1.02e+01,4.00e-01,-7.40e+00,
1089,1.00e+01,2.00e-01,-7.60e+00,
1090,1.02e+01,4.00e-01,-7.40e+00,
1091,1.00e+01,2.00e-01,-7.60e+00,
1092,1.00e+01,4.00e-01,-7.40e+00,
1093,1.02e+01,2.00e-01,-7.60e+00,
1094,1.02e+01,2.00e-01,-9.40e+00,
1095,9.80e+00,1.06e+01,6.00e-01,
1096,1.02e+01,1.00e+01,6.00e-01,
1097,1.00e+01,1.04e+01,2.00e-01,
1098,1.02e+01,1.00e+01,2.00e-01,
1099,1.00e+01,1.04e+01,4.00e-01,
1100,1.02e+01,1.00e+01,2.00e-01,
1101,1.00e+01,1.04e+01,4.00e-01,
1102,1.02e+01,1.00e+01,2.00e-01,
1103,1.00e+01,1.04e+01,4.00e-01,
1104,1.02e+01,1.00e+01,2.00e-01,
1105,1.00e+01,1.04e+01,4.00e-01,
1106,1.02e+01,1.00e+01,2.00e-01,
1107,1.00e+01,1.04e+01,4.00e-01,
1108,1.00e+01,1.00e+01,2.00e-01,
1109,1.02e+01,1.04e+01,4.00e-01,
1110,1.02e+01,1.00e+01,2.00e-01,
1111,1.00e+01,1.04e+01,4.00e-01,
1112,1.02e+01,1.00e+01,2.00e-01,
1113,1.00e+01,1.04e+01,4.00e-01,
1114,1.02e+01,1.00e+01,2.00e-01,
1115,1.00e+01,1.04e+01,4.00e-01,
1116,1.02e+01,1.04e+01,2.00e-01,
1117,1.00e+01,1.00e+01,4.00e-01,
1118,1.02e+01,1.04e+01,4.00e-01,
1119,1.00e+01,1.00e+01,2.00e-01,
1120,1.02e+01,1.00e+01,4.00e-01,
1121,1.00e+01,1.04e+01,2.00e-01,
1122,1.02e+01,1.00e+01,2.00e-01,
1123,1.00e+01,1.04e+01,4.00e-01,
1124,1.00e+01,1.00e+01,2.00e-01,
1125,1.02e+01,1.04e+01,4.00e-01,
1126,1.02e+01,1.04e+01,2.00e-01,
1127,1.00e+01,1.00e+01,4.00e-01,
1128,1.02e+01,1.00e+01,2.00e-01,
1129,1.00e+01,1.04e+01,4.00e-01,
1130,1.02e+01,1.00e+01,4.00e-01,
1131,1.00e+01,1.04e+01,2.00e-01,
1132,1.02e+01,1.00e+01,4.00e-01,
1133,1.00e+01,1.04e+01,2.00e-01,
1134,1.02e+01,1.00e+01,2.00e-01,
1135,1.00e+01,1.04e+01,4.00e-01,
1136,1.02e+01,1.00e+01,4.00e-01,
1137,1.00e+01,1.04e+01,2.00e-01,
1138,1.02e+01,1.00e+01,2.00e-01,
1139,1.00e+01,1.04e+01,4.00e-01,
1140,1.00e+01,1.00e+01,2.00e-01,
1141,1.02e+01,1.04e+01,4.00e-01,
1142,1.00e+01,1.00e+01,2.00e-01,
1143,1.02e+01,1.04e+01,4.00e-01,
1144,1.02e+01,1.00e+01,2.00e-01,
1145,1.00e+01,1.04e+01,4.00e-01,
1146,1.02e+01,1.00e+01,2.00e-01,
1147,1.00e+01,1.04e+01,4.00e-01,
1148,1.02e+01,1.00e+01,2.00e-01,
1149,1.00e+01,1.04e+01,4.00e-01,
1150,1.02e+01,1.00e+01,2.00e-01,
1151,1.00e+01,1.04e+01,4.00e-01,
1152,1.00e+01,1.04e+01,2.00e-01,
1153,1.02e+01,1.00e+01,4.00e-01,
1154,1.02e+01,1.00e+01,2.00e-01,
1155,1.00e+01,1.04e+01,4.00e-01,
1156,1.00e+01,1.04e+01,2.00e-01,
1157,1.02e+01,1.00e+01,4.00e-01,
1158,1.00e+01,1.00e+01,2.00e-01,
1159,1.02e+01,1.04e+01,4.00e-01,
1160,1.00e+01,1.00e+01,2.00e-01,
1161,1.02e+01,1.04e+01,4.00e-01,
1162,1.02e+01,1.00e+01,4.00e-01,
1163,1.00e+01,1.04e+01,2.00e-01,
1164,1.02e+01,1.00e+01,2.00e-01,
1165,1.00e+01,1.04e+01,4.00e-01,
1166,1.02e+01,1.00e+01,4.00e-01,
1167,1.00e+01,1.04e+01,2.00e-01,
1168,1.02e+01,1.04e+01,4.00e-01,
1169,1.00e+01,1.00e+01,2.00e-01,
1170,1.02e+01,1.00e+01,2.00e-01,
1171,1.00e+01,1.04e+01,4.00e-01,
1172,1.02e+01,1.00e+01,2.00e-01,
1173,1.00e+01,1.04e+01,4.00e-01,
1174,1.02e+01,1.00e+01,2.00e-01,
1175,1.00e+01,1.04e+01,4.00e-01,
1176,1.02e+01,1.00e+01,2.00e-01,
1177,1.00e+01,1.04e+01,4.00e-01,
1178,1.00e+01,1.00e+01,2.00e-01,
1179,1.02e+01,1.04e+01,4.00e-01,
1180,1.00e+01,1.00e+01,4.00e-01,
1181,1.02e+01,1.04e+01,2.00e-01,
1182,1.02e+01,1.00e+01,2.00e-01,
1183,1.00e+01,1.04e+01,4.00e-01,
1184,1.02e+01,1.00e+01,2.00e-01,
1185,1.00e+01,1.04e+01,4.00e-01,
1186,1.00e+01,1.00e+01,2.00e-01,
1187,1.02e+01,1.04e+01,4.00e-01,
1188,1.02e+01,1.00e+01,2.00e-01,
1189,1.00e+01,1.04e+01,4.00e-01,
1190,1.02e+01,1.00e+01,2.00e-01,
1191,1.00e+01,1.04e+01,4.00e-01,
1192,1.02e+01,1.04e+01,2.00e-01,
1193,1.00e+01,1.00e+01,4.00e-01,
1194,1.02e+01,1.00e+01,2.00e-01,
1195,1.00e+01,1.04e+01,4.00e-01,
1196,1.00e+01,1.00e+01,2.00e-01,
1197,1.02e+01,1.04e+01,4.00e-01,
1198,1.00e+01,1.04e+01,2.00e-01,
1199,1.02e+01,1.00e+01,4.00e-01,
